[     618ms] Unexpected token '<'
[    1729ms] [ERROR] Failed to find a valid digest in the 'integrity' attribute for resource 'http://localhost:5050/sport_files/v4513226cdae34746b4dedf0b4dfa099e1781791509496' with computed SHA-512 integrity 'CpHkeXwymh004TY8xUjK8lkOEqlnr0vDCdBGjA2ylugpltmkKhYDlaZwjoxjE7m7IBDMCkXlQQ1ogYy9jx7DMQ=='. The resource has been blocked. @ http://localhost:5050/sport:4363
[    2131ms] [ERROR] Failed to find a valid digest in the 'integrity' attribute for resource 'http://localhost:5050/sport_files/sport_files/jquery-3.5.1.min.js.download' with computed SHA-256 integrity 'DTTrzNOcAFDsdlQsy4HsrlWlISIc+wORMQC4XlHhmXU='. The resource has been blocked. @ http://localhost:5050/sport_files/saved_resource:0
[    2142ms] Unexpected token '<'
[    2831ms] Unexpected token '<'
[    2845ms] ReferenceError: $ is not defined
    at http://localhost:5050/sport_files/saved_resource:4178:1
[    2852ms] Unexpected token '<'
[    2881ms] Unexpected token '<'
[    2904ms] Unexpected token '<'
[    2919ms] Unexpected token '<'
[    2926ms] Unexpected token '<'
[    2963ms] Unexpected token '<'
[    3160ms] Unexpected token '<'
[    3285ms] Unexpected token '<'
[    3302ms] Unexpected token '<'
[    3359ms] Unexpected token '<'
[    3581ms] Unexpected token '<'
[    3586ms] Unexpected token '<'
[    3598ms] Unexpected token '<'
[    3620ms] [ERROR] Failed to find a valid digest in the 'integrity' attribute for resource 'http://localhost:5050/sport_files/sport_files/v4513226cdae34746b4dedf0b4dfa099e1781791509496' with computed SHA-512 integrity 'CpHkeXwymh004TY8xUjK8lkOEqlnr0vDCdBGjA2ylugpltmkKhYDlaZwjoxjE7m7IBDMCkXlQQ1ogYy9jx7DMQ=='. The resource has been blocked. @ http://localhost:5050/sport_files/saved_resource:0
[    3625ms] Unexpected token '<'
[    4658ms] [ERROR] Failed to find a valid digest in the 'integrity' attribute for resource 'http://localhost:5050/sport_files/sport_files/sport_files/jquery-3.5.1.min.js.download' with computed SHA-256 integrity 'DTTrzNOcAFDsdlQsy4HsrlWlISIc+wORMQC4XlHhmXU='. The resource has been blocked. @ http://localhost:5050/sport_files/sport_files/saved_resource:0
[    4671ms] Unexpected token '<'
[    4846ms] Unexpected token '<'
[    4854ms] ReferenceError: $ is not defined
    at http://localhost:5050/sport_files/sport_files/saved_resource:4178:1
[    4859ms] Unexpected token '<'
[    5038ms] Unexpected token '<'
[    5051ms] Unexpected token '<'
[    5060ms] Unexpected token '<'
[    5067ms] Unexpected token '<'
[    5153ms] Unexpected token '<'
[    5265ms] Unexpected token '<'
[    5283ms] Unexpected token '<'
[    5289ms] Unexpected token '<'
[    5307ms] Unexpected token '<'
[    5554ms] Unexpected token '<'
[    5559ms] Unexpected token '<'
[    5572ms] Unexpected token '<'
[    5592ms] [ERROR] Failed to find a valid digest in the 'integrity' attribute for resource 'http://localhost:5050/sport_files/sport_files/sport_files/v4513226cdae34746b4dedf0b4dfa099e1781791509496' with computed SHA-512 integrity 'CpHkeXwymh004TY8xUjK8lkOEqlnr0vDCdBGjA2ylugpltmkKhYDlaZwjoxjE7m7IBDMCkXlQQ1ogYy9jx7DMQ=='. The resource has been blocked. @ http://localhost:5050/sport_files/sport_files/saved_resource:0
[    5597ms] Unexpected token '<'
[    6650ms] [ERROR] Failed to find a valid digest in the 'integrity' attribute for resource 'http://localhost:5050/sport_files/sport_files/sport_files/sport_files/jquery-3.5.1.min.js.download' with computed SHA-256 integrity 'DTTrzNOcAFDsdlQsy4HsrlWlISIc+wORMQC4XlHhmXU='. The resource has been blocked. @ http://localhost:5050/sport_files/sport_files/sport_files/saved_resource:0
[    6664ms] Unexpected token '<'
[    6834ms] Unexpected token '<'
[    6902ms] ReferenceError: $ is not defined
    at http://localhost:5050/sport_files/sport_files/sport_files/saved_resource:4178:1
[    6910ms] Unexpected token '<'
[    7353ms] Unexpected token '<'
[    7381ms] Unexpected token '<'
[    7387ms] Unexpected token '<'
[    7404ms] Unexpected token '<'
[    7412ms] Unexpected token '<'
[    7426ms] Unexpected token '<'
[    7433ms] Unexpected token '<'
[    7447ms] Unexpected token '<'
[    7453ms] Unexpected token '<'
[    7700ms] Unexpected token '<'
[    7703ms] Unexpected token '<'
[    7744ms] Unexpected token '<'
[    7757ms] [ERROR] Failed to find a valid digest in the 'integrity' attribute for resource 'http://localhost:5050/sport_files/sport_files/sport_files/sport_files/v4513226cdae34746b4dedf0b4dfa099e1781791509496' with computed SHA-512 integrity 'CpHkeXwymh004TY8xUjK8lkOEqlnr0vDCdBGjA2ylugpltmkKhYDlaZwjoxjE7m7IBDMCkXlQQ1ogYy9jx7DMQ=='. The resource has been blocked. @ http://localhost:5050/sport_files/sport_files/sport_files/saved_resource:0
[    7761ms] Unexpected token '<'
[    8993ms] [ERROR] Failed to find a valid digest in the 'integrity' attribute for resource 'http://localhost:5050/sport_files/sport_files/sport_files/sport_files/sport_files/jquery-3.5.1.min.js.download' with computed SHA-256 integrity 'DTTrzNOcAFDsdlQsy4HsrlWlISIc+wORMQC4XlHhmXU='. The resource has been blocked. @ http://localhost:5050/sport_files/sport_files/sport_files/sport_files/saved_resource:0
[    9015ms] Unexpected token '<'
[    9167ms] Unexpected token '<'
[    9214ms] ReferenceError: $ is not defined
    at http://localhost:5050/sport_files/sport_files/sport_files/sport_files/saved_resource:4178:1
[    9221ms] Unexpected token '<'
[    9381ms] Unexpected token '<'
[    9412ms] Unexpected token '<'
[    9424ms] Unexpected token '<'
[    9429ms] Unexpected token '<'
[    9438ms] Unexpected token '<'
[    9514ms] Unexpected token '<'
[    9581ms] Unexpected token '<'
[    9591ms] Unexpected token '<'
[    9695ms] Unexpected token '<'
[    9930ms] Unexpected token '<'
[    9937ms] Unexpected token '<'
[    9947ms] Unexpected token '<'
[    9977ms] [ERROR] Failed to find a valid digest in the 'integrity' attribute for resource 'http://localhost:5050/sport_files/sport_files/sport_files/sport_files/sport_files/v4513226cdae34746b4dedf0b4dfa099e1781791509496' with computed SHA-512 integrity 'CpHkeXwymh004TY8xUjK8lkOEqlnr0vDCdBGjA2ylugpltmkKhYDlaZwjoxjE7m7IBDMCkXlQQ1ogYy9jx7DMQ=='. The resource has been blocked. @ http://localhost:5050/sport_files/sport_files/sport_files/sport_files/saved_resource:0
[    9982ms] Unexpected token '<'
[   10860ms] [ERROR] Failed to find a valid digest in the 'integrity' attribute for resource 'http://localhost:5050/sport_files/sport_files/sport_files/sport_files/sport_files/sport_files/jquery-3.5.1.min.js.download' with computed SHA-256 integrity 'DTTrzNOcAFDsdlQsy4HsrlWlISIc+wORMQC4XlHhmXU='. The resource has been blocked. @ http://localhost:5050/sport_files/sport_files/sport_files/sport_files/sport_files/saved_resource:0
[   10878ms] Unexpected token '<'
[   11247ms] Unexpected token '<'
[   11253ms] ReferenceError: $ is not defined
    at http://localhost:5050/sport_files/sport_files/sport_files/sport_files/sport_files/saved_resource:4178:1
[   11258ms] Unexpected token '<'
[   11264ms] Unexpected token '<'
[   11275ms] Unexpected token '<'
[   11362ms] Unexpected token '<'
[   11450ms] Unexpected token '<'
[   11687ms] Unexpected token '<'
[   11704ms] Unexpected token '<'
[   11711ms] Unexpected token '<'
[   11725ms] Unexpected token '<'
[   11734ms] Unexpected token '<'
[   12013ms] Unexpected token '<'
[   12018ms] Unexpected token '<'
[   12034ms] Unexpected token '<'
[   12043ms] [ERROR] Failed to find a valid digest in the 'integrity' attribute for resource 'http://localhost:5050/sport_files/sport_files/sport_files/sport_files/sport_files/sport_files/v4513226cdae34746b4dedf0b4dfa099e1781791509496' with computed SHA-512 integrity 'CpHkeXwymh004TY8xUjK8lkOEqlnr0vDCdBGjA2ylugpltmkKhYDlaZwjoxjE7m7IBDMCkXlQQ1ogYy9jx7DMQ=='. The resource has been blocked. @ http://localhost:5050/sport_files/sport_files/sport_files/sport_files/sport_files/saved_resource:0
[   12048ms] Unexpected token '<'
[   13170ms] [ERROR] Failed to find a valid digest in the 'integrity' attribute for resource 'http://localhost:5050/sport_files/sport_files/sport_files/sport_files/sport_files/sport_files/sport_files/jquery-3.5.1.min.js.download' with computed SHA-256 integrity 'DTTrzNOcAFDsdlQsy4HsrlWlISIc+wORMQC4XlHhmXU='. The resource has been blocked. @ http://localhost:5050/sport_files/sport_files/sport_files/sport_files/sport_files/sport_files/saved_resource:0
[   13191ms] Unexpected token '<'
[   13364ms] Unexpected token '<'
[   13403ms] ReferenceError: $ is not defined
    at http://localhost:5050/sport_files/sport_files/sport_files/sport_files/sport_files/sport_files/saved_resource:4178:1
[   13412ms] Unexpected token '<'
[   13437ms] Unexpected token '<'
[   13443ms] Unexpected token '<'
[   13625ms] Unexpected token '<'
[   13631ms] Unexpected token '<'
[   13637ms] Unexpected token '<'
[   13863ms] Unexpected token '<'
[   13900ms] Unexpected token '<'
[   13962ms] Unexpected token '<'
[   13976ms] Unexpected token '<'
[   14450ms] Unexpected token '<'
[   14472ms] Unexpected token '<'
[   14478ms] Unexpected token '<'
[   14534ms] [ERROR] Failed to find a valid digest in the 'integrity' attribute for resource 'http://localhost:5050/sport_files/sport_files/sport_files/sport_files/sport_files/sport_files/sport_files/v4513226cdae34746b4dedf0b4dfa099e1781791509496' with computed SHA-512 integrity 'CpHkeXwymh004TY8xUjK8lkOEqlnr0vDCdBGjA2ylugpltmkKhYDlaZwjoxjE7m7IBDMCkXlQQ1ogYy9jx7DMQ=='. The resource has been blocked. @ http://localhost:5050/sport_files/sport_files/sport_files/sport_files/sport_files/sport_files/saved_resource:0
[   14540ms] Unexpected token '<'
[   16166ms] [ERROR] Failed to find a valid digest in the 'integrity' attribute for resource 'http://localhost:5050/sport_files/sport_files/sport_files/sport_files/sport_files/sport_files/sport_files/sport_files/jquery-3.5.1.min.js.download' with computed SHA-256 integrity 'DTTrzNOcAFDsdlQsy4HsrlWlISIc+wORMQC4XlHhmXU='. The resource has been blocked. @ http://localhost:5050/sport_files/sport_files/sport_files/sport_files/sport_files/sport_files/sport_files/saved_resource:0
[   16185ms] Unexpected token '<'
[   16668ms] Unexpected token '<'
[   16680ms] ReferenceError: $ is not defined
    at http://localhost:5050/sport_files/sport_files/sport_files/sport_files/sport_files/sport_files/sport_files/saved_resource:4178:1
[   16692ms] Unexpected token '<'
[   16704ms] Unexpected token '<'
[   16784ms] Unexpected token '<'
[   17001ms] Unexpected token '<'
[   17020ms] Unexpected token '<'
[   17090ms] Unexpected token '<'
[   17107ms] Unexpected token '<'
[   17114ms] Unexpected token '<'
[   17128ms] Unexpected token '<'
[   17134ms] Unexpected token '<'
[   17477ms] Unexpected token '<'
[   17483ms] Unexpected token '<'
[   17488ms] Unexpected token '<'
[   17507ms] [ERROR] Failed to find a valid digest in the 'integrity' attribute for resource 'http://localhost:5050/sport_files/sport_files/sport_files/sport_files/sport_files/sport_files/sport_files/sport_files/v4513226cdae34746b4dedf0b4dfa099e1781791509496' with computed SHA-512 integrity 'CpHkeXwymh004TY8xUjK8lkOEqlnr0vDCdBGjA2ylugpltmkKhYDlaZwjoxjE7m7IBDMCkXlQQ1ogYy9jx7DMQ=='. The resource has been blocked. @ http://localhost:5050/sport_files/sport_files/sport_files/sport_files/sport_files/sport_files/sport_files/saved_resource:0
[   17512ms] Unexpected token '<'
[   18397ms] [ERROR] Failed to find a valid digest in the 'integrity' attribute for resource 'http://localhost:5050/sport_files/sport_files/sport_files/sport_files/sport_files/sport_files/sport_files/sport_files/sport_files/jquery-3.5.1.min.js.download' with computed SHA-256 integrity 'DTTrzNOcAFDsdlQsy4HsrlWlISIc+wORMQC4XlHhmXU='. The resource has been blocked. @ http://localhost:5050/sport_files/sport_files/sport_files/sport_files/sport_files/sport_files/sport_files/sport_files/saved_resource:0
[   18562ms] Unexpected token '<'
[   18928ms] Unexpected token '<'
[   18929ms] ReferenceError: $ is not defined
    at http://localhost:5050/sport_files/sport_files/sport_files/sport_files/sport_files/sport_files/sport_files/sport_files/saved_resource:4178:1
[   18936ms] Unexpected token '<'
[   18954ms] Unexpected token '<'
[   18967ms] Unexpected token '<'
[   18971ms] Unexpected token '<'
[   19108ms] Unexpected token '<'
[   19259ms] Unexpected token '<'
[   19268ms] Unexpected token '<'
[   19299ms] Unexpected token '<'
[   19327ms] Unexpected token '<'
[   19342ms] Unexpected token '<'
[   19653ms] Unexpected token '<'
[   19659ms] Unexpected token '<'
[   19674ms] Unexpected token '<'
[   19700ms] [ERROR] Failed to find a valid digest in the 'integrity' attribute for resource 'http://localhost:5050/sport_files/sport_files/sport_files/sport_files/sport_files/sport_files/sport_files/sport_files/sport_files/v4513226cdae34746b4dedf0b4dfa099e1781791509496' with computed SHA-512 integrity 'CpHkeXwymh004TY8xUjK8lkOEqlnr0vDCdBGjA2ylugpltmkKhYDlaZwjoxjE7m7IBDMCkXlQQ1ogYy9jx7DMQ=='. The resource has been blocked. @ http://localhost:5050/sport_files/sport_files/sport_files/sport_files/sport_files/sport_files/sport_files/sport_files/saved_resource:0
[   19706ms] Unexpected token '<'
[   20786ms] [ERROR] Failed to find a valid digest in the 'integrity' attribute for resource 'http://localhost:5050/sport_files/sport_files/sport_files/sport_files/sport_files/sport_files/sport_files/sport_files/sport_files/sport_files/jquery-3.5.1.min.js.download' with computed SHA-256 integrity 'DTTrzNOcAFDsdlQsy4HsrlWlISIc+wORMQC4XlHhmXU='. The resource has been blocked. @ http://localhost:5050/sport_files/sport_files/sport_files/sport_files/sport_files/sport_files/sport_files/sport_files/sport_files/saved_resource:0
[   20936ms] Unexpected token '<'
[   21281ms] Unexpected token '<'
[   21292ms] ReferenceError: $ is not defined
    at http://localhost:5050/sport_files/sport_files/sport_files/sport_files/sport_files/sport_files/sport_files/sport_files/sport_files/saved_resource:4178:1
[   21301ms] Unexpected token '<'
[   21305ms] Unexpected token '<'
[   21318ms] Unexpected token '<'
[   21332ms] Unexpected token '<'
[   21462ms] Unexpected token '<'
[   21519ms] Unexpected token '<'
[   21534ms] Unexpected token '<'
[   21684ms] Unexpected token '<'
[   21709ms] Unexpected token '<'
[   21731ms] Unexpected token '<'
[   22105ms] Unexpected token '<'
[   22222ms] Unexpected token '<'
[   22280ms] Unexpected token '<'
[   22316ms] [ERROR] Failed to find a valid digest in the 'integrity' attribute for resource 'http://localhost:5050/sport_files/sport_files/sport_files/sport_files/sport_files/sport_files/sport_files/sport_files/sport_files/sport_files/v4513226cdae34746b4dedf0b4dfa099e1781791509496' with computed SHA-512 integrity 'CpHkeXwymh004TY8xUjK8lkOEqlnr0vDCdBGjA2ylugpltmkKhYDlaZwjoxjE7m7IBDMCkXlQQ1ogYy9jx7DMQ=='. The resource has been blocked. @ http://localhost:5050/sport_files/sport_files/sport_files/sport_files/sport_files/sport_files/sport_files/sport_files/sport_files/saved_resource:0
[   22323ms] Unexpected token '<'
[   23507ms] [ERROR] Failed to find a valid digest in the 'integrity' attribute for resource 'http://localhost:5050/sport_files/sport_files/sport_files/sport_files/sport_files/sport_files/sport_files/sport_files/sport_files/sport_files/sport_files/jquery-3.5.1.min.js.download' with computed SHA-256 integrity 'DTTrzNOcAFDsdlQsy4HsrlWlISIc+wORMQC4XlHhmXU='. The resource has been blocked. @ http://localhost:5050/sport_files/sport_files/sport_files/sport_files/sport_files/sport_files/sport_files/sport_files/sport_files/sport_files/saved_resource:0
[   23684ms] Unexpected token '<'
[   23833ms] Unexpected token '<'
[   23903ms] ReferenceError: $ is not defined
    at http://localhost:5050/sport_files/sport_files/sport_files/sport_files/sport_files/sport_files/sport_files/sport_files/sport_files/sport_files/saved_resource:4178:1
[   23946ms] Unexpected token '<'
[   24023ms] Unexpected token '<'
[   24098ms] Unexpected token '<'
[   24113ms] Unexpected token '<'
[   24122ms] Unexpected token '<'
[   24139ms] Unexpected token '<'
[   24176ms] Unexpected token '<'
[   24236ms] Unexpected token '<'
[   24345ms] Unexpected token '<'
[   24363ms] Unexpected token '<'
[   24588ms] Unexpected token '<'
[   24594ms] Unexpected token '<'
[   24606ms] Unexpected token '<'
[   24640ms] [ERROR] Failed to find a valid digest in the 'integrity' attribute for resource 'http://localhost:5050/sport_files/sport_files/sport_files/sport_files/sport_files/sport_files/sport_files/sport_files/sport_files/sport_files/sport_files/v4513226cdae34746b4dedf0b4dfa099e1781791509496' with computed SHA-512 integrity 'CpHkeXwymh004TY8xUjK8lkOEqlnr0vDCdBGjA2ylugpltmkKhYDlaZwjoxjE7m7IBDMCkXlQQ1ogYy9jx7DMQ=='. The resource has been blocked. @ http://localhost:5050/sport_files/sport_files/sport_files/sport_files/sport_files/sport_files/sport_files/sport_files/sport_files/sport_files/saved_resource:0
[   24646ms] Unexpected token '<'
[   25742ms] [ERROR] Failed to find a valid digest in the 'integrity' attribute for resource 'http://localhost:5050/sport_files/sport_files/sport_files/sport_files/sport_files/sport_files/sport_files/sport_files/sport_files/sport_files/sport_files/sport_files/jquery-3.5.1.min.js.download' with computed SHA-256 integrity 'DTTrzNOcAFDsdlQsy4HsrlWlISIc+wORMQC4XlHhmXU='. The resource has been blocked. @ http://localhost:5050/sport_files/sport_files/sport_files/sport_files/sport_files/sport_files/sport_files/sport_files/sport_files/sport_files/sport_files/saved_resource:0
[   25758ms] Unexpected token '<'
[   25953ms] Unexpected token '<'
[   25977ms] ReferenceError: $ is not defined
    at http://localhost:5050/sport_files/sport_files/sport_files/sport_files/sport_files/sport_files/sport_files/sport_files/sport_files/sport_files/sport_files/saved_resource:4178:1
[   26139ms] Unexpected token '<'
[   26166ms] Unexpected token '<'
[   26183ms] Unexpected token '<'
[   26190ms] Unexpected token '<'
[   26349ms] Unexpected token '<'
[   26412ms] Unexpected token '<'
[   26419ms] Unexpected token '<'
[   26427ms] Unexpected token '<'
[   26600ms] Unexpected token '<'
[   26633ms] Unexpected token '<'
[   26863ms] Unexpected token '<'
[   26868ms] Unexpected token '<'
[   26882ms] Unexpected token '<'
[   26911ms] [ERROR] Failed to find a valid digest in the 'integrity' attribute for resource 'http://localhost:5050/sport_files/sport_files/sport_files/sport_files/sport_files/sport_files/sport_files/sport_files/sport_files/sport_files/sport_files/sport_files/v4513226cdae34746b4dedf0b4dfa099e1781791509496' with computed SHA-512 integrity 'CpHkeXwymh004TY8xUjK8lkOEqlnr0vDCdBGjA2ylugpltmkKhYDlaZwjoxjE7m7IBDMCkXlQQ1ogYy9jx7DMQ=='. The resource has been blocked. @ http://localhost:5050/sport_files/sport_files/sport_files/sport_files/sport_files/sport_files/sport_files/sport_files/sport_files/sport_files/sport_files/saved_resource:0
[   26917ms] Unexpected token '<'
[   28128ms] [ERROR] Failed to find a valid digest in the 'integrity' attribute for resource 'http://localhost:5050/sport_files/sport_files/sport_files/sport_files/sport_files/sport_files/sport_files/sport_files/sport_files/sport_files/sport_files/sport_files/sport_files/jquery-3.5.1.min.js.download' with computed SHA-256 integrity 'DTTrzNOcAFDsdlQsy4HsrlWlISIc+wORMQC4XlHhmXU='. The resource has been blocked. @ http://localhost:5050/sport_files/sport_files/sport_files/sport_files/sport_files/sport_files/sport_files/sport_files/sport_files/sport_files/sport_files/sport_files/saved_resource:0
[   28147ms] Unexpected token '<'
[   28549ms] Unexpected token '<'
[   28564ms] ReferenceError: $ is not defined
    at http://localhost:5050/sport_files/sport_files/sport_files/sport_files/sport_files/sport_files/sport_files/sport_files/sport_files/sport_files/sport_files/sport_files/saved_resource:4178:1
[   28585ms] Unexpected token '<'
[   28633ms] Unexpected token '<'
[   28648ms] Unexpected token '<'
[   28665ms] Unexpected token '<'
[   28919ms] Unexpected token '<'
[   28937ms] Unexpected token '<'
[   28947ms] Unexpected token '<'
[   28965ms] Unexpected token '<'
[   28994ms] Unexpected token '<'
[   29046ms] Unexpected token '<'
[   29522ms] Unexpected token '<'
[   29542ms] Unexpected token '<'
[   29549ms] Unexpected token '<'
[   29613ms] [ERROR] Failed to find a valid digest in the 'integrity' attribute for resource 'http://localhost:5050/sport_files/sport_files/sport_files/sport_files/sport_files/sport_files/sport_files/sport_files/sport_files/sport_files/sport_files/sport_files/sport_files/v4513226cdae34746b4dedf0b4dfa099e1781791509496' with computed SHA-512 integrity 'CpHkeXwymh004TY8xUjK8lkOEqlnr0vDCdBGjA2ylugpltmkKhYDlaZwjoxjE7m7IBDMCkXlQQ1ogYy9jx7DMQ=='. The resource has been blocked. @ http://localhost:5050/sport_files/sport_files/sport_files/sport_files/sport_files/sport_files/sport_files/sport_files/sport_files/sport_files/sport_files/sport_files/saved_resource:0
[   29619ms] Unexpected token '<'
[   31056ms] [ERROR] Failed to find a valid digest in the 'integrity' attribute for resource 'http://localhost:5050/sport_files/sport_files/sport_files/sport_files/sport_files/sport_files/sport_files/sport_files/sport_files/sport_files/sport_files/sport_files/sport_files/sport_files/jquery-3.5.1.min.js.download' with computed SHA-256 integrity 'DTTrzNOcAFDsdlQsy4HsrlWlISIc+wORMQC4XlHhmXU='. The resource has been blocked. @ http://localhost:5050/sport_files/sport_files/sport_files/sport_files/sport_files/sport_files/sport_files/sport_files/sport_files/sport_files/sport_files/sport_files/sport_files/saved_resource:0
[   31076ms] Unexpected token '<'
[   31402ms] Unexpected token '<'
[   31513ms] ReferenceError: $ is not defined
    at http://localhost:5050/sport_files/sport_files/sport_files/sport_files/sport_files/sport_files/sport_files/sport_files/sport_files/sport_files/sport_files/sport_files/sport_files/saved_resource:4178:1
[   31516ms] Unexpected token '<'
[   31592ms] Unexpected token '<'
[   31623ms] Unexpected token '<'
[   31632ms] Unexpected token '<'
[   31659ms] Unexpected token '<'
[   31667ms] Unexpected token '<'
[   31923ms] Unexpected token '<'
[   31942ms] Unexpected token '<'
[   31949ms] Unexpected token '<'
[   31971ms] Unexpected token '<'
[   32250ms] Unexpected token '<'
[   32289ms] Unexpected token '<'
[   32300ms] Unexpected token '<'
[   32331ms] [ERROR] Failed to find a valid digest in the 'integrity' attribute for resource 'http://localhost:5050/sport_files/sport_files/sport_files/sport_files/sport_files/sport_files/sport_files/sport_files/sport_files/sport_files/sport_files/sport_files/sport_files/sport_files/v4513226cdae34746b4dedf0b4dfa099e1781791509496' with computed SHA-512 integrity 'CpHkeXwymh004TY8xUjK8lkOEqlnr0vDCdBGjA2ylugpltmkKhYDlaZwjoxjE7m7IBDMCkXlQQ1ogYy9jx7DMQ=='. The resource has been blocked. @ http://localhost:5050/sport_files/sport_files/sport_files/sport_files/sport_files/sport_files/sport_files/sport_files/sport_files/sport_files/sport_files/sport_files/sport_files/saved_resource:0
[   32336ms] Unexpected token '<'
[   33287ms] [ERROR] Failed to find a valid digest in the 'integrity' attribute for resource 'http://localhost:5050/sport_files/sport_files/sport_files/sport_files/sport_files/sport_files/sport_files/sport_files/sport_files/sport_files/sport_files/sport_files/sport_files/sport_files/sport_files/jquery-3.5.1.min.js.download' with computed SHA-256 integrity 'DTTrzNOcAFDsdlQsy4HsrlWlISIc+wORMQC4XlHhmXU='. The resource has been blocked. @ http://localhost:5050/sport_files/sport_files/sport_files/sport_files/sport_files/sport_files/sport_files/sport_files/sport_files/sport_files/sport_files/sport_files/sport_files/sport_files/saved_resource:0
[   33485ms] Unexpected token '<'
[   33694ms] Unexpected token '<'
[   33722ms] ReferenceError: $ is not defined
    at http://localhost:5050/sport_files/sport_files/sport_files/sport_files/sport_files/sport_files/sport_files/sport_files/sport_files/sport_files/sport_files/sport_files/sport_files/sport_files/saved_resource:4178:1
[   33809ms] Unexpected token '<'
[   33966ms] Unexpected token '<'
[   33981ms] Unexpected token '<'
[   33987ms] Unexpected token '<'
[   34010ms] Unexpected token '<'
[   34029ms] Unexpected token '<'
[   34160ms] Unexpected token '<'
[   34231ms] Unexpected token '<'
[   34251ms] Unexpected token '<'
[   34331ms] Unexpected token '<'
[   34650ms] Unexpected token '<'
[   34655ms] Unexpected token '<'
[   34663ms] Unexpected token '<'
[   34683ms] [ERROR] Failed to find a valid digest in the 'integrity' attribute for resource 'http://localhost:5050/sport_files/sport_files/sport_files/sport_files/sport_files/sport_files/sport_files/sport_files/sport_files/sport_files/sport_files/sport_files/sport_files/sport_files/sport_files/v4513226cdae34746b4dedf0b4dfa099e1781791509496' with computed SHA-512 integrity 'CpHkeXwymh004TY8xUjK8lkOEqlnr0vDCdBGjA2ylugpltmkKhYDlaZwjoxjE7m7IBDMCkXlQQ1ogYy9jx7DMQ=='. The resource has been blocked. @ http://localhost:5050/sport_files/sport_files/sport_files/sport_files/sport_files/sport_files/sport_files/sport_files/sport_files/sport_files/sport_files/sport_files/sport_files/sport_files/saved_resource:0
[   34688ms] Unexpected token '<'
[   35848ms] [ERROR] Failed to find a valid digest in the 'integrity' attribute for resource 'http://localhost:5050/sport_files/sport_files/sport_files/sport_files/sport_files/sport_files/sport_files/sport_files/sport_files/sport_files/sport_files/sport_files/sport_files/sport_files/sport_files/sport_files/jquery-3.5.1.min.js.download' with computed SHA-256 integrity 'DTTrzNOcAFDsdlQsy4HsrlWlISIc+wORMQC4XlHhmXU='. The resource has been blocked. @ http://localhost:5050/sport_files/sport_files/sport_files/sport_files/sport_files/sport_files/sport_files/sport_files/sport_files/sport_files/sport_files/sport_files/sport_files/sport_files/sport_files/saved_resource:0
[   35865ms] Unexpected token '<'
[   36057ms] Unexpected token '<'
[   36079ms] ReferenceError: $ is not defined
    at http://localhost:5050/sport_files/sport_files/sport_files/sport_files/sport_files/sport_files/sport_files/sport_files/sport_files/sport_files/sport_files/sport_files/sport_files/sport_files/sport_files/saved_resource:4178:1
[   36095ms] Unexpected token '<'
[   36114ms] Unexpected token '<'
[   36129ms] Unexpected token '<'
[   36336ms] Unexpected token '<'
[   36349ms] Unexpected token '<'
[   36354ms] Unexpected token '<'
[   36370ms] Unexpected token '<'
[   36378ms] Unexpected token '<'
[   36468ms] Unexpected token '<'
[   36498ms] Unexpected token '<'
[   36761ms] Unexpected token '<'
[   36769ms] Unexpected token '<'
[   36786ms] Unexpected token '<'
[   36809ms] [ERROR] Failed to find a valid digest in the 'integrity' attribute for resource 'http://localhost:5050/sport_files/sport_files/sport_files/sport_files/sport_files/sport_files/sport_files/sport_files/sport_files/sport_files/sport_files/sport_files/sport_files/sport_files/sport_files/sport_files/v4513226cdae34746b4dedf0b4dfa099e1781791509496' with computed SHA-512 integrity 'CpHkeXwymh004TY8xUjK8lkOEqlnr0vDCdBGjA2ylugpltmkKhYDlaZwjoxjE7m7IBDMCkXlQQ1ogYy9jx7DMQ=='. The resource has been blocked. @ http://localhost:5050/sport_files/sport_files/sport_files/sport_files/sport_files/sport_files/sport_files/sport_files/sport_files/sport_files/sport_files/sport_files/sport_files/sport_files/sport_files/saved_resource:0
[   36815ms] Unexpected token '<'
[   37773ms] [ERROR] Failed to find a valid digest in the 'integrity' attribute for resource 'http://localhost:5050/sport_files/sport_files/sport_files/sport_files/sport_files/sport_files/sport_files/sport_files/sport_files/sport_files/sport_files/sport_files/sport_files/sport_files/sport_files/sport_files/sport_files/jquery-3.5.1.min.js.download' with computed SHA-256 integrity 'DTTrzNOcAFDsdlQsy4HsrlWlISIc+wORMQC4XlHhmXU='. The resource has been blocked. @ http://localhost:5050/sport_files/sport_files/sport_files/sport_files/sport_files/sport_files/sport_files/sport_files/sport_files/sport_files/sport_files/sport_files/sport_files/sport_files/sport_files/sport_files/saved_resource:0
[   37919ms] Unexpected token '<'
[   38283ms] Unexpected token '<'
[   38293ms] ReferenceError: $ is not defined
    at http://localhost:5050/sport_files/sport_files/sport_files/sport_files/sport_files/sport_files/sport_files/sport_files/sport_files/sport_files/sport_files/sport_files/sport_files/sport_files/sport_files/sport_files/saved_resource:4178:1
[   38301ms] Unexpected token '<'
[   38307ms] Unexpected token '<'
[   38324ms] Unexpected token '<'
[   38332ms] Unexpected token '<'
[   38427ms] Unexpected token '<'
[   38498ms] Unexpected token '<'
[   38513ms] Unexpected token '<'
[   38518ms] Unexpected token '<'
[   38772ms] Unexpected token '<'
[   38775ms] Unexpected token '<'
[   38956ms] Unexpected token '<'
[   38965ms] Unexpected token '<'
[   39026ms] Unexpected token '<'
[   39067ms] [ERROR] Failed to find a valid digest in the 'integrity' attribute for resource 'http://localhost:5050/sport_files/sport_files/sport_files/sport_files/sport_files/sport_files/sport_files/sport_files/sport_files/sport_files/sport_files/sport_files/sport_files/sport_files/sport_files/sport_files/sport_files/v4513226cdae34746b4dedf0b4dfa099e1781791509496' with computed SHA-512 integrity 'CpHkeXwymh004TY8xUjK8lkOEqlnr0vDCdBGjA2ylugpltmkKhYDlaZwjoxjE7m7IBDMCkXlQQ1ogYy9jx7DMQ=='. The resource has been blocked. @ http://localhost:5050/sport_files/sport_files/sport_files/sport_files/sport_files/sport_files/sport_files/sport_files/sport_files/sport_files/sport_files/sport_files/sport_files/sport_files/sport_files/sport_files/saved_resource:0
[   39072ms] Unexpected token '<'
[   40591ms] [ERROR] Failed to find a valid digest in the 'integrity' attribute for resource 'http://localhost:5050/sport_files/sport_files/sport_files/sport_files/sport_files/sport_files/sport_files/sport_files/sport_files/sport_files/sport_files/sport_files/sport_files/sport_files/sport_files/sport_files/sport_files/sport_files/jquery-3.5.1.min.js.download' with computed SHA-256 integrity 'DTTrzNOcAFDsdlQsy4HsrlWlISIc+wORMQC4XlHhmXU='. The resource has been blocked. @ http://localhost:5050/sport_files/sport_files/sport_files/sport_files/sport_files/sport_files/sport_files/sport_files/sport_files/sport_files/sport_files/sport_files/sport_files/sport_files/sport_files/sport_files/sport_files/saved_resource:0
[   40611ms] Unexpected token '<'
[   40844ms] Unexpected token '<'
[   40860ms] ReferenceError: $ is not defined
    at http://localhost:5050/sport_files/sport_files/sport_files/sport_files/sport_files/sport_files/sport_files/sport_files/sport_files/sport_files/sport_files/sport_files/sport_files/sport_files/sport_files/sport_files/sport_files/saved_resource:4178:1
[   40934ms] Unexpected token '<'
[   41047ms] Unexpected token '<'
[   41068ms] Unexpected token '<'
[   41075ms] Unexpected token '<'
[   41097ms] Unexpected token '<'
[   41140ms] Unexpected token '<'
[   41160ms] Unexpected token '<'
[   41291ms] Unexpected token '<'
[   41351ms] Unexpected token '<'
[   41377ms] Unexpected token '<'
[   41653ms] Unexpected token '<'
[   41659ms] Unexpected token '<'
[   41676ms] Unexpected token '<'
[   41703ms] [ERROR] Failed to find a valid digest in the 'integrity' attribute for resource 'http://localhost:5050/sport_files/sport_files/sport_files/sport_files/sport_files/sport_files/sport_files/sport_files/sport_files/sport_files/sport_files/sport_files/sport_files/sport_files/sport_files/sport_files/sport_files/sport_files/v4513226cdae34746b4dedf0b4dfa099e1781791509496' with computed SHA-512 integrity 'CpHkeXwymh004TY8xUjK8lkOEqlnr0vDCdBGjA2ylugpltmkKhYDlaZwjoxjE7m7IBDMCkXlQQ1ogYy9jx7DMQ=='. The resource has been blocked. @ http://localhost:5050/sport_files/sport_files/sport_files/sport_files/sport_files/sport_files/sport_files/sport_files/sport_files/sport_files/sport_files/sport_files/sport_files/sport_files/sport_files/sport_files/sport_files/saved_resource:0
[   41708ms] Unexpected token '<'
[   42622ms] [ERROR] Failed to find a valid digest in the 'integrity' attribute for resource 'http://localhost:5050/sport_files/sport_files/sport_files/sport_files/sport_files/sport_files/sport_files/sport_files/sport_files/sport_files/sport_files/sport_files/sport_files/sport_files/sport_files/sport_files/sport_files/sport_files/sport_files/jquery-3.5.1.min.js.download' with computed SHA-256 integrity 'DTTrzNOcAFDsdlQsy4HsrlWlISIc+wORMQC4XlHhmXU='. The resource has been blocked. @ http://localhost:5050/sport_files/sport_files/sport_files/sport_files/sport_files/sport_files/sport_files/sport_files/sport_files/sport_files/sport_files/sport_files/sport_files/sport_files/sport_files/sport_files/sport_files/sport_files/saved_resource:0
[   42632ms] Unexpected token '<'
[   42933ms] Unexpected token '<'
[   42993ms] ReferenceError: $ is not defined
    at http://localhost:5050/sport_files/sport_files/sport_files/sport_files/sport_files/sport_files/sport_files/sport_files/sport_files/sport_files/sport_files/sport_files/sport_files/sport_files/sport_files/sport_files/sport_files/sport_files/saved_resource:4178:1
[   43000ms] Unexpected token '<'
[   43013ms] Unexpected token '<'
[   43032ms] Unexpected token '<'
[   43040ms] Unexpected token '<'
[   43099ms] Unexpected token '<'
[   43129ms] Unexpected token '<'
[   43146ms] Unexpected token '<'
[   43251ms] Unexpected token '<'
[   43277ms] Unexpected token '<'
[   43351ms] Unexpected token '<'
[   43626ms] Unexpected token '<'
[   43632ms] Unexpected token '<'
[   43637ms] Unexpected token '<'
[   43657ms] [ERROR] Failed to find a valid digest in the 'integrity' attribute for resource 'http://localhost:5050/sport_files/sport_files/sport_files/sport_files/sport_files/sport_files/sport_files/sport_files/sport_files/sport_files/sport_files/sport_files/sport_files/sport_files/sport_files/sport_files/sport_files/sport_files/sport_files/v4513226cdae34746b4dedf0b4dfa099e1781791509496' with computed SHA-512 integrity 'CpHkeXwymh004TY8xUjK8lkOEqlnr0vDCdBGjA2ylugpltmkKhYDlaZwjoxjE7m7IBDMCkXlQQ1ogYy9jx7DMQ=='. The resource has been blocked. @ http://localhost:5050/sport_files/sport_files/sport_files/sport_files/sport_files/sport_files/sport_files/sport_files/sport_files/sport_files/sport_files/sport_files/sport_files/sport_files/sport_files/sport_files/sport_files/sport_files/saved_resource:0
[   43662ms] Unexpected token '<'
[   44704ms] [ERROR] Failed to find a valid digest in the 'integrity' attribute for resource 'http://localhost:5050/sport_files/sport_files/sport_files/sport_files/sport_files/sport_files/sport_files/sport_files/sport_files/sport_files/sport_files/sport_files/sport_files/sport_files/sport_files/sport_files/sport_files/sport_files/sport_files/sport_files/jquery-3.5.1.min.js.download' with computed SHA-256 integrity 'DTTrzNOcAFDsdlQsy4HsrlWlISIc+wORMQC4XlHhmXU='. The resource has been blocked. @ http://localhost:5050/sport_files/sport_files/sport_files/sport_files/sport_files/sport_files/sport_files/sport_files/sport_files/sport_files/sport_files/sport_files/sport_files/sport_files/sport_files/sport_files/sport_files/sport_files/sport_files/saved_resource:0
[   44719ms] Unexpected token '<'
[   44882ms] Unexpected token '<'
[   44885ms] ReferenceError: $ is not defined
    at http://localhost:5050/sport_files/sport_files/sport_files/sport_files/sport_files/sport_files/sport_files/sport_files/sport_files/sport_files/sport_files/sport_files/sport_files/sport_files/sport_files/sport_files/sport_files/sport_files/sport_files/saved_resource:4178:1
[   44963ms] Unexpected token '<'
[   45064ms] Unexpected token '<'
[   45083ms] Unexpected token '<'
[   45101ms] Unexpected token '<'
[   45114ms] Unexpected token '<'
[   45121ms] Unexpected token '<'
[   45233ms] Unexpected token '<'
[   45287ms] Unexpected token '<'
[   45307ms] Unexpected token '<'
[   45321ms] Unexpected token '<'
[   45646ms] Unexpected token '<'
[   45654ms] Unexpected token '<'
[   45703ms] Unexpected token '<'
[   45738ms] [ERROR] Failed to find a valid digest in the 'integrity' attribute for resource 'http://localhost:5050/sport_files/sport_files/sport_files/sport_files/sport_files/sport_files/sport_files/sport_files/sport_files/sport_files/sport_files/sport_files/sport_files/sport_files/sport_files/sport_files/sport_files/sport_files/sport_files/sport_files/v4513226cdae34746b4dedf0b4dfa099e1781791509496' with computed SHA-512 integrity 'CpHkeXwymh004TY8xUjK8lkOEqlnr0vDCdBGjA2ylugpltmkKhYDlaZwjoxjE7m7IBDMCkXlQQ1ogYy9jx7DMQ=='. The resource has been blocked. @ http://localhost:5050/sport_files/sport_files/sport_files/sport_files/sport_files/sport_files/sport_files/sport_files/sport_files/sport_files/sport_files/sport_files/sport_files/sport_files/sport_files/sport_files/sport_files/sport_files/sport_files/saved_resource:0
[   45744ms] Unexpected token '<'
[   47098ms] [ERROR] Failed to find a valid digest in the 'integrity' attribute for resource 'http://localhost:5050/sport_files/sport_files/sport_files/sport_files/sport_files/sport_files/sport_files/sport_files/sport_files/sport_files/sport_files/sport_files/sport_files/sport_files/sport_files/sport_files/sport_files/sport_files/sport_files/sport_files/sport_files/jquery-3.5.1.min.js.download' with computed SHA-256 integrity 'DTTrzNOcAFDsdlQsy4HsrlWlISIc+wORMQC4XlHhmXU='. The resource has been blocked. @ http://localhost:5050/sport_files/sport_files/sport_files/sport_files/sport_files/sport_files/sport_files/sport_files/sport_files/sport_files/sport_files/sport_files/sport_files/sport_files/sport_files/sport_files/sport_files/sport_files/sport_files/sport_files/saved_resource:0
[   47132ms] Unexpected token '<'
[   47374ms] Unexpected token '<'
[   47386ms] ReferenceError: $ is not defined
    at http://localhost:5050/sport_files/sport_files/sport_files/sport_files/sport_files/sport_files/sport_files/sport_files/sport_files/sport_files/sport_files/sport_files/sport_files/sport_files/sport_files/sport_files/sport_files/sport_files/sport_files/sport_files/saved_resource:4178:1
[   47394ms] Unexpected token '<'
[   47441ms] Unexpected token '<'
[   47484ms] Unexpected token '<'
[   47567ms] Unexpected token '<'
[   47589ms] Unexpected token '<'
[   47609ms] Unexpected token '<'
[   47637ms] Unexpected token '<'
[   47698ms] Unexpected token '<'
[   47715ms] Unexpected token '<'
[   47831ms] Unexpected token '<'
[   48108ms] Unexpected token '<'
[   48115ms] Unexpected token '<'
[   48132ms] Unexpected token '<'
[   48164ms] [ERROR] Failed to find a valid digest in the 'integrity' attribute for resource 'http://localhost:5050/sport_files/sport_files/sport_files/sport_files/sport_files/sport_files/sport_files/sport_files/sport_files/sport_files/sport_files/sport_files/sport_files/sport_files/sport_files/sport_files/sport_files/sport_files/sport_files/sport_files/sport_files/v4513226cdae34746b4dedf0b4dfa099e1781791509496' with computed SHA-512 integrity 'CpHkeXwymh004TY8xUjK8lkOEqlnr0vDCdBGjA2ylugpltmkKhYDlaZwjoxjE7m7IBDMCkXlQQ1ogYy9jx7DMQ=='. The resource has been blocked. @ http://localhost:5050/sport_files/sport_files/sport_files/sport_files/sport_files/sport_files/sport_files/sport_files/sport_files/sport_files/sport_files/sport_files/sport_files/sport_files/sport_files/sport_files/sport_files/sport_files/sport_files/sport_files/saved_resource:0
[   48169ms] Unexpected token '<'
[   49187ms] [ERROR] Failed to find a valid digest in the 'integrity' attribute for resource 'http://localhost:5050/sport_files/sport_files/sport_files/sport_files/sport_files/sport_files/sport_files/sport_files/sport_files/sport_files/sport_files/sport_files/sport_files/sport_files/sport_files/sport_files/sport_files/sport_files/sport_files/sport_files/sport_files/sport_files/jquery-3.5.1.min.js.download' with computed SHA-256 integrity 'DTTrzNOcAFDsdlQsy4HsrlWlISIc+wORMQC4XlHhmXU='. The resource has been blocked. @ http://localhost:5050/sport_files/sport_files/sport_files/sport_files/sport_files/sport_files/sport_files/sport_files/sport_files/sport_files/sport_files/sport_files/sport_files/sport_files/sport_files/sport_files/sport_files/sport_files/sport_files/sport_files/sport_files/saved_resource:0
[   49202ms] Unexpected token '<'
[   49555ms] Unexpected token '<'
[   49571ms] ReferenceError: $ is not defined
    at http://localhost:5050/sport_files/sport_files/sport_files/sport_files/sport_files/sport_files/sport_files/sport_files/sport_files/sport_files/sport_files/sport_files/sport_files/sport_files/sport_files/sport_files/sport_files/sport_files/sport_files/sport_files/sport_files/saved_resource:4178:1
[   49576ms] Unexpected token '<'
[   49582ms] Unexpected token '<'
[   49596ms] Unexpected token '<'
[   49602ms] Unexpected token '<'
[   49750ms] Unexpected token '<'
[   49770ms] Unexpected token '<'
[   49786ms] Unexpected token '<'
[   49792ms] Unexpected token '<'
[   49837ms] Unexpected token '<'
[   49962ms] Unexpected token '<'
[   50326ms] Unexpected token '<'
[   50337ms] Unexpected token '<'
[   50354ms] Unexpected token '<'
[   50669ms] [ERROR] Failed to find a valid digest in the 'integrity' attribute for resource 'http://localhost:5050/sport_files/sport_files/sport_files/sport_files/sport_files/sport_files/sport_files/sport_files/sport_files/sport_files/sport_files/sport_files/sport_files/sport_files/sport_files/sport_files/sport_files/sport_files/sport_files/sport_files/sport_files/sport_files/v4513226cdae34746b4dedf0b4dfa099e1781791509496' with computed SHA-512 integrity 'CpHkeXwymh004TY8xUjK8lkOEqlnr0vDCdBGjA2ylugpltmkKhYDlaZwjoxjE7m7IBDMCkXlQQ1ogYy9jx7DMQ=='. The resource has been blocked. @ http://localhost:5050/sport_files/sport_files/sport_files/sport_files/sport_files/sport_files/sport_files/sport_files/sport_files/sport_files/sport_files/sport_files/sport_files/sport_files/sport_files/sport_files/sport_files/sport_files/sport_files/sport_files/sport_files/saved_resource:0
[   50676ms] Unexpected token '<'
[   51974ms] [ERROR] Failed to find a valid digest in the 'integrity' attribute for resource 'http://localhost:5050/sport_files/sport_files/sport_files/sport_files/sport_files/sport_files/sport_files/sport_files/sport_files/sport_files/sport_files/sport_files/sport_files/sport_files/sport_files/sport_files/sport_files/sport_files/sport_files/sport_files/sport_files/sport_files/sport_files/jquery-3.5.1.min.js.download' with computed SHA-256 integrity 'DTTrzNOcAFDsdlQsy4HsrlWlISIc+wORMQC4XlHhmXU='. The resource has been blocked. @ http://localhost:5050/sport_files/sport_files/sport_files/sport_files/sport_files/sport_files/sport_files/sport_files/sport_files/sport_files/sport_files/sport_files/sport_files/sport_files/sport_files/sport_files/sport_files/sport_files/sport_files/sport_files/sport_files/sport_files/saved_resource:0
[   51992ms] Unexpected token '<'
[   52251ms] Unexpected token '<'
[   52263ms] ReferenceError: $ is not defined
    at http://localhost:5050/sport_files/sport_files/sport_files/sport_files/sport_files/sport_files/sport_files/sport_files/sport_files/sport_files/sport_files/sport_files/sport_files/sport_files/sport_files/sport_files/sport_files/sport_files/sport_files/sport_files/sport_files/sport_files/saved_resource:4178:1
[   52269ms] Unexpected token '<'
[   52289ms] Unexpected token '<'
[   52309ms] Unexpected token '<'
[   52344ms] Unexpected token '<'
[   52392ms] Unexpected token '<'
[   52447ms] Unexpected token '<'
[   52535ms] Unexpected token '<'
[   52554ms] Unexpected token '<'
[   52576ms] Unexpected token '<'
[   52625ms] Unexpected token '<'
[   52916ms] Unexpected token '<'
[   52921ms] Unexpected token '<'
[   52935ms] Unexpected token '<'
[   52946ms] [ERROR] Failed to find a valid digest in the 'integrity' attribute for resource 'http://localhost:5050/sport_files/sport_files/sport_files/sport_files/sport_files/sport_files/sport_files/sport_files/sport_files/sport_files/sport_files/sport_files/sport_files/sport_files/sport_files/sport_files/sport_files/sport_files/sport_files/sport_files/sport_files/sport_files/sport_files/v4513226cdae34746b4dedf0b4dfa099e1781791509496' with computed SHA-512 integrity 'CpHkeXwymh004TY8xUjK8lkOEqlnr0vDCdBGjA2ylugpltmkKhYDlaZwjoxjE7m7IBDMCkXlQQ1ogYy9jx7DMQ=='. The resource has been blocked. @ http://localhost:5050/sport_files/sport_files/sport_files/sport_files/sport_files/sport_files/sport_files/sport_files/sport_files/sport_files/sport_files/sport_files/sport_files/sport_files/sport_files/sport_files/sport_files/sport_files/sport_files/sport_files/sport_files/sport_files/saved_resource:0
[   52973ms] Unexpected token '<'
[   53933ms] [ERROR] Failed to find a valid digest in the 'integrity' attribute for resource 'http://localhost:5050/sport_files/sport_files/sport_files/sport_files/sport_files/sport_files/sport_files/sport_files/sport_files/sport_files/sport_files/sport_files/sport_files/sport_files/sport_files/sport_files/sport_files/sport_files/sport_files/sport_files/sport_files/sport_files/sport_files/sport_files/jquery-3.5.1.min.js.download' with computed SHA-256 integrity 'DTTrzNOcAFDsdlQsy4HsrlWlISIc+wORMQC4XlHhmXU='. The resource has been blocked. @ http://localhost:5050/sport_files/sport_files/sport_files/sport_files/sport_files/sport_files/sport_files/sport_files/sport_files/sport_files/sport_files/sport_files/sport_files/sport_files/sport_files/sport_files/sport_files/sport_files/sport_files/sport_files/sport_files/sport_files/sport_files/saved_resource:0
[   53957ms] Unexpected token '<'
[   54443ms] Unexpected token '<'
[   54460ms] ReferenceError: $ is not defined
    at http://localhost:5050/sport_files/sport_files/sport_files/sport_files/sport_files/sport_files/sport_files/sport_files/sport_files/sport_files/sport_files/sport_files/sport_files/sport_files/sport_files/sport_files/sport_files/sport_files/sport_files/sport_files/sport_files/sport_files/sport_files/saved_resource:4178:1
[   54468ms] Unexpected token '<'
[   54488ms] Unexpected token '<'
[   54495ms] Unexpected token '<'
[   54515ms] Unexpected token '<'
[   54522ms] Unexpected token '<'
[   54704ms] Unexpected token '<'
[   54722ms] Unexpected token '<'
[   54728ms] Unexpected token '<'
[   54746ms] Unexpected token '<'
[   54837ms] Unexpected token '<'
[   55141ms] Unexpected token '<'
[   55149ms] Unexpected token '<'
[   55156ms] Unexpected token '<'
[   55177ms] [ERROR] Failed to find a valid digest in the 'integrity' attribute for resource 'http://localhost:5050/sport_files/sport_files/sport_files/sport_files/sport_files/sport_files/sport_files/sport_files/sport_files/sport_files/sport_files/sport_files/sport_files/sport_files/sport_files/sport_files/sport_files/sport_files/sport_files/sport_files/sport_files/sport_files/sport_files/sport_files/v4513226cdae34746b4dedf0b4dfa099e1781791509496' with computed SHA-512 integrity 'CpHkeXwymh004TY8xUjK8lkOEqlnr0vDCdBGjA2ylugpltmkKhYDlaZwjoxjE7m7IBDMCkXlQQ1ogYy9jx7DMQ=='. The resource has been blocked. @ http://localhost:5050/sport_files/sport_files/sport_files/sport_files/sport_files/sport_files/sport_files/sport_files/sport_files/sport_files/sport_files/sport_files/sport_files/sport_files/sport_files/sport_files/sport_files/sport_files/sport_files/sport_files/sport_files/sport_files/sport_files/saved_resource:0
[   55184ms] Unexpected token '<'
[   56208ms] [ERROR] Failed to find a valid digest in the 'integrity' attribute for resource 'http://localhost:5050/sport_files/sport_files/sport_files/sport_files/sport_files/sport_files/sport_files/sport_files/sport_files/sport_files/sport_files/sport_files/sport_files/sport_files/sport_files/sport_files/sport_files/sport_files/sport_files/sport_files/sport_files/sport_files/sport_files/sport_files/sport_files/jquery-3.5.1.min.js.download' with computed SHA-256 integrity 'DTTrzNOcAFDsdlQsy4HsrlWlISIc+wORMQC4XlHhmXU='. The resource has been blocked. @ http://localhost:5050/sport_files/sport_files/sport_files/sport_files/sport_files/sport_files/sport_files/sport_files/sport_files/sport_files/sport_files/sport_files/sport_files/sport_files/sport_files/sport_files/sport_files/sport_files/sport_files/sport_files/sport_files/sport_files/sport_files/sport_files/saved_resource:0
[   56226ms] Unexpected token '<'
[   56376ms] Unexpected token '<'
[   56415ms] ReferenceError: $ is not defined
    at http://localhost:5050/sport_files/sport_files/sport_files/sport_files/sport_files/sport_files/sport_files/sport_files/sport_files/sport_files/sport_files/sport_files/sport_files/sport_files/sport_files/sport_files/sport_files/sport_files/sport_files/sport_files/sport_files/sport_files/sport_files/sport_files/saved_resource:4178:1
[   56451ms] Unexpected token '<'
[   56684ms] Unexpected token '<'
[   56714ms] Unexpected token '<'
[   56720ms] Unexpected token '<'
[   56741ms] Unexpected token '<'
[   56748ms] Unexpected token '<'
[   56767ms] Unexpected token '<'
[   56905ms] Unexpected token '<'
[   56942ms] Unexpected token '<'
[   56965ms] Unexpected token '<'
[   57192ms] Unexpected token '<'
[   57199ms] Unexpected token '<'
[   57211ms] Unexpected token '<'
[   57242ms] [ERROR] Failed to find a valid digest in the 'integrity' attribute for resource 'http://localhost:5050/sport_files/sport_files/sport_files/sport_files/sport_files/sport_files/sport_files/sport_files/sport_files/sport_files/sport_files/sport_files/sport_files/sport_files/sport_files/sport_files/sport_files/sport_files/sport_files/sport_files/sport_files/sport_files/sport_files/sport_files/sport_files/v4513226cdae34746b4dedf0b4dfa099e1781791509496' with computed SHA-512 integrity 'CpHkeXwymh004TY8xUjK8lkOEqlnr0vDCdBGjA2ylugpltmkKhYDlaZwjoxjE7m7IBDMCkXlQQ1ogYy9jx7DMQ=='. The resource has been blocked. @ http://localhost:5050/sport_files/sport_files/sport_files/sport_files/sport_files/sport_files/sport_files/sport_files/sport_files/sport_files/sport_files/sport_files/sport_files/sport_files/sport_files/sport_files/sport_files/sport_files/sport_files/sport_files/sport_files/sport_files/sport_files/sport_files/saved_resource:0
[   57249ms] Unexpected token '<'
[   58410ms] [ERROR] Failed to find a valid digest in the 'integrity' attribute for resource 'http://localhost:5050/sport_files/sport_files/sport_files/sport_files/sport_files/sport_files/sport_files/sport_files/sport_files/sport_files/sport_files/sport_files/sport_files/sport_files/sport_files/sport_files/sport_files/sport_files/sport_files/sport_files/sport_files/sport_files/sport_files/sport_files/sport_files/sport_files/jquery-3.5.1.min.js.download' with computed SHA-256 integrity 'DTTrzNOcAFDsdlQsy4HsrlWlISIc+wORMQC4XlHhmXU='. The resource has been blocked. @ http://localhost:5050/sport_files/sport_files/sport_files/sport_files/sport_files/sport_files/sport_files/sport_files/sport_files/sport_files/sport_files/sport_files/sport_files/sport_files/sport_files/sport_files/sport_files/sport_files/sport_files/sport_files/sport_files/sport_files/sport_files/sport_files/sport_files/saved_resource:0
[   58430ms] Unexpected token '<'
[   58774ms] Unexpected token '<'
[   58788ms] ReferenceError: $ is not defined
    at http://localhost:5050/sport_files/sport_files/sport_files/sport_files/sport_files/sport_files/sport_files/sport_files/sport_files/sport_files/sport_files/sport_files/sport_files/sport_files/sport_files/sport_files/sport_files/sport_files/sport_files/sport_files/sport_files/sport_files/sport_files/sport_files/sport_files/saved_resource:4178:1
[   58793ms] Unexpected token '<'
[   58799ms] Unexpected token '<'
[   58813ms] Unexpected token '<'
[   58820ms] Unexpected token '<'
[   58937ms] Unexpected token '<'
[   58963ms] Unexpected token '<'
[   58980ms] Unexpected token '<'
[   59049ms] Unexpected token '<'
[   59064ms] Unexpected token '<'
[   59131ms] Unexpected token '<'
[   59453ms] Unexpected token '<'
[   59459ms] Unexpected token '<'
[   59474ms] Unexpected token '<'
[   59506ms] [ERROR] Failed to find a valid digest in the 'integrity' attribute for resource 'http://localhost:5050/sport_files/sport_files/sport_files/sport_files/sport_files/sport_files/sport_files/sport_files/sport_files/sport_files/sport_files/sport_files/sport_files/sport_files/sport_files/sport_files/sport_files/sport_files/sport_files/sport_files/sport_files/sport_files/sport_files/sport_files/sport_files/sport_files/v4513226cdae34746b4dedf0b4dfa099e1781791509496' with computed SHA-512 integrity 'CpHkeXwymh004TY8xUjK8lkOEqlnr0vDCdBGjA2ylugpltmkKhYDlaZwjoxjE7m7IBDMCkXlQQ1ogYy9jx7DMQ=='. The resource has been blocked. @ http://localhost:5050/sport_files/sport_files/sport_files/sport_files/sport_files/sport_files/sport_files/sport_files/sport_files/sport_files/sport_files/sport_files/sport_files/sport_files/sport_files/sport_files/sport_files/sport_files/sport_files/sport_files/sport_files/sport_files/sport_files/sport_files/sport_files/saved_resource:0
[   59510ms] Unexpected token '<'
[   60929ms] [ERROR] Failed to find a valid digest in the 'integrity' attribute for resource 'http://localhost:5050/sport_files/sport_files/sport_files/sport_files/sport_files/sport_files/sport_files/sport_files/sport_files/sport_files/sport_files/sport_files/sport_files/sport_files/sport_files/sport_files/sport_files/sport_files/sport_files/sport_files/sport_files/sport_files/sport_files/sport_files/sport_files/sport_files/sport_files/jquery-3.5.1.min.js.download' with computed SHA-256 integrity 'DTTrzNOcAFDsdlQsy4HsrlWlISIc+wORMQC4XlHhmXU='. The resource has been blocked. @ http://localhost:5050/sport_files/sport_files/sport_files/sport_files/sport_files/sport_files/sport_files/sport_files/sport_files/sport_files/sport_files/sport_files/sport_files/sport_files/sport_files/sport_files/sport_files/sport_files/sport_files/sport_files/sport_files/sport_files/sport_files/sport_files/sport_files/sport_files/saved_resource:0
[   60950ms] Unexpected token '<'
[   61214ms] Unexpected token '<'
[   61224ms] ReferenceError: $ is not defined
    at http://localhost:5050/sport_files/sport_files/sport_files/sport_files/sport_files/sport_files/sport_files/sport_files/sport_files/sport_files/sport_files/sport_files/sport_files/sport_files/sport_files/sport_files/sport_files/sport_files/sport_files/sport_files/sport_files/sport_files/sport_files/sport_files/sport_files/sport_files/saved_resource:4178:1
[   61273ms] Unexpected token '<'
[   61282ms] Unexpected token '<'
[   61503ms] Unexpected token '<'
[   61523ms] Unexpected token '<'
[   61530ms] Unexpected token '<'
[   61552ms] Unexpected token '<'
[   61560ms] Unexpected token '<'
[   61633ms] Unexpected token '<'
[   61786ms] Unexpected token '<'
[   61811ms] Unexpected token '<'
[   62002ms] Unexpected token '<'
[   62006ms] Unexpected token '<'
[   62010ms] Unexpected token '<'
[   62059ms] [ERROR] Failed to find a valid digest in the 'integrity' attribute for resource 'http://localhost:5050/sport_files/sport_files/sport_files/sport_files/sport_files/sport_files/sport_files/sport_files/sport_files/sport_files/sport_files/sport_files/sport_files/sport_files/sport_files/sport_files/sport_files/sport_files/sport_files/sport_files/sport_files/sport_files/sport_files/sport_files/sport_files/sport_files/sport_files/v4513226cdae34746b4dedf0b4dfa099e1781791509496' with computed SHA-512 integrity 'CpHkeXwymh004TY8xUjK8lkOEqlnr0vDCdBGjA2ylugpltmkKhYDlaZwjoxjE7m7IBDMCkXlQQ1ogYy9jx7DMQ=='. The resource has been blocked. @ http://localhost:5050/sport_files/sport_files/sport_files/sport_files/sport_files/sport_files/sport_files/sport_files/sport_files/sport_files/sport_files/sport_files/sport_files/sport_files/sport_files/sport_files/sport_files/sport_files/sport_files/sport_files/sport_files/sport_files/sport_files/sport_files/sport_files/sport_files/saved_resource:0
[   62064ms] Unexpected token '<'
[   63149ms] [ERROR] Failed to find a valid digest in the 'integrity' attribute for resource 'http://localhost:5050/sport_files/sport_files/sport_files/sport_files/sport_files/sport_files/sport_files/sport_files/sport_files/sport_files/sport_files/sport_files/sport_files/sport_files/sport_files/sport_files/sport_files/sport_files/sport_files/sport_files/sport_files/sport_files/sport_files/sport_files/sport_files/sport_files/sport_files/sport_files/jquery-3.5.1.min.js.download' with computed SHA-256 integrity 'DTTrzNOcAFDsdlQsy4HsrlWlISIc+wORMQC4XlHhmXU='. The resource has been blocked. @ http://localhost:5050/sport_files/sport_files/sport_files/sport_files/sport_files/sport_files/sport_files/sport_files/sport_files/sport_files/sport_files/sport_files/sport_files/sport_files/sport_files/sport_files/sport_files/sport_files/sport_files/sport_files/sport_files/sport_files/sport_files/sport_files/sport_files/sport_files/sport_files/saved_resource:0
[   63196ms] Unexpected token '<'
[   63380ms] Unexpected token '<'
[   63443ms] ReferenceError: $ is not defined
    at http://localhost:5050/sport_files/sport_files/sport_files/sport_files/sport_files/sport_files/sport_files/sport_files/sport_files/sport_files/sport_files/sport_files/sport_files/sport_files/sport_files/sport_files/sport_files/sport_files/sport_files/sport_files/sport_files/sport_files/sport_files/sport_files/sport_files/sport_files/sport_files/saved_resource:4178:1
[   63449ms] Unexpected token '<'
[   63482ms] Unexpected token '<'
[   63502ms] Unexpected token '<'
[   63638ms] Unexpected token '<'
[   63688ms] Unexpected token '<'
[   63709ms] Unexpected token '<'
[   63730ms] Unexpected token '<'
[   63744ms] Unexpected token '<'
[   63930ms] Unexpected token '<'
[   63949ms] Unexpected token '<'
[   64232ms] Unexpected token '<'
[   64266ms] Unexpected token '<'
[   64311ms] Unexpected token '<'
[   64410ms] [ERROR] Failed to find a valid digest in the 'integrity' attribute for resource 'http://localhost:5050/sport_files/sport_files/sport_files/sport_files/sport_files/sport_files/sport_files/sport_files/sport_files/sport_files/sport_files/sport_files/sport_files/sport_files/sport_files/sport_files/sport_files/sport_files/sport_files/sport_files/sport_files/sport_files/sport_files/sport_files/sport_files/sport_files/sport_files/sport_files/v4513226cdae34746b4dedf0b4dfa099e1781791509496' with computed SHA-512 integrity 'CpHkeXwymh004TY8xUjK8lkOEqlnr0vDCdBGjA2ylugpltmkKhYDlaZwjoxjE7m7IBDMCkXlQQ1ogYy9jx7DMQ=='. The resource has been blocked. @ http://localhost:5050/sport_files/sport_files/sport_files/sport_files/sport_files/sport_files/sport_files/sport_files/sport_files/sport_files/sport_files/sport_files/sport_files/sport_files/sport_files/sport_files/sport_files/sport_files/sport_files/sport_files/sport_files/sport_files/sport_files/sport_files/sport_files/sport_files/sport_files/saved_resource:0
[   64417ms] Unexpected token '<'
[   65844ms] [ERROR] Failed to find a valid digest in the 'integrity' attribute for resource 'http://localhost:5050/sport_files/sport_files/sport_files/sport_files/sport_files/sport_files/sport_files/sport_files/sport_files/sport_files/sport_files/sport_files/sport_files/sport_files/sport_files/sport_files/sport_files/sport_files/sport_files/sport_files/sport_files/sport_files/sport_files/sport_files/sport_files/sport_files/sport_files/sport_files/sport_files/jquery-3.5.1.min.js.download' with computed SHA-256 integrity 'DTTrzNOcAFDsdlQsy4HsrlWlISIc+wORMQC4XlHhmXU='. The resource has been blocked. @ http://localhost:5050/sport_files/sport_files/sport_files/sport_files/sport_files/sport_files/sport_files/sport_files/sport_files/sport_files/sport_files/sport_files/sport_files/sport_files/sport_files/sport_files/sport_files/sport_files/sport_files/sport_files/sport_files/sport_files/sport_files/sport_files/sport_files/sport_files/sport_files/sport_files/saved_resource:0
[   65867ms] Unexpected token '<'
[   66079ms] Unexpected token '<'
[   66144ms] ReferenceError: $ is not defined
    at http://localhost:5050/sport_files/sport_files/sport_files/sport_files/sport_files/sport_files/sport_files/sport_files/sport_files/sport_files/sport_files/sport_files/sport_files/sport_files/sport_files/sport_files/sport_files/sport_files/sport_files/sport_files/sport_files/sport_files/sport_files/sport_files/sport_files/sport_files/sport_files/sport_files/saved_resource:4178:1
[   66151ms] Unexpected token '<'
[   66159ms] Unexpected token '<'
[   66191ms] Unexpected token '<'
[   66231ms] Unexpected token '<'
[   66292ms] Unexpected token '<'
[   66339ms] Unexpected token '<'
[   66348ms] Unexpected token '<'
[   66355ms] Unexpected token '<'
[   66416ms] Unexpected token '<'
[   66515ms] Unexpected token '<'
[   66806ms] Unexpected token '<'
[   66813ms] Unexpected token '<'
[   66837ms] Unexpected token '<'
[   66870ms] [ERROR] Failed to find a valid digest in the 'integrity' attribute for resource 'http://localhost:5050/sport_files/sport_files/sport_files/sport_files/sport_files/sport_files/sport_files/sport_files/sport_files/sport_files/sport_files/sport_files/sport_files/sport_files/sport_files/sport_files/sport_files/sport_files/sport_files/sport_files/sport_files/sport_files/sport_files/sport_files/sport_files/sport_files/sport_files/sport_files/sport_files/v4513226cdae34746b4dedf0b4dfa099e1781791509496' with computed SHA-512 integrity 'CpHkeXwymh004TY8xUjK8lkOEqlnr0vDCdBGjA2ylugpltmkKhYDlaZwjoxjE7m7IBDMCkXlQQ1ogYy9jx7DMQ=='. The resource has been blocked. @ http://localhost:5050/sport_files/sport_files/sport_files/sport_files/sport_files/sport_files/sport_files/sport_files/sport_files/sport_files/sport_files/sport_files/sport_files/sport_files/sport_files/sport_files/sport_files/sport_files/sport_files/sport_files/sport_files/sport_files/sport_files/sport_files/sport_files/sport_files/sport_files/sport_files/saved_resource:0
[   66875ms] Unexpected token '<'
[   67906ms] [ERROR] Failed to find a valid digest in the 'integrity' attribute for resource 'http://localhost:5050/sport_files/sport_files/sport_files/sport_files/sport_files/sport_files/sport_files/sport_files/sport_files/sport_files/sport_files/sport_files/sport_files/sport_files/sport_files/sport_files/sport_files/sport_files/sport_files/sport_files/sport_files/sport_files/sport_files/sport_files/sport_files/sport_files/sport_files/sport_files/sport_files/sport_files/jquery-3.5.1.min.js.download' with computed SHA-256 integrity 'DTTrzNOcAFDsdlQsy4HsrlWlISIc+wORMQC4XlHhmXU='. The resource has been blocked. @ http://localhost:5050/sport_files/sport_files/sport_files/sport_files/sport_files/sport_files/sport_files/sport_files/sport_files/sport_files/sport_files/sport_files/sport_files/sport_files/sport_files/sport_files/sport_files/sport_files/sport_files/sport_files/sport_files/sport_files/sport_files/sport_files/sport_files/sport_files/sport_files/sport_files/sport_files/saved_resource:0
[   67930ms] Unexpected token '<'
[   68273ms] Unexpected token '<'
[   68298ms] ReferenceError: $ is not defined
    at http://localhost:5050/sport_files/sport_files/sport_files/sport_files/sport_files/sport_files/sport_files/sport_files/sport_files/sport_files/sport_files/sport_files/sport_files/sport_files/sport_files/sport_files/sport_files/sport_files/sport_files/sport_files/sport_files/sport_files/sport_files/sport_files/sport_files/sport_files/sport_files/sport_files/sport_files/saved_resource:4178:1
[   68308ms] Unexpected token '<'
[   68329ms] Unexpected token '<'
[   68336ms] Unexpected token '<'
[   68355ms] Unexpected token '<'
[   68471ms] Unexpected token '<'
[   68522ms] Unexpected token '<'
[   68542ms] Unexpected token '<'
[   68552ms] Unexpected token '<'
[   68622ms] Unexpected token '<'
[   68645ms] Unexpected token '<'
[   68898ms] Unexpected token '<'
[   68905ms] Unexpected token '<'
[   68920ms] Unexpected token '<'
[   68954ms] [ERROR] Failed to find a valid digest in the 'integrity' attribute for resource 'http://localhost:5050/sport_files/sport_files/sport_files/sport_files/sport_files/sport_files/sport_files/sport_files/sport_files/sport_files/sport_files/sport_files/sport_files/sport_files/sport_files/sport_files/sport_files/sport_files/sport_files/sport_files/sport_files/sport_files/sport_files/sport_files/sport_files/sport_files/sport_files/sport_files/sport_files/sport_files/v4513226cdae34746b4dedf0b4dfa099e1781791509496' with computed SHA-512 integrity 'CpHkeXwymh004TY8xUjK8lkOEqlnr0vDCdBGjA2ylugpltmkKhYDlaZwjoxjE7m7IBDMCkXlQQ1ogYy9jx7DMQ=='. The resource has been blocked. @ http://localhost:5050/sport_files/sport_files/sport_files/sport_files/sport_files/sport_files/sport_files/sport_files/sport_files/sport_files/sport_files/sport_files/sport_files/sport_files/sport_files/sport_files/sport_files/sport_files/sport_files/sport_files/sport_files/sport_files/sport_files/sport_files/sport_files/sport_files/sport_files/sport_files/sport_files/saved_resource:0
[   68961ms] Unexpected token '<'
[   69937ms] [ERROR] Failed to find a valid digest in the 'integrity' attribute for resource 'http://localhost:5050/sport_files/sport_files/sport_files/sport_files/sport_files/sport_files/sport_files/sport_files/sport_files/sport_files/sport_files/sport_files/sport_files/sport_files/sport_files/sport_files/sport_files/sport_files/sport_files/sport_files/sport_files/sport_files/sport_files/sport_files/sport_files/sport_files/sport_files/sport_files/sport_files/sport_files/sport_files/jquery-3.5.1.min.js.download' with computed SHA-256 integrity 'DTTrzNOcAFDsdlQsy4HsrlWlISIc+wORMQC4XlHhmXU='. The resource has been blocked. @ http://localhost:5050/sport_files/sport_files/sport_files/sport_files/sport_files/sport_files/sport_files/sport_files/sport_files/sport_files/sport_files/sport_files/sport_files/sport_files/sport_files/sport_files/sport_files/sport_files/sport_files/sport_files/sport_files/sport_files/sport_files/sport_files/sport_files/sport_files/sport_files/sport_files/sport_files/sport_files/saved_resource:0
[   70094ms] Unexpected token '<'
[   70312ms] Unexpected token '<'
[   70340ms] ReferenceError: $ is not defined
    at http://localhost:5050/sport_files/sport_files/sport_files/sport_files/sport_files/sport_files/sport_files/sport_files/sport_files/sport_files/sport_files/sport_files/sport_files/sport_files/sport_files/sport_files/sport_files/sport_files/sport_files/sport_files/sport_files/sport_files/sport_files/sport_files/sport_files/sport_files/sport_files/sport_files/sport_files/sport_files/saved_resource:4178:1
[   70542ms] Unexpected token '<'
[   70578ms] Unexpected token '<'
[   70585ms] Unexpected token '<'
[   70590ms] Unexpected token '<'
[   70607ms] Unexpected token '<'
[   70722ms] Unexpected token '<'
[   70838ms] Unexpected token '<'
[   70884ms] Unexpected token '<'
[   70890ms] Unexpected token '<'
[   70907ms] Unexpected token '<'
[   71233ms] Unexpected token '<'
[   71240ms] Unexpected token '<'
[   71262ms] Unexpected token '<'
[   71307ms] [ERROR] Failed to find a valid digest in the 'integrity' attribute for resource 'http://localhost:5050/sport_files/sport_files/sport_files/sport_files/sport_files/sport_files/sport_files/sport_files/sport_files/sport_files/sport_files/sport_files/sport_files/sport_files/sport_files/sport_files/sport_files/sport_files/sport_files/sport_files/sport_files/sport_files/sport_files/sport_files/sport_files/sport_files/sport_files/sport_files/sport_files/sport_files/sport_files/v4513226cdae34746b4dedf0b4dfa099e1781791509496' with computed SHA-512 integrity 'CpHkeXwymh004TY8xUjK8lkOEqlnr0vDCdBGjA2ylugpltmkKhYDlaZwjoxjE7m7IBDMCkXlQQ1ogYy9jx7DMQ=='. The resource has been blocked. @ http://localhost:5050/sport_files/sport_files/sport_files/sport_files/sport_files/sport_files/sport_files/sport_files/sport_files/sport_files/sport_files/sport_files/sport_files/sport_files/sport_files/sport_files/sport_files/sport_files/sport_files/sport_files/sport_files/sport_files/sport_files/sport_files/sport_files/sport_files/sport_files/sport_files/sport_files/sport_files/saved_resource:0
[   71315ms] Unexpected token '<'
[   72339ms] [ERROR] Failed to find a valid digest in the 'integrity' attribute for resource 'http://localhost:5050/sport_files/sport_files/sport_files/sport_files/sport_files/sport_files/sport_files/sport_files/sport_files/sport_files/sport_files/sport_files/sport_files/sport_files/sport_files/sport_files/sport_files/sport_files/sport_files/sport_files/sport_files/sport_files/sport_files/sport_files/sport_files/sport_files/sport_files/sport_files/sport_files/sport_files/sport_files/sport_files/jquery-3.5.1.min.js.download' with computed SHA-256 integrity 'DTTrzNOcAFDsdlQsy4HsrlWlISIc+wORMQC4XlHhmXU='. The resource has been blocked. @ http://localhost:5050/sport_files/sport_files/sport_files/sport_files/sport_files/sport_files/sport_files/sport_files/sport_files/sport_files/sport_files/sport_files/sport_files/sport_files/sport_files/sport_files/sport_files/sport_files/sport_files/sport_files/sport_files/sport_files/sport_files/sport_files/sport_files/sport_files/sport_files/sport_files/sport_files/sport_files/sport_files/saved_resource:0
[   72358ms] Unexpected token '<'
[   72585ms] Unexpected token '<'
[   72618ms] ReferenceError: $ is not defined
    at http://localhost:5050/sport_files/sport_files/sport_files/sport_files/sport_files/sport_files/sport_files/sport_files/sport_files/sport_files/sport_files/sport_files/sport_files/sport_files/sport_files/sport_files/sport_files/sport_files/sport_files/sport_files/sport_files/sport_files/sport_files/sport_files/sport_files/sport_files/sport_files/sport_files/sport_files/sport_files/sport_files/saved_resource:4178:1
[   72775ms] Unexpected token '<'
[   72790ms] Unexpected token '<'
[   72795ms] Unexpected token '<'
[   72801ms] Unexpected token '<'
[   72815ms] Unexpected token '<'
[   72877ms] Unexpected token '<'
[   72965ms] Unexpected token '<'
[   72988ms] Unexpected token '<'
[   73002ms] Unexpected token '<'
[   73015ms] Unexpected token '<'
[   73300ms] Unexpected token '<'
[   73307ms] Unexpected token '<'
[   73322ms] Unexpected token '<'
[   73357ms] [ERROR] Failed to find a valid digest in the 'integrity' attribute for resource 'http://localhost:5050/sport_files/sport_files/sport_files/sport_files/sport_files/sport_files/sport_files/sport_files/sport_files/sport_files/sport_files/sport_files/sport_files/sport_files/sport_files/sport_files/sport_files/sport_files/sport_files/sport_files/sport_files/sport_files/sport_files/sport_files/sport_files/sport_files/sport_files/sport_files/sport_files/sport_files/sport_files/sport_files/v4513226cdae34746b4dedf0b4dfa099e1781791509496' with computed SHA-512 integrity 'CpHkeXwymh004TY8xUjK8lkOEqlnr0vDCdBGjA2ylugpltmkKhYDlaZwjoxjE7m7IBDMCkXlQQ1ogYy9jx7DMQ=='. The resource has been blocked. @ http://localhost:5050/sport_files/sport_files/sport_files/sport_files/sport_files/sport_files/sport_files/sport_files/sport_files/sport_files/sport_files/sport_files/sport_files/sport_files/sport_files/sport_files/sport_files/sport_files/sport_files/sport_files/sport_files/sport_files/sport_files/sport_files/sport_files/sport_files/sport_files/sport_files/sport_files/sport_files/sport_files/saved_resource:0
[   73363ms] Unexpected token '<'
[   74438ms] [ERROR] Failed to find a valid digest in the 'integrity' attribute for resource 'http://localhost:5050/sport_files/sport_files/sport_files/sport_files/sport_files/sport_files/sport_files/sport_files/sport_files/sport_files/sport_files/sport_files/sport_files/sport_files/sport_files/sport_files/sport_files/sport_files/sport_files/sport_files/sport_files/sport_files/sport_files/sport_files/sport_files/sport_files/sport_files/sport_files/sport_files/sport_files/sport_files/sport_files/sport_files/jquery-3.5.1.min.js.download' with computed SHA-256 integrity 'DTTrzNOcAFDsdlQsy4HsrlWlISIc+wORMQC4XlHhmXU='. The resource has been blocked. @ http://localhost:5050/sport_files/sport_files/sport_files/sport_files/sport_files/sport_files/sport_files/sport_files/sport_files/sport_files/sport_files/sport_files/sport_files/sport_files/sport_files/sport_files/sport_files/sport_files/sport_files/sport_files/sport_files/sport_files/sport_files/sport_files/sport_files/sport_files/sport_files/sport_files/sport_files/sport_files/sport_files/sport_files/saved_resource:0
[   74459ms] Unexpected token '<'
[   74821ms] Unexpected token '<'
[   74835ms] ReferenceError: $ is not defined
    at http://localhost:5050/sport_files/sport_files/sport_files/sport_files/sport_files/sport_files/sport_files/sport_files/sport_files/sport_files/sport_files/sport_files/sport_files/sport_files/sport_files/sport_files/sport_files/sport_files/sport_files/sport_files/sport_files/sport_files/sport_files/sport_files/sport_files/sport_files/sport_files/sport_files/sport_files/sport_files/sport_files/sport_files/saved_resource:4178:1
[   74840ms] Unexpected token '<'
[   74844ms] Unexpected token '<'
[   74857ms] Unexpected token '<'
[   74862ms] Unexpected token '<'
[   74932ms] Unexpected token '<'
[   75019ms] Unexpected token '<'
[   75039ms] Unexpected token '<'
[   75046ms] Unexpected token '<'
[   75087ms] Unexpected token '<'
[   75152ms] Unexpected token '<'
[   75511ms] Unexpected token '<'
[   75531ms] Unexpected token '<'
[   75537ms] Unexpected token '<'
[   75589ms] [ERROR] Failed to find a valid digest in the 'integrity' attribute for resource 'http://localhost:5050/sport_files/sport_files/sport_files/sport_files/sport_files/sport_files/sport_files/sport_files/sport_files/sport_files/sport_files/sport_files/sport_files/sport_files/sport_files/sport_files/sport_files/sport_files/sport_files/sport_files/sport_files/sport_files/sport_files/sport_files/sport_files/sport_files/sport_files/sport_files/sport_files/sport_files/sport_files/sport_files/sport_files/v4513226cdae34746b4dedf0b4dfa099e1781791509496' with computed SHA-512 integrity 'CpHkeXwymh004TY8xUjK8lkOEqlnr0vDCdBGjA2ylugpltmkKhYDlaZwjoxjE7m7IBDMCkXlQQ1ogYy9jx7DMQ=='. The resource has been blocked. @ http://localhost:5050/sport_files/sport_files/sport_files/sport_files/sport_files/sport_files/sport_files/sport_files/sport_files/sport_files/sport_files/sport_files/sport_files/sport_files/sport_files/sport_files/sport_files/sport_files/sport_files/sport_files/sport_files/sport_files/sport_files/sport_files/sport_files/sport_files/sport_files/sport_files/sport_files/sport_files/sport_files/sport_files/saved_resource:0
[   75598ms] Unexpected token '<'
[   75874ms] [ERROR] Failed to load resource: net::ERR_CONNECTION_RESET @ http://localhost:5050/sport_files/sport_files/sport_files/sport_files/sport_files/sport_files/sport_files/sport_files/sport_files/sport_files/sport_files/sport_files/sport_files/sport_files/sport_files/sport_files/sport_files/1786955295865.png:0
[   75875ms] [ERROR] Failed to load resource: net::ERR_CONNECTION_RESET @ http://localhost:5050/sport_files/sport_files/sport_files/sport_files/sport_files/sport_files/sport_files/sport_files/sport_files/sport_files/sport_files/sport_files/sport_files/sport_files/sport_files/sport_files/sport_files/1786955165631.png:0
[   75875ms] [ERROR] Failed to load resource: net::ERR_CONNECTION_RESET @ http://localhost:5050/sport_files/sport_files/sport_files/sport_files/sport_files/sport_files/sport_files/sport_files/sport_files/sport_files/sport_files/sport_files/sport_files/sport_files/sport_files/sport_files/sport_files/1786956861063.png:0
[   75875ms] [ERROR] Failed to load resource: net::ERR_CONNECTION_RESET @ http://localhost:5050/sport_files/sport_files/sport_files/sport_files/sport_files/sport_files/sport_files/sport_files/sport_files/sport_files/sport_files/sport_files/sport_files/sport_files/sport_files/sport_files/sport_files/1784278232340.png:0
[   78235ms] [ERROR] Failed to load resource: net::ERR_CONNECTION_REFUSED @ http://localhost:5050/sport_files/sport_files/sport_files/sport_files/sport_files/sport_files/sport_files/sport_files/sport_files/sport_files/sport_files/sport_files/sport_files/sport_files/sport_files/sport_files/sport_files/1778281651447.jpg:0
[   78235ms] [ERROR] Failed to load resource: net::ERR_CONNECTION_REFUSED @ http://localhost:5050/sport_files/sport_files/sport_files/sport_files/sport_files/sport_files/sport_files/sport_files/sport_files/sport_files/sport_files/sport_files/sport_files/sport_files/sport_files/sport_files/sport_files/1778281818727.jpg:0
[   78236ms] [ERROR] Failed to load resource: net::ERR_CONNECTION_REFUSED @ http://localhost:5050/sport_files/sport_files/sport_files/sport_files/sport_files/sport_files/sport_files/sport_files/sport_files/sport_files/sport_files/sport_files/sport_files/sport_files/sport_files/sport_files/sport_files/1786954620167.png:0
[   78236ms] [ERROR] Failed to load resource: net::ERR_CONNECTION_REFUSED @ http://localhost:5050/sport_files/sport_files/sport_files/sport_files/sport_files/sport_files/sport_files/sport_files/sport_files/sport_files/sport_files/sport_files/sport_files/sport_files/sport_files/sport_files/sport_files/1785664485511.webp:0
[   78236ms] [ERROR] Failed to load resource: net::ERR_CONNECTION_REFUSED @ http://localhost:5050/sport_files/sport_files/sport_files/sport_files/sport_files/sport_files/sport_files/sport_files/sport_files/sport_files/sport_files/sport_files/sport_files/sport_files/sport_files/sport_files/sport_files/1786954661225.png:0
[   78236ms] [ERROR] Failed to load resource: net::ERR_CONNECTION_REFUSED @ http://localhost:5050/sport_files/sport_files/sport_files/sport_files/sport_files/sport_files/sport_files/sport_files/sport_files/sport_files/sport_files/sport_files/sport_files/sport_files/sport_files/sport_files/sport_files/1786954681257.png:0
[   80588ms] [ERROR] Failed to load resource: net::ERR_CONNECTION_REFUSED @ http://localhost:5050/sport_files/sport_files/sport_files/sport_files/sport_files/sport_files/sport_files/sport_files/sport_files/sport_files/sport_files/sport_files/sport_files/sport_files/sport_files/sport_files/sport_files/1786955062370.png:0
[   80589ms] [ERROR] Failed to load resource: net::ERR_CONNECTION_REFUSED @ http://localhost:5050/sport_files/sport_files/sport_files/sport_files/sport_files/sport_files/sport_files/sport_files/sport_files/sport_files/sport_files/sport_files/sport_files/sport_files/sport_files/sport_files/sport_files/1786956817268.png:0
[   80589ms] [ERROR] Failed to load resource: net::ERR_CONNECTION_REFUSED @ http://localhost:5050/sport_files/sport_files/sport_files/sport_files/sport_files/sport_files/sport_files/sport_files/sport_files/sport_files/sport_files/sport_files/sport_files/sport_files/sport_files/sport_files/sport_files/1786956834836.png:0
[   80589ms] [ERROR] Failed to load resource: net::ERR_CONNECTION_REFUSED @ http://localhost:5050/sport_files/sport_files/sport_files/sport_files/sport_files/sport_files/sport_files/sport_files/sport_files/sport_files/sport_files/sport_files/sport_files/sport_files/sport_files/sport_files/sport_files/1786956880596.png:0
[   80589ms] [ERROR] Failed to load resource: net::ERR_CONNECTION_REFUSED @ http://localhost:5050/sport_files/sport_files/sport_files/sport_files/sport_files/sport_files/sport_files/sport_files/sport_files/sport_files/sport_files/sport_files/sport_files/sport_files/sport_files/sport_files/sport_files/banners/1787598384490.webp:0
[   80589ms] [ERROR] Failed to load resource: net::ERR_CONNECTION_REFUSED @ http://localhost:5050/sport_files/sport_files/sport_files/sport_files/sport_files/sport_files/sport_files/sport_files/sport_files/sport_files/sport_files/sport_files/sport_files/sport_files/sport_files/sport_files/sport_files/banners/1787628463829.webp:0
[   82935ms] [ERROR] Failed to load resource: net::ERR_CONNECTION_REFUSED @ http://localhost:5050/sport_files/sport_files/sport_files/sport_files/sport_files/sport_files/sport_files/sport_files/sport_files/sport_files/sport_files/sport_files/sport_files/sport_files/sport_files/sport_files/sport_files/banners/1787598250897.webp:0
[   82953ms] [ERROR] Failed to load resource: net::ERR_CONNECTION_REFUSED @ http://localhost:5050/sport_files/sport_files/sport_files/sport_files/sport_files/sport_files/sport_files/sport_files/sport_files/sport_files/sport_files/sport_files/sport_files/sport_files/sport_files/sport_files/sport_files/banners/1787428510867.webp:0
[   82953ms] [ERROR] Failed to load resource: net::ERR_CONNECTION_REFUSED @ http://localhost:5050/sport_files/sport_files/sport_files/sport_files/sport_files/sport_files/sport_files/sport_files/sport_files/sport_files/sport_files/sport_files/sport_files/sport_files/sport_files/sport_files/sport_files/banners/1787513921448.webp:0
[   82953ms] [ERROR] Failed to load resource: net::ERR_CONNECTION_REFUSED @ http://localhost:5050/sport_files/sport_files/sport_files/sport_files/sport_files/sport_files/sport_files/sport_files/sport_files/sport_files/sport_files/sport_files/sport_files/sport_files/sport_files/sport_files/sport_files/banners/1787553144555.webp:0
[   82953ms] [ERROR] Failed to load resource: net::ERR_CONNECTION_REFUSED @ http://localhost:5050/sport_files/sport_files/sport_files/sport_files/sport_files/sport_files/sport_files/sport_files/sport_files/sport_files/sport_files/sport_files/sport_files/sport_files/sport_files/sport_files/sport_files/banners/1787599619974.webp:0
[   82953ms] [ERROR] Failed to load resource: net::ERR_CONNECTION_REFUSED @ http://localhost:5050/sport_files/sport_files/sport_files/sport_files/sport_files/sport_files/sport_files/sport_files/sport_files/sport_files/sport_files/sport_files/sport_files/sport_files/sport_files/sport_files/sport_files/banners/1787599192985.webp:0
[   85273ms] [ERROR] Failed to load resource: net::ERR_CONNECTION_REFUSED @ http://localhost:5050/sport_files/sport_files/sport_files/sport_files/sport_files/sport_files/sport_files/sport_files/sport_files/sport_files/sport_files/sport_files/sport_files/sport_files/sport_files/sport_files/sport_files/banners/1787635044676.webp:0
[   85290ms] [ERROR] Failed to load resource: net::ERR_CONNECTION_REFUSED @ http://localhost:5050/sport_files/sport_files/sport_files/sport_files/sport_files/sport_files/sport_files/sport_files/sport_files/sport_files/sport_files/sport_files/sport_files/sport_files/sport_files/sport_files/sport_files/sidebanners/1786268892004.png:0
[   85290ms] [ERROR] Failed to load resource: net::ERR_CONNECTION_REFUSED @ http://localhost:5050/sport_files/sport_files/sport_files/sport_files/sport_files/sport_files/sport_files/sport_files/sport_files/sport_files/sport_files/sport_files/sport_files/sport_files/sport_files/sport_files/sport_files/sidebanners/1786956798302.png:0
[   85290ms] [ERROR] Failed to load resource: net::ERR_CONNECTION_REFUSED @ http://localhost:5050/sport_files/sport_files/sport_files/sport_files/sport_files/sport_files/sport_files/sport_files/sport_files/sport_files/sport_files/sport_files/sport_files/sport_files/sport_files/sport_files/sport_files/sidebanners/1786268932607.png:0
[   85290ms] [ERROR] Failed to load resource: net::ERR_CONNECTION_REFUSED @ http://localhost:5050/sport_files/sport_files/sport_files/sport_files/sport_files/sport_files/sport_files/sport_files/sport_files/sport_files/sport_files/sport_files/sport_files/sport_files/sport_files/sport_files/sport_files/sidebanners/1778281410174.jpg:0
[   85290ms] [ERROR] Failed to load resource: net::ERR_CONNECTION_REFUSED @ http://localhost:5050/sport_files/sport_files/sport_files/sport_files/sport_files/sport_files/sport_files/sport_files/sport_files/sport_files/sport_files/sport_files/sport_files/sport_files/sport_files/sport_files/sport_files/sidebanners/1786895079723.png:0
[   87626ms] [ERROR] Failed to load resource: net::ERR_CONNECTION_REFUSED @ http://localhost:5050/sport_files/sport_files/sport_files/sport_files/sport_files/sport_files/sport_files/sport_files/sport_files/sport_files/sport_files/sport_files/sport_files/sport_files/sport_files/sport_files/sport_files/sidebanners/1786956861063.png:0
[   87641ms] [ERROR] Failed to load resource: net::ERR_CONNECTION_REFUSED @ http://localhost:5050/sport_files/sport_files/sport_files/sport_files/sport_files/sport_files/sport_files/sport_files/sport_files/sport_files/sport_files/sport_files/sport_files/sport_files/sport_files/sport_files/sport_files/sidebanners/1786895164801.png:0
[   87642ms] [ERROR] Failed to load resource: net::ERR_CONNECTION_REFUSED @ http://localhost:5050/sport_files/sport_files/sport_files/sport_files/sport_files/sport_files/sport_files/sport_files/sport_files/sport_files/sport_files/sport_files/sport_files/sport_files/sport_files/sport_files/sport_files/sidebanners/1786955165631.png:0
[   87642ms] [ERROR] Failed to load resource: net::ERR_CONNECTION_REFUSED @ http://localhost:5050/sport_files/sport_files/sport_files/sport_files/sport_files/sport_files/sport_files/sport_files/sport_files/sport_files/sport_files/sport_files/sport_files/sport_files/sport_files/sport_files/sport_files/sidebanners/1784278232340.png:0
[   87642ms] [ERROR] Failed to load resource: net::ERR_CONNECTION_REFUSED @ http://localhost:5050/sport_files/sport_files/sport_files/sport_files/sport_files/sport_files/sport_files/sport_files/sport_files/sport_files/sport_files/sport_files/sport_files/sport_files/sport_files/sport_files/sport_files/sidebanners/1786955295865.png:0
[   87642ms] [ERROR] Failed to load resource: net::ERR_CONNECTION_REFUSED @ http://localhost:5050/sport_files/sport_files/sport_files/sport_files/sport_files/sport_files/sport_files/sport_files/sport_files/sport_files/sport_files/sport_files/sport_files/sport_files/sport_files/sport_files/sport_files/sidebanners/1778281651447.jpg:0
[   89988ms] [ERROR] Failed to load resource: net::ERR_CONNECTION_REFUSED @ http://localhost:5050/sport_files/sport_files/sport_files/sport_files/sport_files/sport_files/sport_files/sport_files/sport_files/sport_files/sport_files/sport_files/sport_files/sport_files/sport_files/sport_files/sport_files/sidebanners/1778281818727.jpg:0
[   90004ms] [ERROR] Failed to load resource: net::ERR_CONNECTION_REFUSED @ http://localhost:5050/sport_files/sport_files/sport_files/sport_files/sport_files/sport_files/sport_files/sport_files/sport_files/sport_files/sport_files/sport_files/sport_files/sport_files/sport_files/sport_files/sport_files/sidebanners/1786954620167.png:0
[   90004ms] [ERROR] Failed to load resource: net::ERR_CONNECTION_REFUSED @ http://localhost:5050/sport_files/sport_files/sport_files/sport_files/sport_files/sport_files/sport_files/sport_files/sport_files/sport_files/sport_files/sport_files/sport_files/sport_files/sport_files/sport_files/sport_files/sidebanners/1786954661225.png:0
[   90004ms] [ERROR] Failed to load resource: net::ERR_CONNECTION_REFUSED @ http://localhost:5050/sport_files/sport_files/sport_files/sport_files/sport_files/sport_files/sport_files/sport_files/sport_files/sport_files/sport_files/sport_files/sport_files/sport_files/sport_files/sport_files/sport_files/sidebanners/1786954681257.png:0
[   90004ms] [ERROR] Failed to load resource: net::ERR_CONNECTION_REFUSED @ http://localhost:5050/sport_files/sport_files/sport_files/sport_files/sport_files/sport_files/sport_files/sport_files/sport_files/sport_files/sport_files/sport_files/sport_files/sport_files/sport_files/sport_files/sport_files/sidebanners/1786956817268.png:0
[   90004ms] [ERROR] Failed to load resource: net::ERR_CONNECTION_REFUSED @ http://localhost:5050/sport_files/sport_files/sport_files/sport_files/sport_files/sport_files/sport_files/sport_files/sport_files/sport_files/sport_files/sport_files/sport_files/sport_files/sport_files/sport_files/sport_files/sidebanners/1786956834836.png:0
[   92357ms] [ERROR] Failed to load resource: net::ERR_CONNECTION_REFUSED @ http://localhost:5050/sport_files/sport_files/sport_files/sport_files/sport_files/sport_files/sport_files/sport_files/sport_files/sport_files/sport_files/sport_files/sport_files/sport_files/sport_files/sport_files/sport_files/sidebanners/1786956880596.png:0
[   92357ms] [ERROR] Failed to load resource: net::ERR_CONNECTION_REFUSED @ http://localhost:5050/sport_files/sport_files/sport_files/sport_files/sport_files/sport_files/sport_files/sport_files/sport_files/sport_files/sport_files/sport_files/sport_files/sport_files/sport_files/sport_files/sport_files/sidebanners/1785664485511.webp:0
[   92372ms] [ERROR] Failed to load resource: net::ERR_CONNECTION_REFUSED @ http://localhost:5050/sport_files/sport_files/sport_files/sport_files/sport_files/sport_files/sport_files/sport_files/sport_files/sport_files/sport_files/sport_files/sport_files/sport_files/sport_files/sport_files/sport_files/sidebanners/1786955062370.png:0
[   92373ms] [ERROR] Failed to load resource: net::ERR_CONNECTION_REFUSED @ http://localhost:5050/sport_files/sport_files/sport_files/sport_files/sport_files/sport_files/sport_files/sport_files/sport_files/sport_files/sport_files/sport_files/sport_files/sport_files/sport_files/sport_files/sport_files/sport_files/sport_files/sport_files/sport_files/sport_files/sport_files/sport_files/sport_files/speaker.svg:0
[   92373ms] [ERROR] Failed to load resource: net::ERR_CONNECTION_REFUSED @ http://localhost:5050/sport_files/sport_files/sport_files/sport_files/sport_files/sport_files/sport_files/sport_files/sport_files/sport_files/sport_files/sport_files/sport_files/sport_files/sport_files/sport_files/sport_files/logo.png:0
[   92373ms] [ERROR] Failed to load resource: net::ERR_CONNECTION_REFUSED @ http://localhost:5050/sport_files/sport_files/sport_files/sport_files/sport_files/sport_files/sport_files/sport_files/sport_files/sport_files/sport_files/sport_files/sport_files/sport_files/sport_files/sport_files/sport_files/sport_files/sport_files/sport_files/sport_files/sport_files/sport_files/sport_files/sport_files/arrow-down.svg:0
[   94706ms] [ERROR] Failed to load resource: net::ERR_CONNECTION_REFUSED @ http://localhost:5050/sport_files/sport_files/sport_files/sport_files/sport_files/sport_files/sport_files/sport_files/sport_files/sport_files/sport_files/sport_files/sport_files/sport_files/sport_files/sport_files/sport_files/sport_files/sport_files/sport_files/sport_files/sport_files/sport_files/sport_files/sport_files/telegram.png:0
[   94706ms] [ERROR] Failed to load resource: net::ERR_CONNECTION_REFUSED @ http://localhost:5050/sport_files/sport_files/sport_files/sport_files/sport_files/sport_files/sport_files/sport_files/sport_files/sport_files/sport_files/sport_files/sport_files/sport_files/sport_files/sport_files/sport_files/sport_files/sport_files/sport_files/sport_files/sport_files/sport_files/sport_files/sport_files/twitter.png:0
[   94738ms] [ERROR] Failed to load resource: net::ERR_CONNECTION_REFUSED @ http://localhost:5050/sport_files/sport_files/sport_files/sport_files/sport_files/sport_files/sport_files/sport_files/sport_files/sport_files/sport_files/sport_files/sport_files/sport_files/sport_files/sport_files/sport_files/sport_files/sport_files/sport_files/sport_files/sport_files/sport_files/sport_files/sport_files/ssl.png:0
[   94738ms] [ERROR] Failed to load resource: net::ERR_CONNECTION_REFUSED @ http://localhost:5050/sport_files/sport_files/sport_files/sport_files/sport_files/sport_files/sport_files/sport_files/sport_files/sport_files/sport_files/sport_files/sport_files/sport_files/sport_files/sport_files/sport_files/sport_files/sport_files/sport_files/sport_files/sport_files/sport_files/sport_files/sport_files/18plus.png:0
[   94738ms] [ERROR] Failed to load resource: net::ERR_CONNECTION_REFUSED @ http://localhost:5050/sport_files/sport_files/sport_files/sport_files/sport_files/sport_files/sport_files/sport_files/sport_files/sport_files/sport_files/sport_files/sport_files/sport_files/sport_files/sport_files/sport_files/sport_files/sport_files/sport_files/sport_files/sport_files/sport_files/sport_files/sport_files/sport_files/speaker.svg:0
[   94739ms] [ERROR] Failed to load resource: net::ERR_CONNECTION_REFUSED @ http://localhost:5050/sport_files/sport_files/sport_files/sport_files/sport_files/sport_files/sport_files/sport_files/sport_files/sport_files/sport_files/sport_files/sport_files/sport_files/sport_files/sport_files/sport_files/sport_files/sport_files/sport_files/sport_files/sport_files/sport_files/sport_files/sport_files/sport_files/arrow-down.svg:0
[   97055ms] [ERROR] Failed to load resource: net::ERR_CONNECTION_REFUSED @ http://localhost:5050/sport_files/sport_files/sport_files/sport_files/sport_files/sport_files/sport_files/sport_files/sport_files/sport_files/sport_files/sport_files/sport_files/sport_files/sport_files/sport_files/sport_files/sport_files/sport_files/sport_files/sport_files/sport_files/sport_files/sport_files/sport_files/sport_files/telegram.png:0
[   97055ms] [ERROR] Failed to load resource: net::ERR_CONNECTION_REFUSED @ http://localhost:5050/sport_files/sport_files/sport_files/sport_files/sport_files/sport_files/sport_files/sport_files/sport_files/sport_files/sport_files/sport_files/sport_files/sport_files/sport_files/sport_files/sport_files/sport_files/sport_files/sport_files/sport_files/sport_files/sport_files/sport_files/sport_files/sport_files/twitter.png:0
[   97073ms] [ERROR] Failed to load resource: net::ERR_CONNECTION_REFUSED @ http://localhost:5050/sport_files/sport_files/sport_files/sport_files/sport_files/sport_files/sport_files/sport_files/sport_files/sport_files/sport_files/sport_files/sport_files/sport_files/sport_files/sport_files/sport_files/sport_files/sport_files/sport_files/sport_files/sport_files/sport_files/sport_files/sport_files/sport_files/ssl.png:0
[   97073ms] [ERROR] Failed to load resource: net::ERR_CONNECTION_REFUSED @ http://localhost:5050/sport_files/sport_files/sport_files/sport_files/sport_files/sport_files/sport_files/sport_files/sport_files/sport_files/sport_files/sport_files/sport_files/sport_files/sport_files/sport_files/sport_files/sport_files/sport_files/sport_files/sport_files/sport_files/sport_files/sport_files/sport_files/sport_files/18plus.png:0
[   97091ms] [ERROR] Failed to load resource: net::ERR_CONNECTION_REFUSED @ http://localhost:5050/sport_files/sport_files/sport_files/sport_files/sport_files/sport_files/sport_files/sport_files/sport_files/sport_files/sport_files/sport_files/sport_files/sport_files/sport_files/sport_files/sport_files/sport_files/sport_files/sport_files/gamecare.png:0
[   97091ms] [ERROR] Failed to load resource: net::ERR_CONNECTION_REFUSED @ http://localhost:5050/sport_files/sport_files/sport_files/sport_files/sport_files/sport_files/sport_files/sport_files/sport_files/sport_files/sport_files/sport_files/sport_files/sport_files/sport_files/sport_files/sport_files/sport_files/sport_files/sport_files/gt.png:0
[  165036ms] [ERROR] Failed to load resource: the server responded with a status of 404 (Not Found) @ http://localhost:5050/sport_files/sport_files/all.css:0
[  165036ms] [ERROR] Failed to load resource: the server responded with a status of 404 (Not Found) @ http://localhost:5050/sport_files/sport_files/animate.css@3.5.1:0
[  165036ms] [ERROR] Failed to load resource: the server responded with a status of 404 (Not Found) @ http://localhost:5050/sport_files/sport_files/bootstrap.min.css:0
[  165036ms] [ERROR] Failed to load resource: the server responded with a status of 404 (Not Found) @ http://localhost:5050/sport_files/sport_files/control.css:0
[  165036ms] [ERROR] Failed to load resource: the server responded with a status of 404 (Not Found) @ http://localhost:5050/sport_files/sport_files/owl.theme.default.min.css:0
[  165036ms] [ERROR] Failed to load resource: the server responded with a status of 404 (Not Found) @ http://localhost:5050/sport_files/sport_files/owl.carousel.min.css:0
[  165834ms] [ERROR] Failed to load resource: the server responded with a status of 404 (Not Found) @ http://localhost:5050/sport_files/sport_files/main.css:0
[  165835ms] [ERROR] Failed to load resource: the server responded with a status of 404 (Not Found) @ http://localhost:5050/sport_files/sport_files/style.css:0
[  165835ms] [ERROR] Failed to load resource: the server responded with a status of 404 (Not Found) @ http://localhost:5050/sport_files/sport_files/color.css:0
[  165835ms] [ERROR] Failed to load resource: the server responded with a status of 404 (Not Found) @ http://localhost:5050/sport_files/sport_files/animation.css:0
[  165835ms] [ERROR] Failed to load resource: the server responded with a status of 404 (Not Found) @ http://localhost:5050/sport_files/sport_files/responsive.css:0
[  165836ms] [ERROR] Failed to load resource: the server responded with a status of 404 (Not Found) @ http://localhost:5050/sport_files/sport_files/animation-mobile.css:0
[  166132ms] [ERROR] Failed to load resource: the server responded with a status of 404 (Not Found) @ http://localhost:5050/sport_files/sport_files/css2:0
[  166132ms] [ERROR] Failed to load resource: the server responded with a status of 404 (Not Found) @ http://localhost:5050/sport_files/sport_files/theme.css:0
[  166132ms] [ERROR] Failed to load resource: the server responded with a status of 404 (Not Found) @ http://localhost:5050/sport_files/sport_files/custom.css:0
[  166132ms] [ERROR] Failed to load resource: the server responded with a status of 404 (Not Found) @ http://localhost:5050/sport_files/sport_files/sport_files/bootstrap.min.css:0
[  166133ms] [ERROR] Failed to load resource: the server responded with a status of 404 (Not Found) @ http://localhost:5050/sport_files/sport_files/point-custom.css:0
[  166133ms] [ERROR] Failed to load resource: the server responded with a status of 404 (Not Found) @ http://localhost:5050/sport_files/sport_files/sport_files/all.css:0
[  166752ms] [ERROR] Failed to load resource: the server responded with a status of 404 (Not Found) @ http://localhost:5050/sport_files/sport_files/sport_files/animate.css@3.5.1:0
[  166752ms] [ERROR] Failed to load resource: the server responded with a status of 404 (Not Found) @ http://localhost:5050/sport_files/sport_files/sport_files/owl.carousel.min.css:0
[  166752ms] [ERROR] Failed to load resource: the server responded with a status of 404 (Not Found) @ http://localhost:5050/sport_files/sport_files/sport_files/owl.theme.default.min.css:0
[  166753ms] [ERROR] Failed to load resource: the server responded with a status of 404 (Not Found) @ http://localhost:5050/sport_files/sport_files/sport_files/control.css:0
[  166753ms] [ERROR] Failed to load resource: the server responded with a status of 404 (Not Found) @ http://localhost:5050/sport_files/sport_files/sport_files/color.css:0
[  166753ms] [ERROR] Failed to load resource: the server responded with a status of 404 (Not Found) @ http://localhost:5050/sport_files/sport_files/sport_files/style.css:0
[  167050ms] [ERROR] Failed to load resource: the server responded with a status of 404 (Not Found) @ http://localhost:5050/sport_files/sport_files/sport_files/animation.css:0
[  167050ms] [ERROR] Failed to load resource: the server responded with a status of 404 (Not Found) @ http://localhost:5050/sport_files/sport_files/sport_files/css2:0
[  167050ms] [ERROR] Failed to load resource: the server responded with a status of 404 (Not Found) @ http://localhost:5050/sport_files/sport_files/sport_files/point-custom.css:0
[  167050ms] [ERROR] Failed to load resource: the server responded with a status of 404 (Not Found) @ http://localhost:5050/sport_files/sport_files/sport_files/animation-mobile.css:0
[  167051ms] [ERROR] Failed to load resource: the server responded with a status of 404 (Not Found) @ http://localhost:5050/sport_files/sport_files/sport_files/responsive.css:0
[  167051ms] [ERROR] Failed to load resource: the server responded with a status of 404 (Not Found) @ http://localhost:5050/sport_files/sport_files/sport_files/main.css:0
[  167189ms] [ERROR] Failed to load resource: the server responded with a status of 404 (Not Found) @ http://localhost:5050/sport_files/sport_files/sport_files/theme.css:0
[  167190ms] [ERROR] Failed to load resource: the server responded with a status of 404 (Not Found) @ http://localhost:5050/sport_files/sport_files/sport_files/sport_files/all.css:0
[  167230ms] [ERROR] Failed to load resource: the server responded with a status of 404 (Not Found) @ http://localhost:5050/sport_files/sport_files/sport_files/sport_files/owl.carousel.min.css:0
[  167230ms] [ERROR] Failed to load resource: the server responded with a status of 404 (Not Found) @ http://localhost:5050/sport_files/sport_files/sport_files/sport_files/bootstrap.min.css:0
[  167230ms] [ERROR] Failed to load resource: the server responded with a status of 404 (Not Found) @ http://localhost:5050/sport_files/sport_files/sport_files/sport_files/animate.css@3.5.1:0
[  167230ms] [ERROR] Failed to load resource: the server responded with a status of 404 (Not Found) @ http://localhost:5050/sport_files/sport_files/sport_files/custom.css:0
[  167270ms] [ERROR] Failed to load resource: the server responded with a status of 404 (Not Found) @ http://localhost:5050/sport_files/sport_files/sport_files/sport_files/owl.theme.default.min.css:0
[  167280ms] [ERROR] Failed to load resource: the server responded with a status of 404 (Not Found) @ http://localhost:5050/sport_files/sport_files/sport_files/sport_files/control.css:0
[  167380ms] [ERROR] Failed to load resource: the server responded with a status of 404 (Not Found) @ http://localhost:5050/sport_files/sport_files/sport_files/sport_files/style.css:0
[  167391ms] [ERROR] Failed to load resource: the server responded with a status of 404 (Not Found) @ http://localhost:5050/sport_files/sport_files/sport_files/sport_files/color.css:0
[  167392ms] [ERROR] Failed to load resource: the server responded with a status of 404 (Not Found) @ http://localhost:5050/sport_files/sport_files/sport_files/sport_files/animation-mobile.css:0
[  167412ms] [ERROR] Failed to load resource: the server responded with a status of 404 (Not Found) @ http://localhost:5050/sport_files/sport_files/sport_files/sport_files/animation.css:0
[  167424ms] [ERROR] Failed to load resource: the server responded with a status of 404 (Not Found) @ http://localhost:5050/sport_files/sport_files/sport_files/sport_files/responsive.css:0
[  167441ms] [ERROR] Failed to load resource: the server responded with a status of 404 (Not Found) @ http://localhost:5050/sport_files/sport_files/sport_files/sport_files/main.css:0
[  167510ms] [ERROR] Failed to load resource: the server responded with a status of 404 (Not Found) @ http://localhost:5050/sport_files/sport_files/sport_files/sport_files/css2:0
[  167541ms] [ERROR] Failed to load resource: the server responded with a status of 404 (Not Found) @ http://localhost:5050/sport_files/sport_files/sport_files/sport_files/custom.css:0
[  167576ms] [ERROR] Failed to load resource: the server responded with a status of 404 (Not Found) @ http://localhost:5050/sport_files/sport_files/sport_files/sport_files/point-custom.css:0
[  167576ms] [ERROR] Failed to load resource: the server responded with a status of 404 (Not Found) @ http://localhost:5050/sport_files/sport_files/sport_files/sport_files/theme.css:0
[  167576ms] [ERROR] Failed to load resource: the server responded with a status of 404 (Not Found) @ http://localhost:5050/sport_files/sport_files/sport_files/sport_files/sport_files/all.css:0
[  167576ms] [ERROR] Failed to load resource: the server responded with a status of 404 (Not Found) @ http://localhost:5050/sport_files/sport_files/sport_files/sport_files/sport_files/bootstrap.min.css:0
[  167612ms] [ERROR] Failed to load resource: the server responded with a status of 404 (Not Found) @ http://localhost:5050/sport_files/sport_files/sport_files/sport_files/sport_files/animate.css@3.5.1:0
[  167691ms] [ERROR] Failed to load resource: the server responded with a status of 404 (Not Found) @ http://localhost:5050/sport_files/sport_files/sport_files/sport_files/sport_files/owl.carousel.min.css:0
[  167710ms] [ERROR] Failed to load resource: the server responded with a status of 404 (Not Found) @ http://localhost:5050/sport_files/sport_files/sport_files/sport_files/sport_files/owl.theme.default.min.css:0
[  167726ms] [ERROR] Failed to load resource: the server responded with a status of 404 (Not Found) @ http://localhost:5050/sport_files/sport_files/sport_files/sport_files/sport_files/color.css:0
[  167759ms] [ERROR] Failed to load resource: the server responded with a status of 404 (Not Found) @ http://localhost:5050/sport_files/sport_files/sport_files/sport_files/sport_files/control.css:0
[  167759ms] [ERROR] Failed to load resource: the server responded with a status of 404 (Not Found) @ http://localhost:5050/sport_files/sport_files/sport_files/sport_files/sport_files/style.css:0
[  167759ms] [ERROR] Failed to load resource: the server responded with a status of 404 (Not Found) @ http://localhost:5050/sport_files/sport_files/sport_files/sport_files/sport_files/animation.css:0
[  167808ms] [ERROR] Failed to load resource: the server responded with a status of 404 (Not Found) @ http://localhost:5050/sport_files/sport_files/sport_files/sport_files/sport_files/animation-mobile.css:0
[  167827ms] [ERROR] Failed to load resource: the server responded with a status of 404 (Not Found) @ http://localhost:5050/sport_files/sport_files/sport_files/sport_files/sport_files/responsive.css:0
[  167858ms] [ERROR] Failed to load resource: the server responded with a status of 404 (Not Found) @ http://localhost:5050/sport_files/sport_files/sport_files/sport_files/sport_files/main.css:0
[  167881ms] [ERROR] Failed to load resource: the server responded with a status of 404 (Not Found) @ http://localhost:5050/sport_files/sport_files/sport_files/sport_files/sport_files/css2:0
[  167896ms] [ERROR] Failed to load resource: the server responded with a status of 404 (Not Found) @ http://localhost:5050/sport_files/sport_files/sport_files/sport_files/sport_files/point-custom.css:0
[  167896ms] [ERROR] Failed to load resource: the server responded with a status of 404 (Not Found) @ http://localhost:5050/sport_files/sport_files/sport_files/sport_files/sport_files/theme.css:0
[  167940ms] [ERROR] Failed to load resource: the server responded with a status of 404 (Not Found) @ http://localhost:5050/sport_files/sport_files/sport_files/sport_files/sport_files/custom.css:0
[  167944ms] [ERROR] Failed to load resource: the server responded with a status of 404 (Not Found) @ http://localhost:5050/sport_files/sport_files/sport_files/sport_files/sport_files/sport_files/all.css:0
[  167978ms] [ERROR] Failed to load resource: the server responded with a status of 404 (Not Found) @ http://localhost:5050/sport_files/sport_files/sport_files/sport_files/sport_files/sport_files/bootstrap.min.css:0
[  168006ms] [ERROR] Failed to load resource: the server responded with a status of 404 (Not Found) @ http://localhost:5050/sport_files/sport_files/sport_files/sport_files/sport_files/sport_files/animate.css@3.5.1:0
[  168015ms] [ERROR] Failed to load resource: the server responded with a status of 404 (Not Found) @ http://localhost:5050/sport_files/sport_files/sport_files/sport_files/sport_files/sport_files/owl.carousel.min.css:0
[  168025ms] [ERROR] Failed to load resource: the server responded with a status of 404 (Not Found) @ http://localhost:5050/sport_files/sport_files/sport_files/sport_files/sport_files/sport_files/owl.theme.default.min.css:0
[  168064ms] [ERROR] Failed to load resource: the server responded with a status of 404 (Not Found) @ http://localhost:5050/sport_files/sport_files/sport_files/sport_files/sport_files/sport_files/color.css:0
[  168079ms] [ERROR] Failed to load resource: the server responded with a status of 404 (Not Found) @ http://localhost:5050/sport_files/sport_files/sport_files/sport_files/sport_files/sport_files/control.css:0
[  168096ms] [ERROR] Failed to load resource: the server responded with a status of 404 (Not Found) @ http://localhost:5050/sport_files/sport_files/sport_files/sport_files/sport_files/sport_files/style.css:0
[  168131ms] [ERROR] Failed to load resource: the server responded with a status of 404 (Not Found) @ http://localhost:5050/sport_files/sport_files/sport_files/sport_files/sport_files/sport_files/animation.css:0
[  168143ms] [ERROR] Failed to load resource: the server responded with a status of 404 (Not Found) @ http://localhost:5050/sport_files/sport_files/sport_files/sport_files/sport_files/sport_files/animation-mobile.css:0
[  168158ms] [ERROR] Failed to load resource: the server responded with a status of 404 (Not Found) @ http://localhost:5050/sport_files/sport_files/sport_files/sport_files/sport_files/sport_files/responsive.css:0
[  168191ms] [ERROR] Failed to load resource: the server responded with a status of 404 (Not Found) @ http://localhost:5050/sport_files/sport_files/sport_files/sport_files/sport_files/sport_files/sport_files/all.css:0
[  168206ms] [ERROR] Failed to load resource: the server responded with a status of 404 (Not Found) @ http://localhost:5050/sport_files/sport_files/sport_files/sport_files/sport_files/sport_files/sport_files/bootstrap.min.css:0
[  168226ms] [ERROR] Failed to load resource: the server responded with a status of 404 (Not Found) @ http://localhost:5050/sport_files/sport_files/sport_files/sport_files/sport_files/sport_files/main.css:0
[  168258ms] [ERROR] Failed to load resource: the server responded with a status of 404 (Not Found) @ http://localhost:5050/sport_files/sport_files/sport_files/sport_files/sport_files/sport_files/sport_files/animate.css@3.5.1:0
[  168292ms] [ERROR] Failed to load resource: the server responded with a status of 404 (Not Found) @ http://localhost:5050/sport_files/sport_files/sport_files/sport_files/sport_files/sport_files/css2:0
[  168298ms] [ERROR] Failed to load resource: the server responded with a status of 404 (Not Found) @ http://localhost:5050/sport_files/sport_files/sport_files/sport_files/sport_files/sport_files/sport_files/owl.carousel.min.css:0
[  168348ms] [ERROR] Failed to load resource: the server responded with a status of 404 (Not Found) @ http://localhost:5050/sport_files/sport_files/sport_files/sport_files/sport_files/sport_files/sport_files/owl.theme.default.min.css:0
[  168364ms] [ERROR] Failed to load resource: the server responded with a status of 404 (Not Found) @ http://localhost:5050/sport_files/sport_files/sport_files/sport_files/sport_files/sport_files/point-custom.css:0
[  168411ms] [ERROR] Failed to load resource: the server responded with a status of 404 (Not Found) @ http://localhost:5050/sport_files/sport_files/sport_files/sport_files/sport_files/sport_files/sport_files/control.css:0
[  168431ms] [ERROR] Failed to load resource: the server responded with a status of 404 (Not Found) @ http://localhost:5050/sport_files/sport_files/sport_files/sport_files/sport_files/sport_files/theme.css:0
[  168462ms] [ERROR] Failed to load resource: the server responded with a status of 404 (Not Found) @ http://localhost:5050/sport_files/sport_files/sport_files/sport_files/sport_files/sport_files/sport_files/color.css:0
[  168474ms] [ERROR] Failed to load resource: the server responded with a status of 404 (Not Found) @ http://localhost:5050/sport_files/sport_files/sport_files/sport_files/sport_files/sport_files/custom.css:0
[  168493ms] [ERROR] Failed to load resource: the server responded with a status of 404 (Not Found) @ http://localhost:5050/sport_files/sport_files/sport_files/sport_files/sport_files/sport_files/sport_files/style.css:0
[  168508ms] [ERROR] Failed to load resource: the server responded with a status of 404 (Not Found) @ http://localhost:5050/sport_files/sport_files/sport_files/sport_files/sport_files/sport_files/sport_files/animation.css:0
[  168540ms] [ERROR] Failed to load resource: the server responded with a status of 404 (Not Found) @ http://localhost:5050/sport_files/sport_files/sport_files/sport_files/sport_files/sport_files/sport_files/animation-mobile.css:0
[  168557ms] [ERROR] Failed to load resource: the server responded with a status of 404 (Not Found) @ http://localhost:5050/sport_files/sport_files/sport_files/sport_files/sport_files/sport_files/sport_files/responsive.css:0
[  168590ms] [ERROR] Failed to load resource: the server responded with a status of 404 (Not Found) @ http://localhost:5050/sport_files/sport_files/sport_files/sport_files/sport_files/sport_files/sport_files/main.css:0
[  168596ms] [ERROR] Failed to load resource: the server responded with a status of 404 (Not Found) @ http://localhost:5050/sport_files/sport_files/sport_files/sport_files/sport_files/sport_files/sport_files/css2:0
[  168624ms] [ERROR] Failed to load resource: the server responded with a status of 404 (Not Found) @ http://localhost:5050/sport_files/sport_files/sport_files/sport_files/sport_files/sport_files/sport_files/point-custom.css:0
[  168629ms] [ERROR] Failed to load resource: the server responded with a status of 404 (Not Found) @ http://localhost:5050/sport_files/sport_files/sport_files/sport_files/sport_files/sport_files/sport_files/theme.css:0
[  168661ms] [ERROR] Failed to load resource: the server responded with a status of 404 (Not Found) @ http://localhost:5050/sport_files/sport_files/sport_files/sport_files/sport_files/sport_files/sport_files/custom.css:0
[  168695ms] [ERROR] Failed to load resource: the server responded with a status of 404 (Not Found) @ http://localhost:5050/sport_files/sport_files/sport_files/sport_files/sport_files/sport_files/sport_files/sport_files/all.css:0
[  168725ms] [ERROR] Failed to load resource: the server responded with a status of 404 (Not Found) @ http://localhost:5050/sport_files/sport_files/sport_files/sport_files/sport_files/sport_files/sport_files/sport_files/bootstrap.min.css:0
[  168743ms] [ERROR] Failed to load resource: the server responded with a status of 404 (Not Found) @ http://localhost:5050/sport_files/sport_files/sport_files/sport_files/sport_files/sport_files/sport_files/sport_files/animate.css@3.5.1:0
[  168765ms] [ERROR] Failed to load resource: the server responded with a status of 404 (Not Found) @ http://localhost:5050/sport_files/sport_files/sport_files/sport_files/sport_files/sport_files/sport_files/sport_files/owl.theme.default.min.css:0
[  168779ms] [ERROR] Failed to load resource: the server responded with a status of 404 (Not Found) @ http://localhost:5050/sport_files/sport_files/sport_files/sport_files/sport_files/sport_files/sport_files/sport_files/owl.carousel.min.css:0
[  168792ms] [ERROR] Failed to load resource: the server responded with a status of 404 (Not Found) @ http://localhost:5050/sport_files/sport_files/sport_files/sport_files/sport_files/sport_files/sport_files/sport_files/control.css:0
[  168831ms] [ERROR] Failed to load resource: the server responded with a status of 404 (Not Found) @ http://localhost:5050/sport_files/sport_files/sport_files/sport_files/sport_files/sport_files/sport_files/sport_files/color.css:0
[  168860ms] [ERROR] Failed to load resource: the server responded with a status of 404 (Not Found) @ http://localhost:5050/sport_files/sport_files/sport_files/sport_files/sport_files/sport_files/sport_files/sport_files/style.css:0
[  168894ms] [ERROR] Failed to load resource: the server responded with a status of 404 (Not Found) @ http://localhost:5050/sport_files/sport_files/sport_files/sport_files/sport_files/sport_files/sport_files/sport_files/animation.css:0
[  168910ms] [ERROR] Failed to load resource: the server responded with a status of 404 (Not Found) @ http://localhost:5050/sport_files/sport_files/sport_files/sport_files/sport_files/sport_files/sport_files/sport_files/animation-mobile.css:0
[  168915ms] [ERROR] Failed to load resource: the server responded with a status of 404 (Not Found) @ http://localhost:5050/sport_files/sport_files/sport_files/sport_files/sport_files/sport_files/sport_files/sport_files/responsive.css:0
[  168932ms] [ERROR] Failed to load resource: the server responded with a status of 404 (Not Found) @ http://localhost:5050/sport_files/sport_files/sport_files/sport_files/sport_files/sport_files/sport_files/sport_files/main.css:0
[  168978ms] [ERROR] Failed to load resource: the server responded with a status of 404 (Not Found) @ http://localhost:5050/sport_files/sport_files/sport_files/sport_files/sport_files/sport_files/sport_files/sport_files/css2:0
[  169011ms] [ERROR] Failed to load resource: the server responded with a status of 404 (Not Found) @ http://localhost:5050/sport_files/sport_files/sport_files/sport_files/sport_files/sport_files/sport_files/sport_files/point-custom.css:0
[  169027ms] [ERROR] Failed to load resource: the server responded with a status of 404 (Not Found) @ http://localhost:5050/sport_files/sport_files/sport_files/sport_files/sport_files/sport_files/sport_files/sport_files/theme.css:0
[  169043ms] [ERROR] Failed to load resource: the server responded with a status of 404 (Not Found) @ http://localhost:5050/sport_files/sport_files/sport_files/sport_files/sport_files/sport_files/sport_files/sport_files/custom.css:0
[  169059ms] [ERROR] Failed to load resource: the server responded with a status of 404 (Not Found) @ http://localhost:5050/sport_files/sport_files/sport_files/sport_files/sport_files/sport_files/sport_files/sport_files/sport_files/all.css:0
[  169074ms] [ERROR] Failed to load resource: the server responded with a status of 404 (Not Found) @ http://localhost:5050/sport_files/sport_files/sport_files/sport_files/sport_files/sport_files/sport_files/sport_files/sport_files/bootstrap.min.css:0
[  169113ms] [ERROR] Failed to load resource: the server responded with a status of 404 (Not Found) @ http://localhost:5050/sport_files/sport_files/sport_files/sport_files/sport_files/sport_files/sport_files/sport_files/sport_files/animate.css@3.5.1:0
[  169166ms] [ERROR] Failed to load resource: the server responded with a status of 404 (Not Found) @ http://localhost:5050/sport_files/sport_files/sport_files/sport_files/sport_files/sport_files/sport_files/sport_files/sport_files/owl.carousel.min.css:0
[  169182ms] [ERROR] Failed to load resource: the server responded with a status of 404 (Not Found) @ http://localhost:5050/sport_files/sport_files/sport_files/sport_files/sport_files/sport_files/sport_files/sport_files/sport_files/owl.theme.default.min.css:0
[  169216ms] [ERROR] Failed to load resource: the server responded with a status of 404 (Not Found) @ http://localhost:5050/sport_files/sport_files/sport_files/sport_files/sport_files/sport_files/sport_files/sport_files/sport_files/control.css:0
[  169217ms] [ERROR] Failed to load resource: the server responded with a status of 404 (Not Found) @ http://localhost:5050/sport_files/sport_files/sport_files/sport_files/sport_files/sport_files/sport_files/sport_files/sport_files/color.css:0
[  169230ms] [ERROR] Failed to load resource: the server responded with a status of 404 (Not Found) @ http://localhost:5050/sport_files/sport_files/sport_files/sport_files/sport_files/sport_files/sport_files/sport_files/sport_files/style.css:0
[  169243ms] [ERROR] Failed to load resource: the server responded with a status of 404 (Not Found) @ http://localhost:5050/sport_files/sport_files/sport_files/sport_files/sport_files/sport_files/sport_files/sport_files/sport_files/animation.css:0
[  169292ms] [ERROR] Failed to load resource: the server responded with a status of 404 (Not Found) @ http://localhost:5050/sport_files/sport_files/sport_files/sport_files/sport_files/sport_files/sport_files/sport_files/sport_files/animation-mobile.css:0
[  169308ms] [ERROR] Failed to load resource: the server responded with a status of 404 (Not Found) @ http://localhost:5050/sport_files/sport_files/sport_files/sport_files/sport_files/sport_files/sport_files/sport_files/sport_files/responsive.css:0
[  169341ms] [ERROR] Failed to load resource: the server responded with a status of 404 (Not Found) @ http://localhost:5050/sport_files/sport_files/sport_files/sport_files/sport_files/sport_files/sport_files/sport_files/sport_files/main.css:0
[  169358ms] [ERROR] Failed to load resource: the server responded with a status of 404 (Not Found) @ http://localhost:5050/sport_files/sport_files/sport_files/sport_files/sport_files/sport_files/sport_files/sport_files/sport_files/css2:0
[  169374ms] [ERROR] Failed to load resource: the server responded with a status of 404 (Not Found) @ http://localhost:5050/sport_files/sport_files/sport_files/sport_files/sport_files/sport_files/sport_files/sport_files/sport_files/point-custom.css:0
[  169392ms] [ERROR] Failed to load resource: the server responded with a status of 404 (Not Found) @ http://localhost:5050/sport_files/sport_files/sport_files/sport_files/sport_files/sport_files/sport_files/sport_files/sport_files/theme.css:0
[  169446ms] [ERROR] Failed to load resource: the server responded with a status of 404 (Not Found) @ http://localhost:5050/sport_files/sport_files/sport_files/sport_files/sport_files/sport_files/sport_files/sport_files/sport_files/custom.css:0
[  169464ms] [ERROR] Failed to load resource: the server responded with a status of 404 (Not Found) @ http://localhost:5050/sport_files/sport_files/sport_files/sport_files/sport_files/sport_files/sport_files/sport_files/sport_files/sport_files/all.css:0
[  169498ms] [ERROR] Failed to load resource: the server responded with a status of 404 (Not Found) @ http://localhost:5050/sport_files/sport_files/sport_files/sport_files/sport_files/sport_files/sport_files/sport_files/sport_files/sport_files/bootstrap.min.css:0
[  169515ms] [ERROR] Failed to load resource: the server responded with a status of 404 (Not Found) @ http://localhost:5050/sport_files/sport_files/sport_files/sport_files/sport_files/sport_files/sport_files/sport_files/sport_files/sport_files/owl.carousel.min.css:0
[  169525ms] [ERROR] Failed to load resource: the server responded with a status of 404 (Not Found) @ http://localhost:5050/sport_files/sport_files/sport_files/sport_files/sport_files/sport_files/sport_files/sport_files/sport_files/sport_files/animate.css@3.5.1:0
[  169526ms] [ERROR] Failed to load resource: the server responded with a status of 404 (Not Found) @ http://localhost:5050/sport_files/sport_files/sport_files/sport_files/sport_files/sport_files/sport_files/sport_files/sport_files/sport_files/owl.theme.default.min.css:0
[  169595ms] [ERROR] Failed to load resource: the server responded with a status of 404 (Not Found) @ http://localhost:5050/sport_files/sport_files/sport_files/sport_files/sport_files/sport_files/sport_files/sport_files/sport_files/sport_files/control.css:0
[  169615ms] [ERROR] Failed to load resource: the server responded with a status of 404 (Not Found) @ http://localhost:5050/sport_files/sport_files/sport_files/sport_files/sport_files/sport_files/sport_files/sport_files/sport_files/sport_files/color.css:0
[  169632ms] [ERROR] Failed to load resource: the server responded with a status of 404 (Not Found) @ http://localhost:5050/sport_files/sport_files/sport_files/sport_files/sport_files/sport_files/sport_files/sport_files/sport_files/sport_files/style.css:0
[  169646ms] [ERROR] Failed to load resource: the server responded with a status of 404 (Not Found) @ http://localhost:5050/sport_files/sport_files/sport_files/sport_files/sport_files/sport_files/sport_files/sport_files/sport_files/sport_files/animation.css:0
[  169661ms] [ERROR] Failed to load resource: the server responded with a status of 404 (Not Found) @ http://localhost:5050/sport_files/sport_files/sport_files/sport_files/sport_files/sport_files/sport_files/sport_files/sport_files/sport_files/animation-mobile.css:0
[  169680ms] [ERROR] Failed to load resource: the server responded with a status of 404 (Not Found) @ http://localhost:5050/sport_files/sport_files/sport_files/sport_files/sport_files/sport_files/sport_files/sport_files/sport_files/sport_files/responsive.css:0
[  169747ms] [ERROR] Failed to load resource: the server responded with a status of 404 (Not Found) @ http://localhost:5050/sport_files/sport_files/sport_files/sport_files/sport_files/sport_files/sport_files/sport_files/sport_files/sport_files/main.css:0
[  169776ms] [ERROR] Failed to load resource: the server responded with a status of 404 (Not Found) @ http://localhost:5050/sport_files/sport_files/sport_files/sport_files/sport_files/sport_files/sport_files/sport_files/sport_files/sport_files/css2:0
[  169812ms] [ERROR] Failed to load resource: the server responded with a status of 404 (Not Found) @ http://localhost:5050/sport_files/sport_files/sport_files/sport_files/sport_files/sport_files/sport_files/sport_files/sport_files/sport_files/theme.css:0
[  169813ms] [ERROR] Failed to load resource: the server responded with a status of 404 (Not Found) @ http://localhost:5050/sport_files/sport_files/sport_files/sport_files/sport_files/sport_files/sport_files/sport_files/sport_files/sport_files/point-custom.css:0
[  169841ms] [ERROR] Failed to load resource: the server responded with a status of 404 (Not Found) @ http://localhost:5050/sport_files/sport_files/sport_files/sport_files/sport_files/sport_files/sport_files/sport_files/sport_files/sport_files/sport_files/bootstrap.min.css:0
[  169842ms] [ERROR] Failed to load resource: the server responded with a status of 404 (Not Found) @ http://localhost:5050/sport_files/sport_files/sport_files/sport_files/sport_files/sport_files/sport_files/sport_files/sport_files/sport_files/custom.css:0
[  169910ms] [ERROR] Failed to load resource: the server responded with a status of 404 (Not Found) @ http://localhost:5050/sport_files/sport_files/sport_files/sport_files/sport_files/sport_files/sport_files/sport_files/sport_files/sport_files/sport_files/all.css:0
[  169926ms] [ERROR] Failed to load resource: the server responded with a status of 404 (Not Found) @ http://localhost:5050/sport_files/sport_files/sport_files/sport_files/sport_files/sport_files/sport_files/sport_files/sport_files/sport_files/sport_files/animate.css@3.5.1:0
[  169940ms] [ERROR] Failed to load resource: the server responded with a status of 404 (Not Found) @ http://localhost:5050/sport_files/sport_files/sport_files/sport_files/sport_files/sport_files/sport_files/sport_files/sport_files/sport_files/sport_files/owl.carousel.min.css:0
[  169940ms] [ERROR] Failed to load resource: the server responded with a status of 404 (Not Found) @ http://localhost:5050/sport_files/sport_files/sport_files/sport_files/sport_files/sport_files/sport_files/sport_files/sport_files/sport_files/sport_files/owl.theme.default.min.css:0
[  169958ms] [ERROR] Failed to load resource: the server responded with a status of 404 (Not Found) @ http://localhost:5050/sport_files/sport_files/sport_files/sport_files/sport_files/sport_files/sport_files/sport_files/sport_files/sport_files/sport_files/color.css:0
[  169976ms] [ERROR] Failed to load resource: the server responded with a status of 404 (Not Found) @ http://localhost:5050/sport_files/sport_files/sport_files/sport_files/sport_files/sport_files/sport_files/sport_files/sport_files/sport_files/sport_files/control.css:0
[  170011ms] [ERROR] Failed to load resource: the server responded with a status of 404 (Not Found) @ http://localhost:5050/sport_files/sport_files/sport_files/sport_files/sport_files/sport_files/sport_files/sport_files/sport_files/sport_files/sport_files/style.css:0
[  170030ms] [ERROR] Failed to load resource: the server responded with a status of 404 (Not Found) @ http://localhost:5050/sport_files/sport_files/sport_files/sport_files/sport_files/sport_files/sport_files/sport_files/sport_files/sport_files/sport_files/animation.css:0
[  170057ms] [ERROR] Failed to load resource: the server responded with a status of 404 (Not Found) @ http://localhost:5050/sport_files/sport_files/sport_files/sport_files/sport_files/sport_files/sport_files/sport_files/sport_files/sport_files/sport_files/animation-mobile.css:0
[  170061ms] [ERROR] Failed to load resource: the server responded with a status of 404 (Not Found) @ http://localhost:5050/sport_files/sport_files/sport_files/sport_files/sport_files/sport_files/sport_files/sport_files/sport_files/sport_files/sport_files/responsive.css:0
[  170078ms] [ERROR] Failed to load resource: the server responded with a status of 404 (Not Found) @ http://localhost:5050/sport_files/sport_files/sport_files/sport_files/sport_files/sport_files/sport_files/sport_files/sport_files/sport_files/sport_files/main.css:0
[  170078ms] [ERROR] Failed to load resource: the server responded with a status of 404 (Not Found) @ http://localhost:5050/sport_files/sport_files/sport_files/sport_files/sport_files/sport_files/sport_files/sport_files/sport_files/sport_files/sport_files/css2:0
[  170125ms] [ERROR] Failed to load resource: the server responded with a status of 404 (Not Found) @ http://localhost:5050/sport_files/sport_files/sport_files/sport_files/sport_files/sport_files/sport_files/sport_files/sport_files/sport_files/sport_files/point-custom.css:0
[  170142ms] [ERROR] Failed to load resource: the server responded with a status of 404 (Not Found) @ http://localhost:5050/sport_files/sport_files/sport_files/sport_files/sport_files/sport_files/sport_files/sport_files/sport_files/sport_files/sport_files/theme.css:0
[  170159ms] [ERROR] Failed to load resource: the server responded with a status of 404 (Not Found) @ http://localhost:5050/sport_files/sport_files/sport_files/sport_files/sport_files/sport_files/sport_files/sport_files/sport_files/sport_files/sport_files/custom.css:0
[  170164ms] [ERROR] Failed to load resource: the server responded with a status of 404 (Not Found) @ http://localhost:5050/sport_files/sport_files/sport_files/sport_files/sport_files/sport_files/sport_files/sport_files/sport_files/sport_files/sport_files/sport_files/all.css:0
[  170194ms] [ERROR] Failed to load resource: the server responded with a status of 404 (Not Found) @ http://localhost:5050/sport_files/sport_files/sport_files/sport_files/sport_files/sport_files/sport_files/sport_files/sport_files/sport_files/sport_files/sport_files/bootstrap.min.css:0
[  170195ms] [ERROR] Failed to load resource: the server responded with a status of 404 (Not Found) @ http://localhost:5050/sport_files/sport_files/sport_files/sport_files/sport_files/sport_files/sport_files/sport_files/sport_files/sport_files/sport_files/sport_files/animate.css@3.5.1:0
[  170242ms] [ERROR] Failed to load resource: the server responded with a status of 404 (Not Found) @ http://localhost:5050/sport_files/sport_files/sport_files/sport_files/sport_files/sport_files/sport_files/sport_files/sport_files/sport_files/sport_files/sport_files/owl.carousel.min.css:0
[  170259ms] [ERROR] Failed to load resource: the server responded with a status of 404 (Not Found) @ http://localhost:5050/sport_files/sport_files/sport_files/sport_files/sport_files/sport_files/sport_files/sport_files/sport_files/sport_files/sport_files/sport_files/owl.theme.default.min.css:0
[  170274ms] [ERROR] Failed to load resource: the server responded with a status of 404 (Not Found) @ http://localhost:5050/sport_files/sport_files/sport_files/sport_files/sport_files/sport_files/sport_files/sport_files/sport_files/sport_files/sport_files/sport_files/control.css:0
[  170280ms] [ERROR] Failed to load resource: the server responded with a status of 404 (Not Found) @ http://localhost:5050/sport_files/sport_files/sport_files/sport_files/sport_files/sport_files/sport_files/sport_files/sport_files/sport_files/sport_files/sport_files/color.css:0
[  170307ms] [ERROR] Failed to load resource: the server responded with a status of 404 (Not Found) @ http://localhost:5050/sport_files/sport_files/sport_files/sport_files/sport_files/sport_files/sport_files/sport_files/sport_files/sport_files/sport_files/sport_files/style.css:0
[  170307ms] [ERROR] Failed to load resource: the server responded with a status of 404 (Not Found) @ http://localhost:5050/sport_files/sport_files/sport_files/sport_files/sport_files/sport_files/sport_files/sport_files/sport_files/sport_files/sport_files/sport_files/animation.css:0
[  170340ms] [ERROR] Failed to load resource: the server responded with a status of 404 (Not Found) @ http://localhost:5050/sport_files/sport_files/sport_files/sport_files/sport_files/sport_files/sport_files/sport_files/sport_files/sport_files/sport_files/sport_files/animation-mobile.css:0
[  170359ms] [ERROR] Failed to load resource: the server responded with a status of 404 (Not Found) @ http://localhost:5050/sport_files/sport_files/sport_files/sport_files/sport_files/sport_files/sport_files/sport_files/sport_files/sport_files/sport_files/sport_files/responsive.css:0
[  170380ms] [ERROR] Failed to load resource: the server responded with a status of 404 (Not Found) @ http://localhost:5050/sport_files/sport_files/sport_files/sport_files/sport_files/sport_files/sport_files/sport_files/sport_files/sport_files/sport_files/sport_files/main.css:0
[  170390ms] [ERROR] Failed to load resource: the server responded with a status of 404 (Not Found) @ http://localhost:5050/sport_files/sport_files/sport_files/sport_files/sport_files/sport_files/sport_files/sport_files/sport_files/sport_files/sport_files/sport_files/css2:0
[  170443ms] [ERROR] Failed to load resource: the server responded with a status of 404 (Not Found) @ http://localhost:5050/sport_files/sport_files/sport_files/sport_files/sport_files/sport_files/sport_files/sport_files/sport_files/sport_files/sport_files/sport_files/theme.css:0
[  170443ms] [ERROR] Failed to load resource: the server responded with a status of 404 (Not Found) @ http://localhost:5050/sport_files/sport_files/sport_files/sport_files/sport_files/sport_files/sport_files/sport_files/sport_files/sport_files/sport_files/sport_files/point-custom.css:0
[  170457ms] [ERROR] Failed to load resource: the server responded with a status of 404 (Not Found) @ http://localhost:5050/sport_files/sport_files/sport_files/sport_files/sport_files/sport_files/sport_files/sport_files/sport_files/sport_files/sport_files/sport_files/custom.css:0
[  170475ms] [ERROR] Failed to load resource: the server responded with a status of 404 (Not Found) @ http://localhost:5050/sport_files/sport_files/sport_files/sport_files/sport_files/sport_files/sport_files/sport_files/sport_files/sport_files/sport_files/sport_files/sport_files/all.css:0
[  170491ms] [ERROR] Failed to load resource: the server responded with a status of 404 (Not Found) @ http://localhost:5050/sport_files/sport_files/sport_files/sport_files/sport_files/sport_files/sport_files/sport_files/sport_files/sport_files/sport_files/sport_files/sport_files/bootstrap.min.css:0
[  170492ms] [ERROR] Failed to load resource: the server responded with a status of 404 (Not Found) @ http://localhost:5050/sport_files/sport_files/sport_files/sport_files/sport_files/sport_files/sport_files/sport_files/sport_files/sport_files/sport_files/sport_files/sport_files/animate.css@3.5.1:0
[  170556ms] [ERROR] Failed to load resource: the server responded with a status of 404 (Not Found) @ http://localhost:5050/sport_files/sport_files/sport_files/sport_files/sport_files/sport_files/sport_files/sport_files/sport_files/sport_files/sport_files/sport_files/sport_files/owl.carousel.min.css:0
[  170577ms] [ERROR] Failed to load resource: the server responded with a status of 404 (Not Found) @ http://localhost:5050/sport_files/sport_files/sport_files/sport_files/sport_files/sport_files/sport_files/sport_files/sport_files/sport_files/sport_files/sport_files/sport_files/owl.theme.default.min.css:0
[  170606ms] [ERROR] Failed to load resource: the server responded with a status of 404 (Not Found) @ http://localhost:5050/sport_files/sport_files/sport_files/sport_files/sport_files/sport_files/sport_files/sport_files/sport_files/sport_files/sport_files/sport_files/sport_files/control.css:0
[  170607ms] [ERROR] Failed to load resource: the server responded with a status of 404 (Not Found) @ http://localhost:5050/sport_files/sport_files/sport_files/sport_files/sport_files/sport_files/sport_files/sport_files/sport_files/sport_files/sport_files/sport_files/sport_files/color.css:0
[  170608ms] [ERROR] Failed to load resource: the server responded with a status of 404 (Not Found) @ http://localhost:5050/sport_files/sport_files/sport_files/sport_files/sport_files/sport_files/sport_files/sport_files/sport_files/sport_files/sport_files/sport_files/sport_files/animation.css:0
[  170608ms] [ERROR] Failed to load resource: the server responded with a status of 404 (Not Found) @ http://localhost:5050/sport_files/sport_files/sport_files/sport_files/sport_files/sport_files/sport_files/sport_files/sport_files/sport_files/sport_files/sport_files/sport_files/style.css:0
[  170660ms] [ERROR] Failed to load resource: the server responded with a status of 404 (Not Found) @ http://localhost:5050/sport_files/sport_files/sport_files/sport_files/sport_files/sport_files/sport_files/sport_files/sport_files/sport_files/sport_files/sport_files/sport_files/animation-mobile.css:0
[  170677ms] [ERROR] Failed to load resource: the server responded with a status of 404 (Not Found) @ http://localhost:5050/sport_files/sport_files/sport_files/sport_files/sport_files/sport_files/sport_files/sport_files/sport_files/sport_files/sport_files/sport_files/sport_files/responsive.css:0
[  170746ms] [ERROR] Failed to load resource: the server responded with a status of 404 (Not Found) @ http://localhost:5050/sport_files/sport_files/sport_files/sport_files/sport_files/sport_files/sport_files/sport_files/sport_files/sport_files/sport_files/sport_files/sport_files/main.css:0
[  170746ms] [ERROR] Failed to load resource: the server responded with a status of 404 (Not Found) @ http://localhost:5050/sport_files/sport_files/sport_files/sport_files/sport_files/sport_files/sport_files/sport_files/sport_files/sport_files/sport_files/sport_files/sport_files/point-custom.css:0
[  170797ms] [ERROR] Failed to load resource: the server responded with a status of 404 (Not Found) @ http://localhost:5050/sport_files/sport_files/sport_files/sport_files/sport_files/sport_files/sport_files/sport_files/sport_files/sport_files/sport_files/sport_files/sport_files/css2:0
[  170798ms] [ERROR] Failed to load resource: the server responded with a status of 404 (Not Found) @ http://localhost:5050/sport_files/sport_files/sport_files/sport_files/sport_files/sport_files/sport_files/sport_files/sport_files/sport_files/sport_files/sport_files/sport_files/theme.css:0
[  170830ms] [ERROR] Failed to load resource: the server responded with a status of 404 (Not Found) @ http://localhost:5050/sport_files/sport_files/sport_files/sport_files/sport_files/sport_files/sport_files/sport_files/sport_files/sport_files/sport_files/sport_files/sport_files/custom.css:0
[  170830ms] [ERROR] Failed to load resource: the server responded with a status of 404 (Not Found) @ http://localhost:5050/sport_files/sport_files/sport_files/sport_files/sport_files/sport_files/sport_files/sport_files/sport_files/sport_files/sport_files/sport_files/sport_files/sport_files/all.css:0
[  170911ms] [ERROR] Failed to load resource: the server responded with a status of 404 (Not Found) @ http://localhost:5050/sport_files/sport_files/sport_files/sport_files/sport_files/sport_files/sport_files/sport_files/sport_files/sport_files/sport_files/sport_files/sport_files/sport_files/bootstrap.min.css:0
[  170926ms] [ERROR] Failed to load resource: the server responded with a status of 404 (Not Found) @ http://localhost:5050/sport_files/sport_files/sport_files/sport_files/sport_files/sport_files/sport_files/sport_files/sport_files/sport_files/sport_files/sport_files/sport_files/sport_files/animate.css@3.5.1:0
[  170958ms] [ERROR] Failed to load resource: the server responded with a status of 404 (Not Found) @ http://localhost:5050/sport_files/sport_files/sport_files/sport_files/sport_files/sport_files/sport_files/sport_files/sport_files/sport_files/sport_files/sport_files/sport_files/sport_files/owl.theme.default.min.css:0
[  170959ms] [ERROR] Failed to load resource: the server responded with a status of 404 (Not Found) @ http://localhost:5050/sport_files/sport_files/sport_files/sport_files/sport_files/sport_files/sport_files/sport_files/sport_files/sport_files/sport_files/sport_files/sport_files/sport_files/owl.carousel.min.css:0
[  170959ms] [ERROR] Failed to load resource: the server responded with a status of 404 (Not Found) @ http://localhost:5050/sport_files/sport_files/sport_files/sport_files/sport_files/sport_files/sport_files/sport_files/sport_files/sport_files/sport_files/sport_files/sport_files/sport_files/color.css:0
[  170980ms] [ERROR] Failed to load resource: the server responded with a status of 404 (Not Found) @ http://localhost:5050/sport_files/sport_files/sport_files/sport_files/sport_files/sport_files/sport_files/sport_files/sport_files/sport_files/sport_files/sport_files/sport_files/sport_files/control.css:0
[  171012ms] [ERROR] Failed to load resource: the server responded with a status of 404 (Not Found) @ http://localhost:5050/sport_files/sport_files/sport_files/sport_files/sport_files/sport_files/sport_files/sport_files/sport_files/sport_files/sport_files/sport_files/sport_files/sport_files/style.css:0
[  171063ms] [ERROR] Failed to load resource: the server responded with a status of 404 (Not Found) @ http://localhost:5050/sport_files/sport_files/sport_files/sport_files/sport_files/sport_files/sport_files/sport_files/sport_files/sport_files/sport_files/sport_files/sport_files/sport_files/animation.css:0
[  171081ms] [ERROR] Failed to load resource: the server responded with a status of 404 (Not Found) @ http://localhost:5050/sport_files/sport_files/sport_files/sport_files/sport_files/sport_files/sport_files/sport_files/sport_files/sport_files/sport_files/sport_files/sport_files/sport_files/animation-mobile.css:0
[  171126ms] [ERROR] Failed to load resource: the server responded with a status of 404 (Not Found) @ http://localhost:5050/sport_files/sport_files/sport_files/sport_files/sport_files/sport_files/sport_files/sport_files/sport_files/sport_files/sport_files/sport_files/sport_files/sport_files/main.css:0
[  171160ms] [ERROR] Failed to load resource: the server responded with a status of 404 (Not Found) @ http://localhost:5050/sport_files/sport_files/sport_files/sport_files/sport_files/sport_files/sport_files/sport_files/sport_files/sport_files/sport_files/sport_files/sport_files/sport_files/responsive.css:0
[  171161ms] [ERROR] Failed to load resource: the server responded with a status of 404 (Not Found) @ http://localhost:5050/sport_files/sport_files/sport_files/sport_files/sport_files/sport_files/sport_files/sport_files/sport_files/sport_files/sport_files/sport_files/sport_files/sport_files/css2:0
[  171161ms] [ERROR] Failed to load resource: the server responded with a status of 404 (Not Found) @ http://localhost:5050/sport_files/sport_files/sport_files/sport_files/sport_files/sport_files/sport_files/sport_files/sport_files/sport_files/sport_files/sport_files/sport_files/sport_files/point-custom.css:0
[  171177ms] [ERROR] Failed to load resource: the server responded with a status of 404 (Not Found) @ http://localhost:5050/sport_files/sport_files/sport_files/sport_files/sport_files/sport_files/sport_files/sport_files/sport_files/sport_files/sport_files/sport_files/sport_files/sport_files/custom.css:0
[  171195ms] [ERROR] Failed to load resource: the server responded with a status of 404 (Not Found) @ http://localhost:5050/sport_files/sport_files/sport_files/sport_files/sport_files/sport_files/sport_files/sport_files/sport_files/sport_files/sport_files/sport_files/sport_files/sport_files/theme.css:0
[  171278ms] [ERROR] Failed to load resource: the server responded with a status of 404 (Not Found) @ http://localhost:5050/sport_files/sport_files/sport_files/sport_files/sport_files/sport_files/sport_files/sport_files/sport_files/sport_files/sport_files/sport_files/sport_files/sport_files/sport_files/all.css:0
[  171325ms] [ERROR] Failed to load resource: the server responded with a status of 404 (Not Found) @ http://localhost:5050/sport_files/sport_files/sport_files/sport_files/sport_files/sport_files/sport_files/sport_files/sport_files/sport_files/sport_files/sport_files/sport_files/sport_files/sport_files/bootstrap.min.css:0
[  171325ms] [ERROR] Failed to load resource: the server responded with a status of 404 (Not Found) @ http://localhost:5050/sport_files/sport_files/sport_files/sport_files/sport_files/sport_files/sport_files/sport_files/sport_files/sport_files/sport_files/sport_files/sport_files/sport_files/sport_files/owl.carousel.min.css:0
[  171374ms] [ERROR] Failed to load resource: the server responded with a status of 404 (Not Found) @ http://localhost:5050/sport_files/sport_files/sport_files/sport_files/sport_files/sport_files/sport_files/sport_files/sport_files/sport_files/sport_files/sport_files/sport_files/sport_files/sport_files/animate.css@3.5.1:0
[  171374ms] [ERROR] Failed to load resource: the server responded with a status of 404 (Not Found) @ http://localhost:5050/sport_files/sport_files/sport_files/sport_files/sport_files/sport_files/sport_files/sport_files/sport_files/sport_files/sport_files/sport_files/sport_files/sport_files/sport_files/owl.theme.default.min.css:0
[  171375ms] [ERROR] Failed to load resource: the server responded with a status of 404 (Not Found) @ http://localhost:5050/sport_files/sport_files/sport_files/sport_files/sport_files/sport_files/sport_files/sport_files/sport_files/sport_files/sport_files/sport_files/sport_files/sport_files/sport_files/control.css:0
[  171380ms] [ERROR] Failed to load resource: the server responded with a status of 404 (Not Found) @ http://localhost:5050/sport_files/sport_files/sport_files/sport_files/sport_files/sport_files/sport_files/sport_files/sport_files/sport_files/sport_files/sport_files/sport_files/sport_files/sport_files/color.css:0
[  171431ms] [ERROR] Failed to load resource: the server responded with a status of 404 (Not Found) @ http://localhost:5050/sport_files/sport_files/sport_files/sport_files/sport_files/sport_files/sport_files/sport_files/sport_files/sport_files/sport_files/sport_files/sport_files/sport_files/sport_files/style.css:0
[  171464ms] [ERROR] Failed to load resource: the server responded with a status of 404 (Not Found) @ http://localhost:5050/sport_files/sport_files/sport_files/sport_files/sport_files/sport_files/sport_files/sport_files/sport_files/sport_files/sport_files/sport_files/sport_files/sport_files/sport_files/animation.css:0
[  171497ms] [ERROR] Failed to load resource: the server responded with a status of 404 (Not Found) @ http://localhost:5050/sport_files/sport_files/sport_files/sport_files/sport_files/sport_files/sport_files/sport_files/sport_files/sport_files/sport_files/sport_files/sport_files/sport_files/sport_files/animation-mobile.css:0
[  171515ms] [ERROR] Failed to load resource: the server responded with a status of 404 (Not Found) @ http://localhost:5050/sport_files/sport_files/sport_files/sport_files/sport_files/sport_files/sport_files/sport_files/sport_files/sport_files/sport_files/sport_files/sport_files/sport_files/sport_files/main.css:0
[  171515ms] [ERROR] Failed to load resource: the server responded with a status of 404 (Not Found) @ http://localhost:5050/sport_files/sport_files/sport_files/sport_files/sport_files/sport_files/sport_files/sport_files/sport_files/sport_files/sport_files/sport_files/sport_files/sport_files/sport_files/responsive.css:0
[  171528ms] [ERROR] Failed to load resource: the server responded with a status of 404 (Not Found) @ http://localhost:5050/sport_files/sport_files/sport_files/sport_files/sport_files/sport_files/sport_files/sport_files/sport_files/sport_files/sport_files/sport_files/sport_files/sport_files/sport_files/css2:0
[  171629ms] [ERROR] Failed to load resource: the server responded with a status of 404 (Not Found) @ http://localhost:5050/sport_files/sport_files/sport_files/sport_files/sport_files/sport_files/sport_files/sport_files/sport_files/sport_files/sport_files/sport_files/sport_files/sport_files/sport_files/point-custom.css:0
[  171710ms] [ERROR] Failed to load resource: the server responded with a status of 404 (Not Found) @ http://localhost:5050/sport_files/sport_files/sport_files/sport_files/sport_files/sport_files/sport_files/sport_files/sport_files/sport_files/sport_files/sport_files/sport_files/sport_files/sport_files/theme.css:0
[  171779ms] [ERROR] Failed to load resource: the server responded with a status of 404 (Not Found) @ http://localhost:5050/sport_files/sport_files/sport_files/sport_files/sport_files/sport_files/sport_files/sport_files/sport_files/sport_files/sport_files/sport_files/sport_files/sport_files/sport_files/custom.css:0
[  171779ms] [ERROR] Failed to load resource: the server responded with a status of 404 (Not Found) @ http://localhost:5050/sport_files/sport_files/sport_files/sport_files/sport_files/sport_files/sport_files/sport_files/sport_files/sport_files/sport_files/sport_files/sport_files/sport_files/sport_files/sport_files/all.css:0
[  171792ms] [ERROR] Failed to load resource: the server responded with a status of 404 (Not Found) @ http://localhost:5050/sport_files/sport_files/sport_files/sport_files/sport_files/sport_files/sport_files/sport_files/sport_files/sport_files/sport_files/sport_files/sport_files/sport_files/sport_files/sport_files/bootstrap.min.css:0
[  171827ms] [ERROR] Failed to load resource: the server responded with a status of 404 (Not Found) @ http://localhost:5050/sport_files/sport_files/sport_files/sport_files/sport_files/sport_files/sport_files/sport_files/sport_files/sport_files/sport_files/sport_files/sport_files/sport_files/sport_files/sport_files/animate.css@3.5.1:0
[  171893ms] [ERROR] Failed to load resource: the server responded with a status of 404 (Not Found) @ http://localhost:5050/sport_files/sport_files/sport_files/sport_files/sport_files/sport_files/sport_files/sport_files/sport_files/sport_files/sport_files/sport_files/sport_files/sport_files/sport_files/sport_files/owl.carousel.min.css:0
[  172042ms] [ERROR] Failed to load resource: the server responded with a status of 404 (Not Found) @ http://localhost:5050/sport_files/sport_files/sport_files/sport_files/sport_files/sport_files/sport_files/sport_files/sport_files/sport_files/sport_files/sport_files/sport_files/sport_files/sport_files/sport_files/owl.theme.default.min.css:0
[  172072ms] [ERROR] Failed to load resource: the server responded with a status of 404 (Not Found) @ http://localhost:5050/sport_files/sport_files/sport_files/sport_files/sport_files/sport_files/sport_files/sport_files/sport_files/sport_files/sport_files/sport_files/sport_files/sport_files/sport_files/sport_files/control.css:0
[  172073ms] [ERROR] Failed to load resource: the server responded with a status of 404 (Not Found) @ http://localhost:5050/sport_files/sport_files/sport_files/sport_files/sport_files/sport_files/sport_files/sport_files/sport_files/sport_files/sport_files/sport_files/sport_files/sport_files/sport_files/sport_files/color.css:0
[  172101ms] [ERROR] Failed to load resource: the server responded with a status of 404 (Not Found) @ http://localhost:5050/sport_files/sport_files/sport_files/sport_files/sport_files/sport_files/sport_files/sport_files/sport_files/sport_files/sport_files/sport_files/sport_files/sport_files/sport_files/sport_files/style.css:0
[  172152ms] [ERROR] Failed to load resource: the server responded with a status of 404 (Not Found) @ http://localhost:5050/sport_files/sport_files/sport_files/sport_files/sport_files/sport_files/sport_files/sport_files/sport_files/sport_files/sport_files/sport_files/sport_files/sport_files/sport_files/sport_files/animation.css:0
[  172478ms] [ERROR] Failed to load resource: the server responded with a status of 404 (Not Found) @ http://localhost:5050/sport_files/sport_files/sport_files/sport_files/sport_files/sport_files/sport_files/sport_files/sport_files/sport_files/sport_files/sport_files/sport_files/sport_files/sport_files/sport_files/animation-mobile.css:0
[  173072ms] [ERROR] Failed to load resource: the server responded with a status of 404 (Not Found) @ http://localhost:5050/sport_files/sport_files/sport_files/sport_files/sport_files/sport_files/sport_files/sport_files/sport_files/sport_files/sport_files/sport_files/sport_files/sport_files/sport_files/sport_files/main.css:0
[  173073ms] [ERROR] Failed to load resource: the server responded with a status of 404 (Not Found) @ http://localhost:5050/sport_files/sport_files/sport_files/sport_files/sport_files/sport_files/sport_files/sport_files/sport_files/sport_files/sport_files/sport_files/sport_files/sport_files/sport_files/sport_files/point-custom.css:0
[  173073ms] [ERROR] Failed to load resource: the server responded with a status of 404 (Not Found) @ http://localhost:5050/sport_files/sport_files/sport_files/sport_files/sport_files/sport_files/sport_files/sport_files/sport_files/sport_files/sport_files/sport_files/sport_files/sport_files/sport_files/sport_files/responsive.css:0
[  173099ms] [ERROR] Failed to load resource: the server responded with a status of 404 (Not Found) @ http://localhost:5050/sport_files/sport_files/sport_files/sport_files/sport_files/sport_files/sport_files/sport_files/sport_files/sport_files/sport_files/sport_files/sport_files/sport_files/sport_files/sport_files/css2:0
[  173150ms] [ERROR] Failed to load resource: the server responded with a status of 404 (Not Found) @ http://localhost:5050/sport_files/sport_files/sport_files/sport_files/sport_files/sport_files/sport_files/sport_files/sport_files/sport_files/sport_files/sport_files/sport_files/sport_files/sport_files/sport_files/theme.css:0
[  173359ms] [ERROR] Failed to load resource: the server responded with a status of 404 (Not Found) @ http://localhost:5050/sport_files/sport_files/sport_files/sport_files/sport_files/sport_files/sport_files/sport_files/sport_files/sport_files/sport_files/sport_files/sport_files/sport_files/sport_files/sport_files/custom.css:0
[  173694ms] [ERROR] Failed to load resource: the server responded with a status of 404 (Not Found) @ http://localhost:5050/sport_files/sport_files/sport_files/sport_files/sport_files/sport_files/sport_files/sport_files/sport_files/sport_files/sport_files/sport_files/sport_files/sport_files/sport_files/sport_files/sport_files/owl.carousel.min.css:0
[  173694ms] [ERROR] Failed to load resource: the server responded with a status of 404 (Not Found) @ http://localhost:5050/sport_files/sport_files/sport_files/sport_files/sport_files/sport_files/sport_files/sport_files/sport_files/sport_files/sport_files/sport_files/sport_files/sport_files/sport_files/sport_files/sport_files/all.css:0
[  173694ms] [ERROR] Failed to load resource: the server responded with a status of 404 (Not Found) @ http://localhost:5050/sport_files/sport_files/sport_files/sport_files/sport_files/sport_files/sport_files/sport_files/sport_files/sport_files/sport_files/sport_files/sport_files/sport_files/sport_files/sport_files/sport_files/animate.css@3.5.1:0
[  173694ms] [ERROR] Failed to load resource: the server responded with a status of 404 (Not Found) @ http://localhost:5050/sport_files/sport_files/sport_files/sport_files/sport_files/sport_files/sport_files/sport_files/sport_files/sport_files/sport_files/sport_files/sport_files/sport_files/sport_files/sport_files/sport_files/owl.theme.default.min.css:0
[  173774ms] [ERROR] Failed to load resource: the server responded with a status of 404 (Not Found) @ http://localhost:5050/sport_files/sport_files/sport_files/sport_files/sport_files/sport_files/sport_files/sport_files/sport_files/sport_files/sport_files/sport_files/sport_files/sport_files/sport_files/sport_files/sport_files/bootstrap.min.css:0
[  173775ms] [ERROR] Failed to load resource: the server responded with a status of 404 (Not Found) @ http://localhost:5050/sport_files/sport_files/sport_files/sport_files/sport_files/sport_files/sport_files/sport_files/sport_files/sport_files/sport_files/sport_files/sport_files/sport_files/sport_files/sport_files/sport_files/control.css:0
[  173941ms] [ERROR] Failed to load resource: the server responded with a status of 404 (Not Found) @ http://localhost:5050/sport_files/sport_files/sport_files/sport_files/sport_files/sport_files/sport_files/sport_files/sport_files/sport_files/sport_files/sport_files/sport_files/sport_files/sport_files/sport_files/sport_files/color.css:0
[  173941ms] [ERROR] Failed to load resource: the server responded with a status of 404 (Not Found) @ http://localhost:5050/sport_files/sport_files/sport_files/sport_files/sport_files/sport_files/sport_files/sport_files/sport_files/sport_files/sport_files/sport_files/sport_files/sport_files/sport_files/sport_files/sport_files/style.css:0
[  173942ms] [ERROR] Failed to load resource: the server responded with a status of 404 (Not Found) @ http://localhost:5050/sport_files/sport_files/sport_files/sport_files/sport_files/sport_files/sport_files/sport_files/sport_files/sport_files/sport_files/sport_files/sport_files/sport_files/sport_files/sport_files/sport_files/animation-mobile.css:0
[  174140ms] [ERROR] Failed to load resource: the server responded with a status of 404 (Not Found) @ http://localhost:5050/sport_files/sport_files/sport_files/sport_files/sport_files/sport_files/sport_files/sport_files/sport_files/sport_files/sport_files/sport_files/sport_files/sport_files/sport_files/sport_files/sport_files/animation.css:0
[  174140ms] [ERROR] Failed to load resource: the server responded with a status of 404 (Not Found) @ http://localhost:5050/sport_files/sport_files/sport_files/sport_files/sport_files/sport_files/sport_files/sport_files/sport_files/sport_files/sport_files/sport_files/sport_files/sport_files/sport_files/sport_files/sport_files/main.css:0
[  174141ms] [ERROR] Failed to load resource: the server responded with a status of 404 (Not Found) @ http://localhost:5050/sport_files/sport_files/sport_files/sport_files/sport_files/sport_files/sport_files/sport_files/sport_files/sport_files/sport_files/sport_files/sport_files/sport_files/sport_files/sport_files/sport_files/responsive.css:0
[  174141ms] [ERROR] Failed to load resource: the server responded with a status of 404 (Not Found) @ http://localhost:5050/sport_files/sport_files/sport_files/sport_files/sport_files/sport_files/sport_files/sport_files/sport_files/sport_files/sport_files/sport_files/sport_files/sport_files/sport_files/sport_files/sport_files/css2:0
[  174141ms] [ERROR] Failed to load resource: the server responded with a status of 404 (Not Found) @ http://localhost:5050/sport_files/sport_files/sport_files/sport_files/sport_files/sport_files/sport_files/sport_files/sport_files/sport_files/sport_files/sport_files/sport_files/sport_files/sport_files/sport_files/sport_files/point-custom.css:0
[  174141ms] [ERROR] Failed to load resource: the server responded with a status of 404 (Not Found) @ http://localhost:5050/sport_files/sport_files/sport_files/sport_files/sport_files/sport_files/sport_files/sport_files/sport_files/sport_files/sport_files/sport_files/sport_files/sport_files/sport_files/sport_files/sport_files/theme.css:0
[  174411ms] [ERROR] Failed to load resource: the server responded with a status of 404 (Not Found) @ http://localhost:5050/sport_files/sport_files/sport_files/sport_files/sport_files/sport_files/sport_files/sport_files/sport_files/sport_files/sport_files/sport_files/sport_files/sport_files/sport_files/sport_files/sport_files/sport_files/animate.css@3.5.1:0
[  174411ms] [ERROR] Failed to load resource: the server responded with a status of 404 (Not Found) @ http://localhost:5050/sport_files/sport_files/sport_files/sport_files/sport_files/sport_files/sport_files/sport_files/sport_files/sport_files/sport_files/sport_files/sport_files/sport_files/sport_files/sport_files/sport_files/sport_files/bootstrap.min.css:0
[  174411ms] [ERROR] Failed to load resource: the server responded with a status of 404 (Not Found) @ http://localhost:5050/sport_files/sport_files/sport_files/sport_files/sport_files/sport_files/sport_files/sport_files/sport_files/sport_files/sport_files/sport_files/sport_files/sport_files/sport_files/sport_files/sport_files/sport_files/all.css:0
[  174411ms] [ERROR] Failed to load resource: the server responded with a status of 404 (Not Found) @ http://localhost:5050/sport_files/sport_files/sport_files/sport_files/sport_files/sport_files/sport_files/sport_files/sport_files/sport_files/sport_files/sport_files/sport_files/sport_files/sport_files/sport_files/sport_files/custom.css:0
[  174475ms] [ERROR] Failed to load resource: the server responded with a status of 404 (Not Found) @ http://localhost:5050/sport_files/sport_files/sport_files/sport_files/sport_files/sport_files/sport_files/sport_files/sport_files/sport_files/sport_files/sport_files/sport_files/sport_files/sport_files/sport_files/sport_files/sport_files/owl.theme.default.min.css:0
[  174476ms] [ERROR] Failed to load resource: the server responded with a status of 404 (Not Found) @ http://localhost:5050/sport_files/sport_files/sport_files/sport_files/sport_files/sport_files/sport_files/sport_files/sport_files/sport_files/sport_files/sport_files/sport_files/sport_files/sport_files/sport_files/sport_files/sport_files/owl.carousel.min.css:0
[  174612ms] [ERROR] Failed to load resource: the server responded with a status of 404 (Not Found) @ http://localhost:5050/sport_files/sport_files/sport_files/sport_files/sport_files/sport_files/sport_files/sport_files/sport_files/sport_files/sport_files/sport_files/sport_files/sport_files/sport_files/sport_files/sport_files/sport_files/control.css:0
[  174645ms] [ERROR] Failed to load resource: the server responded with a status of 404 (Not Found) @ http://localhost:5050/sport_files/sport_files/sport_files/sport_files/sport_files/sport_files/sport_files/sport_files/sport_files/sport_files/sport_files/sport_files/sport_files/sport_files/sport_files/sport_files/sport_files/sport_files/color.css:0
[  174669ms] [ERROR] Failed to load resource: the server responded with a status of 404 (Not Found) @ http://localhost:5050/sport_files/sport_files/sport_files/sport_files/sport_files/sport_files/sport_files/sport_files/sport_files/sport_files/sport_files/sport_files/sport_files/sport_files/sport_files/sport_files/sport_files/sport_files/animation.css:0
[  174681ms] [ERROR] Failed to load resource: the server responded with a status of 404 (Not Found) @ http://localhost:5050/sport_files/sport_files/sport_files/sport_files/sport_files/sport_files/sport_files/sport_files/sport_files/sport_files/sport_files/sport_files/sport_files/sport_files/sport_files/sport_files/sport_files/sport_files/responsive.css:0
[  174697ms] [ERROR] Failed to load resource: the server responded with a status of 404 (Not Found) @ http://localhost:5050/sport_files/sport_files/sport_files/sport_files/sport_files/sport_files/sport_files/sport_files/sport_files/sport_files/sport_files/sport_files/sport_files/sport_files/sport_files/sport_files/sport_files/sport_files/style.css:0
[  174709ms] [ERROR] Failed to load resource: the server responded with a status of 404 (Not Found) @ http://localhost:5050/sport_files/sport_files/sport_files/sport_files/sport_files/sport_files/sport_files/sport_files/sport_files/sport_files/sport_files/sport_files/sport_files/sport_files/sport_files/sport_files/sport_files/sport_files/animation-mobile.css:0
[  174828ms] [ERROR] Failed to load resource: the server responded with a status of 404 (Not Found) @ http://localhost:5050/sport_files/sport_files/sport_files/sport_files/sport_files/sport_files/sport_files/sport_files/sport_files/sport_files/sport_files/sport_files/sport_files/sport_files/sport_files/sport_files/sport_files/sport_files/main.css:0
[  174876ms] [ERROR] Failed to load resource: the server responded with a status of 404 (Not Found) @ http://localhost:5050/sport_files/sport_files/sport_files/sport_files/sport_files/sport_files/sport_files/sport_files/sport_files/sport_files/sport_files/sport_files/sport_files/sport_files/sport_files/sport_files/sport_files/sport_files/point-custom.css:0
[  174879ms] [ERROR] Failed to load resource: the server responded with a status of 404 (Not Found) @ http://localhost:5050/sport_files/sport_files/sport_files/sport_files/sport_files/sport_files/sport_files/sport_files/sport_files/sport_files/sport_files/sport_files/sport_files/sport_files/sport_files/sport_files/sport_files/sport_files/css2:0
[  174908ms] [ERROR] Failed to load resource: the server responded with a status of 404 (Not Found) @ http://localhost:5050/sport_files/sport_files/sport_files/sport_files/sport_files/sport_files/sport_files/sport_files/sport_files/sport_files/sport_files/sport_files/sport_files/sport_files/sport_files/sport_files/sport_files/sport_files/theme.css:0
[  174912ms] [ERROR] Failed to load resource: the server responded with a status of 404 (Not Found) @ http://localhost:5050/sport_files/sport_files/sport_files/sport_files/sport_files/sport_files/sport_files/sport_files/sport_files/sport_files/sport_files/sport_files/sport_files/sport_files/sport_files/sport_files/sport_files/sport_files/sport_files/all.css:0
[  174958ms] [ERROR] Failed to load resource: the server responded with a status of 404 (Not Found) @ http://localhost:5050/sport_files/sport_files/sport_files/sport_files/sport_files/sport_files/sport_files/sport_files/sport_files/sport_files/sport_files/sport_files/sport_files/sport_files/sport_files/sport_files/sport_files/sport_files/custom.css:0
[  175059ms] [ERROR] Failed to load resource: the server responded with a status of 404 (Not Found) @ http://localhost:5050/sport_files/sport_files/sport_files/sport_files/sport_files/sport_files/sport_files/sport_files/sport_files/sport_files/sport_files/sport_files/sport_files/sport_files/sport_files/sport_files/sport_files/sport_files/sport_files/bootstrap.min.css:0
[  175096ms] [ERROR] Failed to load resource: the server responded with a status of 404 (Not Found) @ http://localhost:5050/sport_files/sport_files/sport_files/sport_files/sport_files/sport_files/sport_files/sport_files/sport_files/sport_files/sport_files/sport_files/sport_files/sport_files/sport_files/sport_files/sport_files/sport_files/sport_files/owl.carousel.min.css:0
[  175096ms] [ERROR] Failed to load resource: the server responded with a status of 404 (Not Found) @ http://localhost:5050/sport_files/sport_files/sport_files/sport_files/sport_files/sport_files/sport_files/sport_files/sport_files/sport_files/sport_files/sport_files/sport_files/sport_files/sport_files/sport_files/sport_files/sport_files/sport_files/animate.css@3.5.1:0
[  175136ms] [ERROR] Failed to load resource: the server responded with a status of 404 (Not Found) @ http://localhost:5050/sport_files/sport_files/sport_files/sport_files/sport_files/sport_files/sport_files/sport_files/sport_files/sport_files/sport_files/sport_files/sport_files/sport_files/sport_files/sport_files/sport_files/sport_files/sport_files/control.css:0
[  175136ms] [ERROR] Failed to load resource: the server responded with a status of 404 (Not Found) @ http://localhost:5050/sport_files/sport_files/sport_files/sport_files/sport_files/sport_files/sport_files/sport_files/sport_files/sport_files/sport_files/sport_files/sport_files/sport_files/sport_files/sport_files/sport_files/sport_files/sport_files/owl.theme.default.min.css:0
[  175277ms] [ERROR] Failed to load resource: the server responded with a status of 404 (Not Found) @ http://localhost:5050/sport_files/sport_files/sport_files/sport_files/sport_files/sport_files/sport_files/sport_files/sport_files/sport_files/sport_files/sport_files/sport_files/sport_files/sport_files/sport_files/sport_files/sport_files/sport_files/color.css:0
[  175292ms] [ERROR] Failed to load resource: the server responded with a status of 404 (Not Found) @ http://localhost:5050/sport_files/sport_files/sport_files/sport_files/sport_files/sport_files/sport_files/sport_files/sport_files/sport_files/sport_files/sport_files/sport_files/sport_files/sport_files/sport_files/sport_files/sport_files/sport_files/style.css:0
[  175310ms] [ERROR] Failed to load resource: the server responded with a status of 404 (Not Found) @ http://localhost:5050/sport_files/sport_files/sport_files/sport_files/sport_files/sport_files/sport_files/sport_files/sport_files/sport_files/sport_files/sport_files/sport_files/sport_files/sport_files/sport_files/sport_files/sport_files/sport_files/animation-mobile.css:0
[  175327ms] [ERROR] Failed to load resource: the server responded with a status of 404 (Not Found) @ http://localhost:5050/sport_files/sport_files/sport_files/sport_files/sport_files/sport_files/sport_files/sport_files/sport_files/sport_files/sport_files/sport_files/sport_files/sport_files/sport_files/sport_files/sport_files/sport_files/sport_files/responsive.css:0
[  175328ms] [ERROR] Failed to load resource: the server responded with a status of 404 (Not Found) @ http://localhost:5050/sport_files/sport_files/sport_files/sport_files/sport_files/sport_files/sport_files/sport_files/sport_files/sport_files/sport_files/sport_files/sport_files/sport_files/sport_files/sport_files/sport_files/sport_files/sport_files/main.css:0
[  175328ms] [ERROR] Failed to load resource: the server responded with a status of 404 (Not Found) @ http://localhost:5050/sport_files/sport_files/sport_files/sport_files/sport_files/sport_files/sport_files/sport_files/sport_files/sport_files/sport_files/sport_files/sport_files/sport_files/sport_files/sport_files/sport_files/sport_files/sport_files/animation.css:0
[  175544ms] [ERROR] Failed to load resource: the server responded with a status of 404 (Not Found) @ http://localhost:5050/sport_files/sport_files/sport_files/sport_files/sport_files/sport_files/sport_files/sport_files/sport_files/sport_files/sport_files/sport_files/sport_files/sport_files/sport_files/sport_files/sport_files/sport_files/sport_files/css2:0
[  175548ms] [ERROR] Failed to load resource: the server responded with a status of 404 (Not Found) @ http://localhost:5050/sport_files/sport_files/sport_files/sport_files/sport_files/sport_files/sport_files/sport_files/sport_files/sport_files/sport_files/sport_files/sport_files/sport_files/sport_files/sport_files/sport_files/sport_files/sport_files/sport_files/all.css:0
[  175564ms] [ERROR] Failed to load resource: the server responded with a status of 404 (Not Found) @ http://localhost:5050/sport_files/sport_files/sport_files/sport_files/sport_files/sport_files/sport_files/sport_files/sport_files/sport_files/sport_files/sport_files/sport_files/sport_files/sport_files/sport_files/sport_files/sport_files/sport_files/theme.css:0
[  175575ms] [ERROR] Failed to load resource: the server responded with a status of 404 (Not Found) @ http://localhost:5050/sport_files/sport_files/sport_files/sport_files/sport_files/sport_files/sport_files/sport_files/sport_files/sport_files/sport_files/sport_files/sport_files/sport_files/sport_files/sport_files/sport_files/sport_files/sport_files/point-custom.css:0
[  175580ms] [ERROR] Failed to load resource: the server responded with a status of 404 (Not Found) @ http://localhost:5050/sport_files/sport_files/sport_files/sport_files/sport_files/sport_files/sport_files/sport_files/sport_files/sport_files/sport_files/sport_files/sport_files/sport_files/sport_files/sport_files/sport_files/sport_files/sport_files/custom.css:0
[  175581ms] [ERROR] Failed to load resource: the server responded with a status of 404 (Not Found) @ http://localhost:5050/sport_files/sport_files/sport_files/sport_files/sport_files/sport_files/sport_files/sport_files/sport_files/sport_files/sport_files/sport_files/sport_files/sport_files/sport_files/sport_files/sport_files/sport_files/sport_files/sport_files/bootstrap.min.css:0
[  176148ms] [ERROR] Failed to load resource: the server responded with a status of 404 (Not Found) @ http://localhost:5050/sport_files/sport_files/sport_files/sport_files/sport_files/sport_files/sport_files/sport_files/sport_files/sport_files/sport_files/sport_files/sport_files/sport_files/sport_files/sport_files/sport_files/sport_files/sport_files/sport_files/animate.css@3.5.1:0
[  176197ms] [ERROR] Failed to load resource: the server responded with a status of 404 (Not Found) @ http://localhost:5050/sport_files/sport_files/sport_files/sport_files/sport_files/sport_files/sport_files/sport_files/sport_files/sport_files/sport_files/sport_files/sport_files/sport_files/sport_files/sport_files/sport_files/sport_files/sport_files/sport_files/owl.carousel.min.css:0
[  176208ms] [ERROR] Failed to load resource: the server responded with a status of 404 (Not Found) @ http://localhost:5050/sport_files/sport_files/sport_files/sport_files/sport_files/sport_files/sport_files/sport_files/sport_files/sport_files/sport_files/sport_files/sport_files/sport_files/sport_files/sport_files/sport_files/sport_files/sport_files/sport_files/color.css:0
[  176208ms] [ERROR] Failed to load resource: the server responded with a status of 404 (Not Found) @ http://localhost:5050/sport_files/sport_files/sport_files/sport_files/sport_files/sport_files/sport_files/sport_files/sport_files/sport_files/sport_files/sport_files/sport_files/sport_files/sport_files/sport_files/sport_files/sport_files/sport_files/sport_files/owl.theme.default.min.css:0
[  176228ms] [ERROR] Failed to load resource: the server responded with a status of 404 (Not Found) @ http://localhost:5050/sport_files/sport_files/sport_files/sport_files/sport_files/sport_files/sport_files/sport_files/sport_files/sport_files/sport_files/sport_files/sport_files/sport_files/sport_files/sport_files/sport_files/sport_files/sport_files/sport_files/control.css:0
[  176228ms] [ERROR] Failed to load resource: the server responded with a status of 404 (Not Found) @ http://localhost:5050/sport_files/sport_files/sport_files/sport_files/sport_files/sport_files/sport_files/sport_files/sport_files/sport_files/sport_files/sport_files/sport_files/sport_files/sport_files/sport_files/sport_files/sport_files/sport_files/sport_files/style.css:0
[  176579ms] [ERROR] Failed to load resource: the server responded with a status of 404 (Not Found) @ http://localhost:5050/sport_files/sport_files/sport_files/sport_files/sport_files/sport_files/sport_files/sport_files/sport_files/sport_files/sport_files/sport_files/sport_files/sport_files/sport_files/sport_files/sport_files/sport_files/sport_files/sport_files/animation.css:0
[  176626ms] [ERROR] Failed to load resource: the server responded with a status of 404 (Not Found) @ http://localhost:5050/sport_files/sport_files/sport_files/sport_files/sport_files/sport_files/sport_files/sport_files/sport_files/sport_files/sport_files/sport_files/sport_files/sport_files/sport_files/sport_files/sport_files/sport_files/sport_files/sport_files/css2:0
[  176626ms] [ERROR] Failed to load resource: the server responded with a status of 404 (Not Found) @ http://localhost:5050/sport_files/sport_files/sport_files/sport_files/sport_files/sport_files/sport_files/sport_files/sport_files/sport_files/sport_files/sport_files/sport_files/sport_files/sport_files/sport_files/sport_files/sport_files/sport_files/sport_files/sport_files/all.css:0
[  176674ms] [ERROR] Failed to load resource: the server responded with a status of 404 (Not Found) @ http://localhost:5050/sport_files/sport_files/sport_files/sport_files/sport_files/sport_files/sport_files/sport_files/sport_files/sport_files/sport_files/sport_files/sport_files/sport_files/sport_files/sport_files/sport_files/sport_files/sport_files/sport_files/animation-mobile.css:0
[  176707ms] [ERROR] Failed to load resource: the server responded with a status of 404 (Not Found) @ http://localhost:5050/sport_files/sport_files/sport_files/sport_files/sport_files/sport_files/sport_files/sport_files/sport_files/sport_files/sport_files/sport_files/sport_files/sport_files/sport_files/sport_files/sport_files/sport_files/sport_files/sport_files/main.css:0
[  176760ms] [ERROR] Failed to load resource: the server responded with a status of 404 (Not Found) @ http://localhost:5050/sport_files/sport_files/sport_files/sport_files/sport_files/sport_files/sport_files/sport_files/sport_files/sport_files/sport_files/sport_files/sport_files/sport_files/sport_files/sport_files/sport_files/sport_files/sport_files/sport_files/responsive.css:0
[  176760ms] [ERROR] Failed to load resource: the server responded with a status of 404 (Not Found) @ http://localhost:5050/sport_files/sport_files/sport_files/sport_files/sport_files/sport_files/sport_files/sport_files/sport_files/sport_files/sport_files/sport_files/sport_files/sport_files/sport_files/sport_files/sport_files/sport_files/sport_files/sport_files/point-custom.css:0
[  176975ms] [ERROR] Failed to load resource: the server responded with a status of 404 (Not Found) @ http://localhost:5050/sport_files/sport_files/sport_files/sport_files/sport_files/sport_files/sport_files/sport_files/sport_files/sport_files/sport_files/sport_files/sport_files/sport_files/sport_files/sport_files/sport_files/sport_files/sport_files/sport_files/custom.css:0
[  176975ms] [ERROR] Failed to load resource: the server responded with a status of 404 (Not Found) @ http://localhost:5050/sport_files/sport_files/sport_files/sport_files/sport_files/sport_files/sport_files/sport_files/sport_files/sport_files/sport_files/sport_files/sport_files/sport_files/sport_files/sport_files/sport_files/sport_files/sport_files/sport_files/theme.css:0
[  177115ms] [ERROR] Failed to load resource: the server responded with a status of 404 (Not Found) @ http://localhost:5050/sport_files/sport_files/sport_files/sport_files/sport_files/sport_files/sport_files/sport_files/sport_files/sport_files/sport_files/sport_files/sport_files/sport_files/sport_files/sport_files/sport_files/sport_files/sport_files/sport_files/sport_files/bootstrap.min.css:0
[  177147ms] [ERROR] Failed to load resource: the server responded with a status of 404 (Not Found) @ http://localhost:5050/sport_files/sport_files/sport_files/sport_files/sport_files/sport_files/sport_files/sport_files/sport_files/sport_files/sport_files/sport_files/sport_files/sport_files/sport_files/sport_files/sport_files/sport_files/sport_files/sport_files/sport_files/animate.css@3.5.1:0
[  177197ms] [ERROR] Failed to load resource: the server responded with a status of 404 (Not Found) @ http://localhost:5050/sport_files/sport_files/sport_files/sport_files/sport_files/sport_files/sport_files/sport_files/sport_files/sport_files/sport_files/sport_files/sport_files/sport_files/sport_files/sport_files/sport_files/sport_files/sport_files/sport_files/sport_files/owl.carousel.min.css:0
[  177198ms] [ERROR] Failed to load resource: the server responded with a status of 404 (Not Found) @ http://localhost:5050/sport_files/sport_files/sport_files/sport_files/sport_files/sport_files/sport_files/sport_files/sport_files/sport_files/sport_files/sport_files/sport_files/sport_files/sport_files/sport_files/sport_files/sport_files/sport_files/sport_files/sport_files/owl.theme.default.min.css:0
[  177279ms] [ERROR] Failed to load resource: the server responded with a status of 404 (Not Found) @ http://localhost:5050/sport_files/sport_files/sport_files/sport_files/sport_files/sport_files/sport_files/sport_files/sport_files/sport_files/sport_files/sport_files/sport_files/sport_files/sport_files/sport_files/sport_files/sport_files/sport_files/sport_files/sport_files/color.css:0
[  177290ms] [ERROR] Failed to load resource: the server responded with a status of 404 (Not Found) @ http://localhost:5050/sport_files/sport_files/sport_files/sport_files/sport_files/sport_files/sport_files/sport_files/sport_files/sport_files/sport_files/sport_files/sport_files/sport_files/sport_files/sport_files/sport_files/sport_files/sport_files/sport_files/sport_files/control.css:0
[  177409ms] [ERROR] Failed to load resource: the server responded with a status of 404 (Not Found) @ http://localhost:5050/sport_files/sport_files/sport_files/sport_files/sport_files/sport_files/sport_files/sport_files/sport_files/sport_files/sport_files/sport_files/sport_files/sport_files/sport_files/sport_files/sport_files/sport_files/sport_files/sport_files/sport_files/responsive.css:0
[  177442ms] [ERROR] Failed to load resource: the server responded with a status of 404 (Not Found) @ http://localhost:5050/sport_files/sport_files/sport_files/sport_files/sport_files/sport_files/sport_files/sport_files/sport_files/sport_files/sport_files/sport_files/sport_files/sport_files/sport_files/sport_files/sport_files/sport_files/sport_files/sport_files/sport_files/style.css:0
[  177480ms] [ERROR] Failed to load resource: the server responded with a status of 404 (Not Found) @ http://localhost:5050/sport_files/sport_files/sport_files/sport_files/sport_files/sport_files/sport_files/sport_files/sport_files/sport_files/sport_files/sport_files/sport_files/sport_files/sport_files/sport_files/sport_files/sport_files/sport_files/sport_files/sport_files/animation-mobile.css:0
[  177481ms] [ERROR] Failed to load resource: the server responded with a status of 404 (Not Found) @ http://localhost:5050/sport_files/sport_files/sport_files/sport_files/sport_files/sport_files/sport_files/sport_files/sport_files/sport_files/sport_files/sport_files/sport_files/sport_files/sport_files/sport_files/sport_files/sport_files/sport_files/sport_files/sport_files/animation.css:0
[  177577ms] [ERROR] Failed to load resource: the server responded with a status of 404 (Not Found) @ http://localhost:5050/sport_files/sport_files/sport_files/sport_files/sport_files/sport_files/sport_files/sport_files/sport_files/sport_files/sport_files/sport_files/sport_files/sport_files/sport_files/sport_files/sport_files/sport_files/sport_files/sport_files/sport_files/main.css:0
[  177594ms] [ERROR] Failed to load resource: the server responded with a status of 404 (Not Found) @ http://localhost:5050/sport_files/sport_files/sport_files/sport_files/sport_files/sport_files/sport_files/sport_files/sport_files/sport_files/sport_files/sport_files/sport_files/sport_files/sport_files/sport_files/sport_files/sport_files/sport_files/sport_files/sport_files/css2:0
[  177712ms] [ERROR] Failed to load resource: the server responded with a status of 404 (Not Found) @ http://localhost:5050/sport_files/sport_files/sport_files/sport_files/sport_files/sport_files/sport_files/sport_files/sport_files/sport_files/sport_files/sport_files/sport_files/sport_files/sport_files/sport_files/sport_files/sport_files/sport_files/sport_files/sport_files/theme.css:0
[  177724ms] [ERROR] Failed to load resource: the server responded with a status of 404 (Not Found) @ http://localhost:5050/sport_files/sport_files/sport_files/sport_files/sport_files/sport_files/sport_files/sport_files/sport_files/sport_files/sport_files/sport_files/sport_files/sport_files/sport_files/sport_files/sport_files/sport_files/sport_files/sport_files/sport_files/point-custom.css:0
[  177761ms] [ERROR] Failed to load resource: the server responded with a status of 404 (Not Found) @ http://localhost:5050/sport_files/sport_files/sport_files/sport_files/sport_files/sport_files/sport_files/sport_files/sport_files/sport_files/sport_files/sport_files/sport_files/sport_files/sport_files/sport_files/sport_files/sport_files/sport_files/sport_files/sport_files/custom.css:0
[  177761ms] [ERROR] Failed to load resource: the server responded with a status of 404 (Not Found) @ http://localhost:5050/sport_files/sport_files/sport_files/sport_files/sport_files/sport_files/sport_files/sport_files/sport_files/sport_files/sport_files/sport_files/sport_files/sport_files/sport_files/sport_files/sport_files/sport_files/sport_files/sport_files/sport_files/sport_files/all.css:0
[  177792ms] [ERROR] Failed to load resource: the server responded with a status of 404 (Not Found) @ http://localhost:5050/sport_files/sport_files/sport_files/sport_files/sport_files/sport_files/sport_files/sport_files/sport_files/sport_files/sport_files/sport_files/sport_files/sport_files/sport_files/sport_files/sport_files/sport_files/sport_files/sport_files/sport_files/sport_files/bootstrap.min.css:0
[  177799ms] [ERROR] Failed to load resource: the server responded with a status of 404 (Not Found) @ http://localhost:5050/sport_files/sport_files/sport_files/sport_files/sport_files/sport_files/sport_files/sport_files/sport_files/sport_files/sport_files/sport_files/sport_files/sport_files/sport_files/sport_files/sport_files/sport_files/sport_files/sport_files/sport_files/sport_files/animate.css@3.5.1:0
[  177992ms] [ERROR] Failed to load resource: the server responded with a status of 404 (Not Found) @ http://localhost:5050/sport_files/sport_files/sport_files/sport_files/sport_files/sport_files/sport_files/sport_files/sport_files/sport_files/sport_files/sport_files/sport_files/sport_files/sport_files/sport_files/sport_files/sport_files/sport_files/sport_files/sport_files/sport_files/color.css:0
[  178028ms] [ERROR] Failed to load resource: the server responded with a status of 404 (Not Found) @ http://localhost:5050/sport_files/sport_files/sport_files/sport_files/sport_files/sport_files/sport_files/sport_files/sport_files/sport_files/sport_files/sport_files/sport_files/sport_files/sport_files/sport_files/sport_files/sport_files/sport_files/sport_files/sport_files/sport_files/control.css:0
[  178079ms] [ERROR] Failed to load resource: the server responded with a status of 404 (Not Found) @ http://localhost:5050/sport_files/sport_files/sport_files/sport_files/sport_files/sport_files/sport_files/sport_files/sport_files/sport_files/sport_files/sport_files/sport_files/sport_files/sport_files/sport_files/sport_files/sport_files/sport_files/sport_files/sport_files/sport_files/animation.css:0
[  178092ms] [ERROR] Failed to load resource: the server responded with a status of 404 (Not Found) @ http://localhost:5050/sport_files/sport_files/sport_files/sport_files/sport_files/sport_files/sport_files/sport_files/sport_files/sport_files/sport_files/sport_files/sport_files/sport_files/sport_files/sport_files/sport_files/sport_files/sport_files/sport_files/sport_files/sport_files/style.css:0
[  178109ms] [ERROR] Failed to load resource: the server responded with a status of 404 (Not Found) @ http://localhost:5050/sport_files/sport_files/sport_files/sport_files/sport_files/sport_files/sport_files/sport_files/sport_files/sport_files/sport_files/sport_files/sport_files/sport_files/sport_files/sport_files/sport_files/sport_files/sport_files/sport_files/sport_files/sport_files/owl.carousel.min.css:0
[  178109ms] [ERROR] Failed to load resource: the server responded with a status of 404 (Not Found) @ http://localhost:5050/sport_files/sport_files/sport_files/sport_files/sport_files/sport_files/sport_files/sport_files/sport_files/sport_files/sport_files/sport_files/sport_files/sport_files/sport_files/sport_files/sport_files/sport_files/sport_files/sport_files/sport_files/sport_files/owl.theme.default.min.css:0
[  178277ms] [ERROR] Failed to load resource: the server responded with a status of 404 (Not Found) @ http://localhost:5050/sport_files/sport_files/sport_files/sport_files/sport_files/sport_files/sport_files/sport_files/sport_files/sport_files/sport_files/sport_files/sport_files/sport_files/sport_files/sport_files/sport_files/sport_files/sport_files/sport_files/sport_files/sport_files/animation-mobile.css:0
[  178277ms] [ERROR] Failed to load resource: the server responded with a status of 404 (Not Found) @ http://localhost:5050/sport_files/sport_files/sport_files/sport_files/sport_files/sport_files/sport_files/sport_files/sport_files/sport_files/sport_files/sport_files/sport_files/sport_files/sport_files/sport_files/sport_files/sport_files/sport_files/sport_files/sport_files/sport_files/responsive.css:0
[  178352ms] [ERROR] Failed to load resource: the server responded with a status of 404 (Not Found) @ http://localhost:5050/sport_files/sport_files/sport_files/sport_files/sport_files/sport_files/sport_files/sport_files/sport_files/sport_files/sport_files/sport_files/sport_files/sport_files/sport_files/sport_files/sport_files/sport_files/sport_files/sport_files/sport_files/sport_files/main.css:0
[  178357ms] [ERROR] Failed to load resource: the server responded with a status of 404 (Not Found) @ http://localhost:5050/sport_files/sport_files/sport_files/sport_files/sport_files/sport_files/sport_files/sport_files/sport_files/sport_files/sport_files/sport_files/sport_files/sport_files/sport_files/sport_files/sport_files/sport_files/sport_files/sport_files/sport_files/sport_files/css2:0
[  178476ms] [ERROR] Failed to load resource: the server responded with a status of 404 (Not Found) @ http://localhost:5050/sport_files/sport_files/sport_files/sport_files/sport_files/sport_files/sport_files/sport_files/sport_files/sport_files/sport_files/sport_files/sport_files/sport_files/sport_files/sport_files/sport_files/sport_files/sport_files/sport_files/sport_files/sport_files/point-custom.css:0
[  178499ms] [ERROR] Failed to load resource: the server responded with a status of 404 (Not Found) @ http://localhost:5050/sport_files/sport_files/sport_files/sport_files/sport_files/sport_files/sport_files/sport_files/sport_files/sport_files/sport_files/sport_files/sport_files/sport_files/sport_files/sport_files/sport_files/sport_files/sport_files/sport_files/sport_files/sport_files/theme.css:0
[  178546ms] [ERROR] Failed to load resource: the server responded with a status of 404 (Not Found) @ http://localhost:5050/sport_files/sport_files/sport_files/sport_files/sport_files/sport_files/sport_files/sport_files/sport_files/sport_files/sport_files/sport_files/sport_files/sport_files/sport_files/sport_files/sport_files/sport_files/sport_files/sport_files/sport_files/sport_files/sport_files/all.css:0
[  178547ms] [ERROR] Failed to load resource: the server responded with a status of 404 (Not Found) @ http://localhost:5050/sport_files/sport_files/sport_files/sport_files/sport_files/sport_files/sport_files/sport_files/sport_files/sport_files/sport_files/sport_files/sport_files/sport_files/sport_files/sport_files/sport_files/sport_files/sport_files/sport_files/sport_files/sport_files/custom.css:0
[  178562ms] [ERROR] Failed to load resource: the server responded with a status of 404 (Not Found) @ http://localhost:5050/sport_files/sport_files/sport_files/sport_files/sport_files/sport_files/sport_files/sport_files/sport_files/sport_files/sport_files/sport_files/sport_files/sport_files/sport_files/sport_files/sport_files/sport_files/sport_files/sport_files/sport_files/sport_files/sport_files/bootstrap.min.css:0
[  178562ms] [ERROR] Failed to load resource: the server responded with a status of 404 (Not Found) @ http://localhost:5050/sport_files/sport_files/sport_files/sport_files/sport_files/sport_files/sport_files/sport_files/sport_files/sport_files/sport_files/sport_files/sport_files/sport_files/sport_files/sport_files/sport_files/sport_files/sport_files/sport_files/sport_files/sport_files/sport_files/animate.css@3.5.1:0
[  178695ms] [ERROR] Failed to load resource: the server responded with a status of 404 (Not Found) @ http://localhost:5050/sport_files/sport_files/sport_files/sport_files/sport_files/sport_files/sport_files/sport_files/sport_files/sport_files/sport_files/sport_files/sport_files/sport_files/sport_files/sport_files/sport_files/sport_files/sport_files/sport_files/sport_files/sport_files/sport_files/owl.theme.default.min.css:0
[  178713ms] [ERROR] Failed to load resource: the server responded with a status of 404 (Not Found) @ http://localhost:5050/sport_files/sport_files/sport_files/sport_files/sport_files/sport_files/sport_files/sport_files/sport_files/sport_files/sport_files/sport_files/sport_files/sport_files/sport_files/sport_files/sport_files/sport_files/sport_files/sport_files/sport_files/sport_files/sport_files/owl.carousel.min.css:0
[  178746ms] [ERROR] Failed to load resource: the server responded with a status of 404 (Not Found) @ http://localhost:5050/sport_files/sport_files/sport_files/sport_files/sport_files/sport_files/sport_files/sport_files/sport_files/sport_files/sport_files/sport_files/sport_files/sport_files/sport_files/sport_files/sport_files/sport_files/sport_files/sport_files/sport_files/sport_files/sport_files/color.css:0
[  178814ms] [ERROR] Failed to load resource: the server responded with a status of 404 (Not Found) @ http://localhost:5050/sport_files/sport_files/sport_files/sport_files/sport_files/sport_files/sport_files/sport_files/sport_files/sport_files/sport_files/sport_files/sport_files/sport_files/sport_files/sport_files/sport_files/sport_files/sport_files/sport_files/sport_files/sport_files/sport_files/animation.css:0
[  178825ms] [ERROR] Failed to load resource: the server responded with a status of 404 (Not Found) @ http://localhost:5050/sport_files/sport_files/sport_files/sport_files/sport_files/sport_files/sport_files/sport_files/sport_files/sport_files/sport_files/sport_files/sport_files/sport_files/sport_files/sport_files/sport_files/sport_files/sport_files/sport_files/sport_files/sport_files/sport_files/style.css:0
[  178843ms] [ERROR] Failed to load resource: the server responded with a status of 404 (Not Found) @ http://localhost:5050/sport_files/sport_files/sport_files/sport_files/sport_files/sport_files/sport_files/sport_files/sport_files/sport_files/sport_files/sport_files/sport_files/sport_files/sport_files/sport_files/sport_files/sport_files/sport_files/sport_files/sport_files/sport_files/sport_files/control.css:0
[  178979ms] [ERROR] Failed to load resource: the server responded with a status of 404 (Not Found) @ http://localhost:5050/sport_files/sport_files/sport_files/sport_files/sport_files/sport_files/sport_files/sport_files/sport_files/sport_files/sport_files/sport_files/sport_files/sport_files/sport_files/sport_files/sport_files/sport_files/sport_files/sport_files/sport_files/sport_files/sport_files/animation-mobile.css:0
[  178995ms] [ERROR] Failed to load resource: the server responded with a status of 404 (Not Found) @ http://localhost:5050/sport_files/sport_files/sport_files/sport_files/sport_files/sport_files/sport_files/sport_files/sport_files/sport_files/sport_files/sport_files/sport_files/sport_files/sport_files/sport_files/sport_files/sport_files/sport_files/sport_files/sport_files/sport_files/sport_files/responsive.css:0
[  179009ms] [ERROR] Failed to load resource: the server responded with a status of 404 (Not Found) @ http://localhost:5050/sport_files/sport_files/sport_files/sport_files/sport_files/sport_files/sport_files/sport_files/sport_files/sport_files/sport_files/sport_files/sport_files/sport_files/sport_files/sport_files/sport_files/sport_files/sport_files/sport_files/sport_files/sport_files/sport_files/main.css:0
[  179028ms] [ERROR] Failed to load resource: the server responded with a status of 404 (Not Found) @ http://localhost:5050/sport_files/sport_files/sport_files/sport_files/sport_files/sport_files/sport_files/sport_files/sport_files/sport_files/sport_files/sport_files/sport_files/sport_files/sport_files/sport_files/sport_files/sport_files/sport_files/sport_files/sport_files/sport_files/sport_files/css2:0
[  179031ms] [ERROR] Failed to load resource: the server responded with a status of 404 (Not Found) @ http://localhost:5050/sport_files/sport_files/sport_files/sport_files/sport_files/sport_files/sport_files/sport_files/sport_files/sport_files/sport_files/sport_files/sport_files/sport_files/sport_files/sport_files/sport_files/sport_files/sport_files/sport_files/sport_files/sport_files/sport_files/point-custom.css:0
[  179044ms] [ERROR] Failed to load resource: the server responded with a status of 404 (Not Found) @ http://localhost:5050/sport_files/sport_files/sport_files/sport_files/sport_files/sport_files/sport_files/sport_files/sport_files/sport_files/sport_files/sport_files/sport_files/sport_files/sport_files/sport_files/sport_files/sport_files/sport_files/sport_files/sport_files/sport_files/sport_files/theme.css:0
[  179228ms] [ERROR] Failed to load resource: the server responded with a status of 404 (Not Found) @ http://localhost:5050/sport_files/sport_files/sport_files/sport_files/sport_files/sport_files/sport_files/sport_files/sport_files/sport_files/sport_files/sport_files/sport_files/sport_files/sport_files/sport_files/sport_files/sport_files/sport_files/sport_files/sport_files/sport_files/sport_files/custom.css:0
[  179248ms] [ERROR] Failed to load resource: the server responded with a status of 404 (Not Found) @ http://localhost:5050/sport_files/sport_files/sport_files/sport_files/sport_files/sport_files/sport_files/sport_files/sport_files/sport_files/sport_files/sport_files/sport_files/sport_files/sport_files/sport_files/sport_files/sport_files/sport_files/sport_files/sport_files/sport_files/sport_files/sport_files/animate.css@3.5.1:0
[  179250ms] [ERROR] Failed to load resource: the server responded with a status of 404 (Not Found) @ http://localhost:5050/sport_files/sport_files/sport_files/sport_files/sport_files/sport_files/sport_files/sport_files/sport_files/sport_files/sport_files/sport_files/sport_files/sport_files/sport_files/sport_files/sport_files/sport_files/sport_files/sport_files/sport_files/sport_files/sport_files/sport_files/bootstrap.min.css:0
[  179264ms] [ERROR] Failed to load resource: the server responded with a status of 404 (Not Found) @ http://localhost:5050/sport_files/sport_files/sport_files/sport_files/sport_files/sport_files/sport_files/sport_files/sport_files/sport_files/sport_files/sport_files/sport_files/sport_files/sport_files/sport_files/sport_files/sport_files/sport_files/sport_files/sport_files/sport_files/sport_files/sport_files/owl.carousel.min.css:0
[  179319ms] [ERROR] Failed to load resource: the server responded with a status of 404 (Not Found) @ http://localhost:5050/sport_files/sport_files/sport_files/sport_files/sport_files/sport_files/sport_files/sport_files/sport_files/sport_files/sport_files/sport_files/sport_files/sport_files/sport_files/sport_files/sport_files/sport_files/sport_files/sport_files/sport_files/sport_files/sport_files/sport_files/owl.theme.default.min.css:0
[  179320ms] [ERROR] Failed to load resource: the server responded with a status of 404 (Not Found) @ http://localhost:5050/sport_files/sport_files/sport_files/sport_files/sport_files/sport_files/sport_files/sport_files/sport_files/sport_files/sport_files/sport_files/sport_files/sport_files/sport_files/sport_files/sport_files/sport_files/sport_files/sport_files/sport_files/sport_files/sport_files/sport_files/all.css:0
[  179379ms] [ERROR] Failed to load resource: the server responded with a status of 404 (Not Found) @ http://localhost:5050/sport_files/sport_files/sport_files/sport_files/sport_files/sport_files/sport_files/sport_files/sport_files/sport_files/sport_files/sport_files/sport_files/sport_files/sport_files/sport_files/sport_files/sport_files/sport_files/sport_files/sport_files/sport_files/sport_files/sport_files/control.css:0
[  179430ms] [ERROR] Failed to load resource: the server responded with a status of 404 (Not Found) @ http://localhost:5050/sport_files/sport_files/sport_files/sport_files/sport_files/sport_files/sport_files/sport_files/sport_files/sport_files/sport_files/sport_files/sport_files/sport_files/sport_files/sport_files/sport_files/sport_files/sport_files/sport_files/sport_files/sport_files/sport_files/sport_files/color.css:0
[  179444ms] [ERROR] Failed to load resource: the server responded with a status of 404 (Not Found) @ http://localhost:5050/sport_files/sport_files/sport_files/sport_files/sport_files/sport_files/sport_files/sport_files/sport_files/sport_files/sport_files/sport_files/sport_files/sport_files/sport_files/sport_files/sport_files/sport_files/sport_files/sport_files/sport_files/sport_files/sport_files/sport_files/animation.css:0
[  179461ms] [ERROR] Failed to load resource: the server responded with a status of 404 (Not Found) @ http://localhost:5050/sport_files/sport_files/sport_files/sport_files/sport_files/sport_files/sport_files/sport_files/sport_files/sport_files/sport_files/sport_files/sport_files/sport_files/sport_files/sport_files/sport_files/sport_files/sport_files/sport_files/sport_files/sport_files/sport_files/sport_files/style.css:0
[  179510ms] [ERROR] Failed to load resource: the server responded with a status of 404 (Not Found) @ http://localhost:5050/sport_files/sport_files/sport_files/sport_files/sport_files/sport_files/sport_files/sport_files/sport_files/sport_files/sport_files/sport_files/sport_files/sport_files/sport_files/sport_files/sport_files/sport_files/sport_files/sport_files/sport_files/sport_files/sport_files/sport_files/animation-mobile.css:0
[  179529ms] [ERROR] Failed to load resource: the server responded with a status of 404 (Not Found) @ http://localhost:5050/sport_files/sport_files/sport_files/sport_files/sport_files/sport_files/sport_files/sport_files/sport_files/sport_files/sport_files/sport_files/sport_files/sport_files/sport_files/sport_files/sport_files/sport_files/sport_files/sport_files/sport_files/sport_files/sport_files/sport_files/responsive.css:0
[  179547ms] [ERROR] Failed to load resource: the server responded with a status of 404 (Not Found) @ http://localhost:5050/sport_files/sport_files/sport_files/sport_files/sport_files/sport_files/sport_files/sport_files/sport_files/sport_files/sport_files/sport_files/sport_files/sport_files/sport_files/sport_files/sport_files/sport_files/sport_files/sport_files/sport_files/sport_files/sport_files/sport_files/main.css:0
[  179610ms] [ERROR] Failed to load resource: the server responded with a status of 404 (Not Found) @ http://localhost:5050/sport_files/sport_files/sport_files/sport_files/sport_files/sport_files/sport_files/sport_files/sport_files/sport_files/sport_files/sport_files/sport_files/sport_files/sport_files/sport_files/sport_files/sport_files/sport_files/sport_files/sport_files/sport_files/sport_files/sport_files/css2:0
[  179614ms] [ERROR] Failed to load resource: the server responded with a status of 404 (Not Found) @ http://localhost:5050/sport_files/sport_files/sport_files/sport_files/sport_files/sport_files/sport_files/sport_files/sport_files/sport_files/sport_files/sport_files/sport_files/sport_files/sport_files/sport_files/sport_files/sport_files/sport_files/sport_files/sport_files/sport_files/sport_files/sport_files/point-custom.css:0
[  179628ms] [ERROR] Failed to load resource: the server responded with a status of 404 (Not Found) @ http://localhost:5050/sport_files/sport_files/sport_files/sport_files/sport_files/sport_files/sport_files/sport_files/sport_files/sport_files/sport_files/sport_files/sport_files/sport_files/sport_files/sport_files/sport_files/sport_files/sport_files/sport_files/sport_files/sport_files/sport_files/sport_files/theme.css:0
[  179681ms] [ERROR] Failed to load resource: the server responded with a status of 404 (Not Found) @ http://localhost:5050/sport_files/sport_files/sport_files/sport_files/sport_files/sport_files/sport_files/sport_files/sport_files/sport_files/sport_files/sport_files/sport_files/sport_files/sport_files/sport_files/sport_files/sport_files/sport_files/sport_files/sport_files/sport_files/sport_files/sport_files/custom.css:0
[  179711ms] [ERROR] Failed to load resource: the server responded with a status of 404 (Not Found) @ http://localhost:5050/sport_files/sport_files/sport_files/sport_files/sport_files/sport_files/sport_files/sport_files/sport_files/sport_files/sport_files/sport_files/sport_files/sport_files/sport_files/sport_files/sport_files/sport_files/sport_files/sport_files/sport_files/sport_files/sport_files/sport_files/sport_files/all.css:0
[  179727ms] [ERROR] Failed to load resource: the server responded with a status of 404 (Not Found) @ http://localhost:5050/sport_files/sport_files/sport_files/sport_files/sport_files/sport_files/sport_files/sport_files/sport_files/sport_files/sport_files/sport_files/sport_files/sport_files/sport_files/sport_files/sport_files/sport_files/sport_files/sport_files/sport_files/sport_files/sport_files/sport_files/sport_files/bootstrap.min.css:0
[  179794ms] [ERROR] Failed to load resource: the server responded with a status of 404 (Not Found) @ http://localhost:5050/sport_files/sport_files/sport_files/sport_files/sport_files/sport_files/sport_files/sport_files/sport_files/sport_files/sport_files/sport_files/sport_files/sport_files/sport_files/sport_files/sport_files/sport_files/sport_files/sport_files/sport_files/sport_files/sport_files/sport_files/sport_files/animate.css@3.5.1:0
[  179795ms] [ERROR] Failed to load resource: the server responded with a status of 404 (Not Found) @ http://localhost:5050/sport_files/sport_files/sport_files/sport_files/sport_files/sport_files/sport_files/sport_files/sport_files/sport_files/sport_files/sport_files/sport_files/sport_files/sport_files/sport_files/sport_files/sport_files/sport_files/sport_files/sport_files/sport_files/sport_files/sport_files/sport_files/owl.carousel.min.css:0
[  179811ms] [ERROR] Failed to load resource: the server responded with a status of 404 (Not Found) @ http://localhost:5050/sport_files/sport_files/sport_files/sport_files/sport_files/sport_files/sport_files/sport_files/sport_files/sport_files/sport_files/sport_files/sport_files/sport_files/sport_files/sport_files/sport_files/sport_files/sport_files/sport_files/sport_files/sport_files/sport_files/sport_files/sport_files/owl.theme.default.min.css:0
[  179863ms] [ERROR] Failed to load resource: the server responded with a status of 404 (Not Found) @ http://localhost:5050/sport_files/sport_files/sport_files/sport_files/sport_files/sport_files/sport_files/sport_files/sport_files/sport_files/sport_files/sport_files/sport_files/sport_files/sport_files/sport_files/sport_files/sport_files/sport_files/sport_files/sport_files/sport_files/sport_files/sport_files/sport_files/control.css:0
[  179878ms] [ERROR] Failed to load resource: the server responded with a status of 404 (Not Found) @ http://localhost:5050/sport_files/sport_files/sport_files/sport_files/sport_files/sport_files/sport_files/sport_files/sport_files/sport_files/sport_files/sport_files/sport_files/sport_files/sport_files/sport_files/sport_files/sport_files/sport_files/sport_files/sport_files/sport_files/sport_files/sport_files/sport_files/color.css:0
[  179915ms] [ERROR] Failed to load resource: the server responded with a status of 404 (Not Found) @ http://localhost:5050/sport_files/sport_files/sport_files/sport_files/sport_files/sport_files/sport_files/sport_files/sport_files/sport_files/sport_files/sport_files/sport_files/sport_files/sport_files/sport_files/sport_files/sport_files/sport_files/sport_files/sport_files/sport_files/sport_files/sport_files/sport_files/style.css:0
[  179944ms] [ERROR] Failed to load resource: the server responded with a status of 404 (Not Found) @ http://localhost:5050/sport_files/sport_files/sport_files/sport_files/sport_files/sport_files/sport_files/sport_files/sport_files/sport_files/sport_files/sport_files/sport_files/sport_files/sport_files/sport_files/sport_files/sport_files/sport_files/sport_files/sport_files/sport_files/sport_files/sport_files/sport_files/animation.css:0
[  179962ms] [ERROR] Failed to load resource: the server responded with a status of 404 (Not Found) @ http://localhost:5050/sport_files/sport_files/sport_files/sport_files/sport_files/sport_files/sport_files/sport_files/sport_files/sport_files/sport_files/sport_files/sport_files/sport_files/sport_files/sport_files/sport_files/sport_files/sport_files/sport_files/sport_files/sport_files/sport_files/sport_files/sport_files/animation-mobile.css:0
[  179962ms] [ERROR] Failed to load resource: the server responded with a status of 404 (Not Found) @ http://localhost:5050/sport_files/sport_files/sport_files/sport_files/sport_files/sport_files/sport_files/sport_files/sport_files/sport_files/sport_files/sport_files/sport_files/sport_files/sport_files/sport_files/sport_files/sport_files/sport_files/sport_files/sport_files/sport_files/sport_files/sport_files/sport_files/responsive.css:0
[  180026ms] [ERROR] Failed to load resource: the server responded with a status of 404 (Not Found) @ http://localhost:5050/sport_files/sport_files/sport_files/sport_files/sport_files/sport_files/sport_files/sport_files/sport_files/sport_files/sport_files/sport_files/sport_files/sport_files/sport_files/sport_files/sport_files/sport_files/sport_files/sport_files/sport_files/sport_files/sport_files/sport_files/sport_files/main.css:0
[  180026ms] [ERROR] Failed to load resource: the server responded with a status of 404 (Not Found) @ http://localhost:5050/sport_files/sport_files/sport_files/sport_files/sport_files/sport_files/sport_files/sport_files/sport_files/sport_files/sport_files/sport_files/sport_files/sport_files/sport_files/sport_files/sport_files/sport_files/sport_files/sport_files/sport_files/sport_files/sport_files/sport_files/sport_files/css2:0
[  180095ms] [ERROR] Failed to load resource: the server responded with a status of 404 (Not Found) @ http://localhost:5050/sport_files/sport_files/sport_files/sport_files/sport_files/sport_files/sport_files/sport_files/sport_files/sport_files/sport_files/sport_files/sport_files/sport_files/sport_files/sport_files/sport_files/sport_files/sport_files/sport_files/sport_files/sport_files/sport_files/sport_files/sport_files/point-custom.css:0
[  180114ms] [ERROR] Failed to load resource: the server responded with a status of 404 (Not Found) @ http://localhost:5050/sport_files/sport_files/sport_files/sport_files/sport_files/sport_files/sport_files/sport_files/sport_files/sport_files/sport_files/sport_files/sport_files/sport_files/sport_files/sport_files/sport_files/sport_files/sport_files/sport_files/sport_files/sport_files/sport_files/sport_files/sport_files/theme.css:0
[  180164ms] [ERROR] Failed to load resource: the server responded with a status of 404 (Not Found) @ http://localhost:5050/sport_files/sport_files/sport_files/sport_files/sport_files/sport_files/sport_files/sport_files/sport_files/sport_files/sport_files/sport_files/sport_files/sport_files/sport_files/sport_files/sport_files/sport_files/sport_files/sport_files/sport_files/sport_files/sport_files/sport_files/sport_files/custom.css:0
[  180167ms] [ERROR] Failed to load resource: the server responded with a status of 404 (Not Found) @ http://localhost:5050/sport_files/sport_files/sport_files/sport_files/sport_files/sport_files/sport_files/sport_files/sport_files/sport_files/sport_files/sport_files/sport_files/sport_files/sport_files/sport_files/sport_files/sport_files/sport_files/sport_files/sport_files/sport_files/sport_files/sport_files/sport_files/sport_files/all.css:0
[  180210ms] [ERROR] Failed to load resource: the server responded with a status of 404 (Not Found) @ http://localhost:5050/sport_files/sport_files/sport_files/sport_files/sport_files/sport_files/sport_files/sport_files/sport_files/sport_files/sport_files/sport_files/sport_files/sport_files/sport_files/sport_files/sport_files/sport_files/sport_files/sport_files/sport_files/sport_files/sport_files/sport_files/sport_files/sport_files/bootstrap.min.css:0
[  180210ms] [ERROR] Failed to load resource: the server responded with a status of 404 (Not Found) @ http://localhost:5050/sport_files/sport_files/sport_files/sport_files/sport_files/sport_files/sport_files/sport_files/sport_files/sport_files/sport_files/sport_files/sport_files/sport_files/sport_files/sport_files/sport_files/sport_files/sport_files/sport_files/sport_files/sport_files/sport_files/sport_files/sport_files/sport_files/animate.css@3.5.1:0
[  180264ms] [ERROR] Failed to load resource: the server responded with a status of 404 (Not Found) @ http://localhost:5050/sport_files/sport_files/sport_files/sport_files/sport_files/sport_files/sport_files/sport_files/sport_files/sport_files/sport_files/sport_files/sport_files/sport_files/sport_files/sport_files/sport_files/sport_files/sport_files/sport_files/sport_files/sport_files/sport_files/sport_files/sport_files/sport_files/owl.theme.default.min.css:0
[  180273ms] [ERROR] Failed to load resource: the server responded with a status of 404 (Not Found) @ http://localhost:5050/sport_files/sport_files/sport_files/sport_files/sport_files/sport_files/sport_files/sport_files/sport_files/sport_files/sport_files/sport_files/sport_files/sport_files/sport_files/sport_files/sport_files/sport_files/sport_files/sport_files/sport_files/sport_files/sport_files/sport_files/sport_files/sport_files/owl.carousel.min.css:0
[  180329ms] [ERROR] Failed to load resource: the server responded with a status of 404 (Not Found) @ http://localhost:5050/sport_files/sport_files/sport_files/sport_files/sport_files/sport_files/sport_files/sport_files/sport_files/sport_files/sport_files/sport_files/sport_files/sport_files/sport_files/sport_files/sport_files/sport_files/sport_files/sport_files/sport_files/sport_files/sport_files/sport_files/sport_files/sport_files/control.css:0
[  180344ms] [ERROR] Failed to load resource: the server responded with a status of 404 (Not Found) @ http://localhost:5050/sport_files/sport_files/sport_files/sport_files/sport_files/sport_files/sport_files/sport_files/sport_files/sport_files/sport_files/sport_files/sport_files/sport_files/sport_files/sport_files/sport_files/sport_files/sport_files/sport_files/sport_files/sport_files/sport_files/sport_files/sport_files/sport_files/color.css:0
[  180376ms] [ERROR] Failed to load resource: the server responded with a status of 404 (Not Found) @ http://localhost:5050/sport_files/sport_files/sport_files/sport_files/sport_files/sport_files/sport_files/sport_files/sport_files/sport_files/sport_files/sport_files/sport_files/sport_files/sport_files/sport_files/sport_files/sport_files/sport_files/sport_files/sport_files/sport_files/sport_files/sport_files/sport_files/sport_files/animation.css:0
[  180377ms] [ERROR] Failed to load resource: the server responded with a status of 404 (Not Found) @ http://localhost:5050/sport_files/sport_files/sport_files/sport_files/sport_files/sport_files/sport_files/sport_files/sport_files/sport_files/sport_files/sport_files/sport_files/sport_files/sport_files/sport_files/sport_files/sport_files/sport_files/sport_files/sport_files/sport_files/sport_files/sport_files/sport_files/sport_files/style.css:0
[  180411ms] [ERROR] Failed to load resource: the server responded with a status of 404 (Not Found) @ http://localhost:5050/sport_files/sport_files/sport_files/sport_files/sport_files/sport_files/sport_files/sport_files/sport_files/sport_files/sport_files/sport_files/sport_files/sport_files/sport_files/sport_files/sport_files/sport_files/sport_files/sport_files/sport_files/sport_files/sport_files/sport_files/sport_files/sport_files/sport_files/all.css:0
[  180429ms] [ERROR] Failed to load resource: the server responded with a status of 404 (Not Found) @ http://localhost:5050/sport_files/sport_files/sport_files/sport_files/sport_files/sport_files/sport_files/sport_files/sport_files/sport_files/sport_files/sport_files/sport_files/sport_files/sport_files/sport_files/sport_files/sport_files/sport_files/sport_files/sport_files/sport_files/sport_files/sport_files/sport_files/sport_files/animation-mobile.css:0
[  180513ms] [ERROR] Failed to load resource: the server responded with a status of 404 (Not Found) @ http://localhost:5050/sport_files/sport_files/sport_files/sport_files/sport_files/sport_files/sport_files/sport_files/sport_files/sport_files/sport_files/sport_files/sport_files/sport_files/sport_files/sport_files/sport_files/sport_files/sport_files/sport_files/sport_files/sport_files/sport_files/sport_files/sport_files/sport_files/responsive.css:0
[  180527ms] [ERROR] Failed to load resource: the server responded with a status of 404 (Not Found) @ http://localhost:5050/sport_files/sport_files/sport_files/sport_files/sport_files/sport_files/sport_files/sport_files/sport_files/sport_files/sport_files/sport_files/sport_files/sport_files/sport_files/sport_files/sport_files/sport_files/sport_files/sport_files/sport_files/sport_files/sport_files/sport_files/sport_files/sport_files/main.css:0
[  180578ms] [ERROR] Failed to load resource: the server responded with a status of 404 (Not Found) @ http://localhost:5050/sport_files/sport_files/sport_files/sport_files/sport_files/sport_files/sport_files/sport_files/sport_files/sport_files/sport_files/sport_files/sport_files/sport_files/sport_files/sport_files/sport_files/sport_files/sport_files/sport_files/sport_files/sport_files/sport_files/sport_files/sport_files/sport_files/sport_files/bootstrap.min.css:0
[  180595ms] [ERROR] Failed to load resource: the server responded with a status of 404 (Not Found) @ http://localhost:5050/sport_files/sport_files/sport_files/sport_files/sport_files/sport_files/sport_files/sport_files/sport_files/sport_files/sport_files/sport_files/sport_files/sport_files/sport_files/sport_files/sport_files/sport_files/sport_files/sport_files/sport_files/sport_files/sport_files/sport_files/sport_files/sport_files/css2:0
[  180629ms] [ERROR] Failed to load resource: the server responded with a status of 404 (Not Found) @ http://localhost:5050/sport_files/sport_files/sport_files/sport_files/sport_files/sport_files/sport_files/sport_files/sport_files/sport_files/sport_files/sport_files/sport_files/sport_files/sport_files/sport_files/sport_files/sport_files/sport_files/sport_files/sport_files/sport_files/sport_files/sport_files/sport_files/sport_files/point-custom.css:0
[  180645ms] [ERROR] Failed to load resource: the server responded with a status of 404 (Not Found) @ http://localhost:5050/sport_files/sport_files/sport_files/sport_files/sport_files/sport_files/sport_files/sport_files/sport_files/sport_files/sport_files/sport_files/sport_files/sport_files/sport_files/sport_files/sport_files/sport_files/sport_files/sport_files/sport_files/sport_files/sport_files/sport_files/sport_files/sport_files/theme.css:0
[  180692ms] [ERROR] Failed to load resource: the server responded with a status of 404 (Not Found) @ http://localhost:5050/sport_files/sport_files/sport_files/sport_files/sport_files/sport_files/sport_files/sport_files/sport_files/sport_files/sport_files/sport_files/sport_files/sport_files/sport_files/sport_files/sport_files/sport_files/sport_files/sport_files/sport_files/sport_files/sport_files/sport_files/sport_files/sport_files/custom.css:0
[  180710ms] [ERROR] Failed to load resource: the server responded with a status of 404 (Not Found) @ http://localhost:5050/sport_files/sport_files/sport_files/sport_files/sport_files/sport_files/sport_files/sport_files/sport_files/sport_files/sport_files/sport_files/sport_files/sport_files/sport_files/sport_files/sport_files/sport_files/sport_files/sport_files/sport_files/sport_files/sport_files/sport_files/sport_files/sport_files/sport_files/animate.css@3.5.1:0
[  180744ms] [ERROR] Failed to load resource: the server responded with a status of 404 (Not Found) @ http://localhost:5050/sport_files/sport_files/sport_files/sport_files/sport_files/sport_files/sport_files/sport_files/sport_files/sport_files/sport_files/sport_files/sport_files/sport_files/sport_files/sport_files/sport_files/sport_files/sport_files/sport_files/sport_files/sport_files/sport_files/sport_files/sport_files/sport_files/sport_files/owl.theme.default.min.css:0
[  180759ms] [ERROR] Failed to load resource: the server responded with a status of 404 (Not Found) @ http://localhost:5050/sport_files/sport_files/sport_files/sport_files/sport_files/sport_files/sport_files/sport_files/sport_files/sport_files/sport_files/sport_files/sport_files/sport_files/sport_files/sport_files/sport_files/sport_files/sport_files/sport_files/sport_files/sport_files/sport_files/sport_files/sport_files/sport_files/sport_files/owl.carousel.min.css:0
[  180846ms] [ERROR] Failed to load resource: the server responded with a status of 404 (Not Found) @ http://localhost:5050/sport_files/sport_files/sport_files/sport_files/sport_files/sport_files/sport_files/sport_files/sport_files/sport_files/sport_files/sport_files/sport_files/sport_files/sport_files/sport_files/sport_files/sport_files/sport_files/sport_files/sport_files/sport_files/sport_files/sport_files/sport_files/sport_files/sport_files/control.css:0
[  180847ms] [ERROR] Failed to load resource: the server responded with a status of 404 (Not Found) @ http://localhost:5050/sport_files/sport_files/sport_files/sport_files/sport_files/sport_files/sport_files/sport_files/sport_files/sport_files/sport_files/sport_files/sport_files/sport_files/sport_files/sport_files/sport_files/sport_files/sport_files/sport_files/sport_files/sport_files/sport_files/sport_files/sport_files/sport_files/sport_files/style.css:0
[  180847ms] [ERROR] Failed to load resource: the server responded with a status of 404 (Not Found) @ http://localhost:5050/sport_files/sport_files/sport_files/sport_files/sport_files/sport_files/sport_files/sport_files/sport_files/sport_files/sport_files/sport_files/sport_files/sport_files/sport_files/sport_files/sport_files/sport_files/sport_files/sport_files/sport_files/sport_files/sport_files/sport_files/sport_files/sport_files/sport_files/animation.css:0
[  180911ms] [ERROR] Failed to load resource: the server responded with a status of 404 (Not Found) @ http://localhost:5050/sport_files/sport_files/sport_files/sport_files/sport_files/sport_files/sport_files/sport_files/sport_files/sport_files/sport_files/sport_files/sport_files/sport_files/sport_files/sport_files/sport_files/sport_files/sport_files/sport_files/sport_files/sport_files/sport_files/sport_files/sport_files/sport_files/sport_files/color.css:0
[  180912ms] [ERROR] Failed to load resource: the server responded with a status of 404 (Not Found) @ http://localhost:5050/sport_files/sport_files/sport_files/sport_files/sport_files/sport_files/sport_files/sport_files/sport_files/sport_files/sport_files/sport_files/sport_files/sport_files/sport_files/sport_files/sport_files/sport_files/sport_files/sport_files/sport_files/sport_files/sport_files/sport_files/sport_files/sport_files/sport_files/animation-mobile.css:0
[  180925ms] [ERROR] Failed to load resource: the server responded with a status of 404 (Not Found) @ http://localhost:5050/sport_files/sport_files/sport_files/sport_files/sport_files/sport_files/sport_files/sport_files/sport_files/sport_files/sport_files/sport_files/sport_files/sport_files/sport_files/sport_files/sport_files/sport_files/sport_files/sport_files/sport_files/sport_files/sport_files/sport_files/sport_files/sport_files/sport_files/responsive.css:0
[  180993ms] [ERROR] Failed to load resource: the server responded with a status of 404 (Not Found) @ http://localhost:5050/sport_files/sport_files/sport_files/sport_files/sport_files/sport_files/sport_files/sport_files/sport_files/sport_files/sport_files/sport_files/sport_files/sport_files/sport_files/sport_files/sport_files/sport_files/sport_files/sport_files/sport_files/sport_files/sport_files/sport_files/sport_files/sport_files/sport_files/main.css:0
[  181028ms] [ERROR] Failed to load resource: the server responded with a status of 404 (Not Found) @ http://localhost:5050/sport_files/sport_files/sport_files/sport_files/sport_files/sport_files/sport_files/sport_files/sport_files/sport_files/sport_files/sport_files/sport_files/sport_files/sport_files/sport_files/sport_files/sport_files/sport_files/sport_files/sport_files/sport_files/sport_files/sport_files/sport_files/sport_files/sport_files/css2:0
[  181029ms] [ERROR] Failed to load resource: the server responded with a status of 404 (Not Found) @ http://localhost:5050/sport_files/sport_files/sport_files/sport_files/sport_files/sport_files/sport_files/sport_files/sport_files/sport_files/sport_files/sport_files/sport_files/sport_files/sport_files/sport_files/sport_files/sport_files/sport_files/sport_files/sport_files/sport_files/sport_files/sport_files/sport_files/sport_files/sport_files/point-custom.css:0
[  181059ms] [ERROR] Failed to load resource: the server responded with a status of 404 (Not Found) @ http://localhost:5050/sport_files/sport_files/sport_files/sport_files/sport_files/sport_files/sport_files/sport_files/sport_files/sport_files/sport_files/sport_files/sport_files/sport_files/sport_files/sport_files/sport_files/sport_files/sport_files/sport_files/sport_files/sport_files/sport_files/sport_files/sport_files/sport_files/sport_files/theme.css:0
[  181077ms] [ERROR] Failed to load resource: the server responded with a status of 404 (Not Found) @ http://localhost:5050/sport_files/sport_files/sport_files/sport_files/sport_files/sport_files/sport_files/sport_files/sport_files/sport_files/sport_files/sport_files/sport_files/sport_files/sport_files/sport_files/sport_files/sport_files/sport_files/sport_files/sport_files/sport_files/sport_files/sport_files/sport_files/sport_files/sport_files/custom.css:0
[  181096ms] [ERROR] Failed to load resource: the server responded with a status of 404 (Not Found) @ http://localhost:5050/sport_files/sport_files/sport_files/sport_files/sport_files/sport_files/sport_files/sport_files/sport_files/sport_files/sport_files/sport_files/sport_files/sport_files/sport_files/sport_files/sport_files/sport_files/sport_files/sport_files/sport_files/sport_files/sport_files/sport_files/sport_files/sport_files/sport_files/sport_files/all.css:0
[  181127ms] [ERROR] Failed to load resource: the server responded with a status of 404 (Not Found) @ http://localhost:5050/sport_files/sport_files/sport_files/sport_files/sport_files/sport_files/sport_files/sport_files/sport_files/sport_files/sport_files/sport_files/sport_files/sport_files/sport_files/sport_files/sport_files/sport_files/sport_files/sport_files/sport_files/sport_files/sport_files/sport_files/sport_files/sport_files/sport_files/sport_files/bootstrap.min.css:0
[  181176ms] [ERROR] Failed to load resource: the server responded with a status of 404 (Not Found) @ http://localhost:5050/sport_files/sport_files/sport_files/sport_files/sport_files/sport_files/sport_files/sport_files/sport_files/sport_files/sport_files/sport_files/sport_files/sport_files/sport_files/sport_files/sport_files/sport_files/sport_files/sport_files/sport_files/sport_files/sport_files/sport_files/sport_files/sport_files/sport_files/sport_files/animate.css@3.5.1:0
[  181193ms] [ERROR] Failed to load resource: the server responded with a status of 404 (Not Found) @ http://localhost:5050/sport_files/sport_files/sport_files/sport_files/sport_files/sport_files/sport_files/sport_files/sport_files/sport_files/sport_files/sport_files/sport_files/sport_files/sport_files/sport_files/sport_files/sport_files/sport_files/sport_files/sport_files/sport_files/sport_files/sport_files/sport_files/sport_files/sport_files/sport_files/owl.carousel.min.css:0
[  181226ms] [ERROR] Failed to load resource: the server responded with a status of 404 (Not Found) @ http://localhost:5050/sport_files/sport_files/sport_files/sport_files/sport_files/sport_files/sport_files/sport_files/sport_files/sport_files/sport_files/sport_files/sport_files/sport_files/sport_files/sport_files/sport_files/sport_files/sport_files/sport_files/sport_files/sport_files/sport_files/sport_files/sport_files/sport_files/sport_files/sport_files/owl.theme.default.min.css:0
[  181245ms] [ERROR] Failed to load resource: the server responded with a status of 404 (Not Found) @ http://localhost:5050/sport_files/sport_files/sport_files/sport_files/sport_files/sport_files/sport_files/sport_files/sport_files/sport_files/sport_files/sport_files/sport_files/sport_files/sport_files/sport_files/sport_files/sport_files/sport_files/sport_files/sport_files/sport_files/sport_files/sport_files/sport_files/sport_files/sport_files/sport_files/control.css:0
[  181264ms] [ERROR] Failed to load resource: the server responded with a status of 404 (Not Found) @ http://localhost:5050/sport_files/sport_files/sport_files/sport_files/sport_files/sport_files/sport_files/sport_files/sport_files/sport_files/sport_files/sport_files/sport_files/sport_files/sport_files/sport_files/sport_files/sport_files/sport_files/sport_files/sport_files/sport_files/sport_files/sport_files/sport_files/sport_files/sport_files/sport_files/color.css:0
[  181276ms] [ERROR] Failed to load resource: the server responded with a status of 404 (Not Found) @ http://localhost:5050/sport_files/sport_files/sport_files/sport_files/sport_files/sport_files/sport_files/sport_files/sport_files/sport_files/sport_files/sport_files/sport_files/sport_files/sport_files/sport_files/sport_files/sport_files/sport_files/sport_files/sport_files/sport_files/sport_files/sport_files/sport_files/sport_files/sport_files/sport_files/style.css:0
[  181309ms] [ERROR] Failed to load resource: the server responded with a status of 404 (Not Found) @ http://localhost:5050/sport_files/sport_files/sport_files/sport_files/sport_files/sport_files/sport_files/sport_files/sport_files/sport_files/sport_files/sport_files/sport_files/sport_files/sport_files/sport_files/sport_files/sport_files/sport_files/sport_files/sport_files/sport_files/sport_files/sport_files/sport_files/sport_files/sport_files/sport_files/animation.css:0
[  181329ms] [ERROR] Failed to load resource: the server responded with a status of 404 (Not Found) @ http://localhost:5050/sport_files/sport_files/sport_files/sport_files/sport_files/sport_files/sport_files/sport_files/sport_files/sport_files/sport_files/sport_files/sport_files/sport_files/sport_files/sport_files/sport_files/sport_files/sport_files/sport_files/sport_files/sport_files/sport_files/sport_files/sport_files/sport_files/sport_files/sport_files/animation-mobile.css:0
[  181378ms] [ERROR] Failed to load resource: the server responded with a status of 404 (Not Found) @ http://localhost:5050/sport_files/sport_files/sport_files/sport_files/sport_files/sport_files/sport_files/sport_files/sport_files/sport_files/sport_files/sport_files/sport_files/sport_files/sport_files/sport_files/sport_files/sport_files/sport_files/sport_files/sport_files/sport_files/sport_files/sport_files/sport_files/sport_files/sport_files/sport_files/responsive.css:0
[  181398ms] [ERROR] Failed to load resource: the server responded with a status of 404 (Not Found) @ http://localhost:5050/sport_files/sport_files/sport_files/sport_files/sport_files/sport_files/sport_files/sport_files/sport_files/sport_files/sport_files/sport_files/sport_files/sport_files/sport_files/sport_files/sport_files/sport_files/sport_files/sport_files/sport_files/sport_files/sport_files/sport_files/sport_files/sport_files/sport_files/sport_files/main.css:0
[  181426ms] [ERROR] Failed to load resource: the server responded with a status of 404 (Not Found) @ http://localhost:5050/sport_files/sport_files/sport_files/sport_files/sport_files/sport_files/sport_files/sport_files/sport_files/sport_files/sport_files/sport_files/sport_files/sport_files/sport_files/sport_files/sport_files/sport_files/sport_files/sport_files/sport_files/sport_files/sport_files/sport_files/sport_files/sport_files/sport_files/sport_files/css2:0
[  181443ms] [ERROR] Failed to load resource: the server responded with a status of 404 (Not Found) @ http://localhost:5050/sport_files/sport_files/sport_files/sport_files/sport_files/sport_files/sport_files/sport_files/sport_files/sport_files/sport_files/sport_files/sport_files/sport_files/sport_files/sport_files/sport_files/sport_files/sport_files/sport_files/sport_files/sport_files/sport_files/sport_files/sport_files/sport_files/sport_files/sport_files/point-custom.css:0
[  181474ms] [ERROR] Failed to load resource: the server responded with a status of 404 (Not Found) @ http://localhost:5050/sport_files/sport_files/sport_files/sport_files/sport_files/sport_files/sport_files/sport_files/sport_files/sport_files/sport_files/sport_files/sport_files/sport_files/sport_files/sport_files/sport_files/sport_files/sport_files/sport_files/sport_files/sport_files/sport_files/sport_files/sport_files/sport_files/sport_files/sport_files/theme.css:0
[  181491ms] [ERROR] Failed to load resource: the server responded with a status of 404 (Not Found) @ http://localhost:5050/sport_files/sport_files/sport_files/sport_files/sport_files/sport_files/sport_files/sport_files/sport_files/sport_files/sport_files/sport_files/sport_files/sport_files/sport_files/sport_files/sport_files/sport_files/sport_files/sport_files/sport_files/sport_files/sport_files/sport_files/sport_files/sport_files/sport_files/sport_files/custom.css:0
[  181560ms] [ERROR] Failed to load resource: the server responded with a status of 404 (Not Found) @ http://localhost:5050/sport_files/sport_files/sport_files/sport_files/sport_files/sport_files/sport_files/sport_files/sport_files/sport_files/sport_files/sport_files/sport_files/sport_files/sport_files/sport_files/sport_files/sport_files/sport_files/sport_files/sport_files/sport_files/sport_files/sport_files/sport_files/sport_files/sport_files/sport_files/sport_files/all.css:0
[  181578ms] [ERROR] Failed to load resource: the server responded with a status of 404 (Not Found) @ http://localhost:5050/sport_files/sport_files/sport_files/sport_files/sport_files/sport_files/sport_files/sport_files/sport_files/sport_files/sport_files/sport_files/sport_files/sport_files/sport_files/sport_files/sport_files/sport_files/sport_files/sport_files/sport_files/sport_files/sport_files/sport_files/sport_files/sport_files/sport_files/sport_files/sport_files/bootstrap.min.css:0
[  181578ms] [ERROR] Failed to load resource: the server responded with a status of 404 (Not Found) @ http://localhost:5050/sport_files/sport_files/sport_files/sport_files/sport_files/sport_files/sport_files/sport_files/sport_files/sport_files/sport_files/sport_files/sport_files/sport_files/sport_files/sport_files/sport_files/sport_files/sport_files/sport_files/sport_files/sport_files/sport_files/sport_files/sport_files/sport_files/sport_files/sport_files/sport_files/animate.css@3.5.1:0
[  181593ms] [ERROR] Failed to load resource: the server responded with a status of 404 (Not Found) @ http://localhost:5050/sport_files/sport_files/sport_files/sport_files/sport_files/sport_files/sport_files/sport_files/sport_files/sport_files/sport_files/sport_files/sport_files/sport_files/sport_files/sport_files/sport_files/sport_files/sport_files/sport_files/sport_files/sport_files/sport_files/sport_files/sport_files/sport_files/sport_files/sport_files/sport_files/owl.carousel.min.css:0
[  181610ms] [ERROR] Failed to load resource: the server responded with a status of 404 (Not Found) @ http://localhost:5050/sport_files/sport_files/sport_files/sport_files/sport_files/sport_files/sport_files/sport_files/sport_files/sport_files/sport_files/sport_files/sport_files/sport_files/sport_files/sport_files/sport_files/sport_files/sport_files/sport_files/sport_files/sport_files/sport_files/sport_files/sport_files/sport_files/sport_files/sport_files/sport_files/owl.theme.default.min.css:0
[  181644ms] [ERROR] Failed to load resource: the server responded with a status of 404 (Not Found) @ http://localhost:5050/sport_files/sport_files/sport_files/sport_files/sport_files/sport_files/sport_files/sport_files/sport_files/sport_files/sport_files/sport_files/sport_files/sport_files/sport_files/sport_files/sport_files/sport_files/sport_files/sport_files/sport_files/sport_files/sport_files/sport_files/sport_files/sport_files/sport_files/sport_files/sport_files/control.css:0
[  181727ms] [ERROR] Failed to load resource: the server responded with a status of 404 (Not Found) @ http://localhost:5050/sport_files/sport_files/sport_files/sport_files/sport_files/sport_files/sport_files/sport_files/sport_files/sport_files/sport_files/sport_files/sport_files/sport_files/sport_files/sport_files/sport_files/sport_files/sport_files/sport_files/sport_files/sport_files/sport_files/sport_files/sport_files/sport_files/sport_files/sport_files/sport_files/color.css:0
[  181744ms] [ERROR] Failed to load resource: the server responded with a status of 404 (Not Found) @ http://localhost:5050/sport_files/sport_files/sport_files/sport_files/sport_files/sport_files/sport_files/sport_files/sport_files/sport_files/sport_files/sport_files/sport_files/sport_files/sport_files/sport_files/sport_files/sport_files/sport_files/sport_files/sport_files/sport_files/sport_files/sport_files/sport_files/sport_files/sport_files/sport_files/sport_files/animation.css:0
[  181744ms] [ERROR] Failed to load resource: the server responded with a status of 404 (Not Found) @ http://localhost:5050/sport_files/sport_files/sport_files/sport_files/sport_files/sport_files/sport_files/sport_files/sport_files/sport_files/sport_files/sport_files/sport_files/sport_files/sport_files/sport_files/sport_files/sport_files/sport_files/sport_files/sport_files/sport_files/sport_files/sport_files/sport_files/sport_files/sport_files/sport_files/sport_files/style.css:0
[  181791ms] [ERROR] Failed to load resource: the server responded with a status of 404 (Not Found) @ http://localhost:5050/sport_files/sport_files/sport_files/sport_files/sport_files/sport_files/sport_files/sport_files/sport_files/sport_files/sport_files/sport_files/sport_files/sport_files/sport_files/sport_files/sport_files/sport_files/sport_files/sport_files/sport_files/sport_files/sport_files/sport_files/sport_files/sport_files/sport_files/sport_files/sport_files/animation-mobile.css:0
[  181792ms] [ERROR] Failed to load resource: the server responded with a status of 404 (Not Found) @ http://localhost:5050/sport_files/sport_files/sport_files/sport_files/sport_files/sport_files/sport_files/sport_files/sport_files/sport_files/sport_files/sport_files/sport_files/sport_files/sport_files/sport_files/sport_files/sport_files/sport_files/sport_files/sport_files/sport_files/sport_files/sport_files/sport_files/sport_files/sport_files/sport_files/sport_files/responsive.css:0
[  181792ms] [ERROR] Failed to load resource: the server responded with a status of 404 (Not Found) @ http://localhost:5050/sport_files/sport_files/sport_files/sport_files/sport_files/sport_files/sport_files/sport_files/sport_files/sport_files/sport_files/sport_files/sport_files/sport_files/sport_files/sport_files/sport_files/sport_files/sport_files/sport_files/sport_files/sport_files/sport_files/sport_files/sport_files/sport_files/sport_files/sport_files/sport_files/main.css:0
[  181826ms] [ERROR] Failed to load resource: the server responded with a status of 404 (Not Found) @ http://localhost:5050/sport_files/sport_files/sport_files/sport_files/sport_files/sport_files/sport_files/sport_files/sport_files/sport_files/sport_files/sport_files/sport_files/sport_files/sport_files/sport_files/sport_files/sport_files/sport_files/sport_files/sport_files/sport_files/sport_files/sport_files/sport_files/sport_files/sport_files/sport_files/sport_files/css2:0
[  181893ms] [ERROR] Failed to load resource: the server responded with a status of 404 (Not Found) @ http://localhost:5050/sport_files/sport_files/sport_files/sport_files/sport_files/sport_files/sport_files/sport_files/sport_files/sport_files/sport_files/sport_files/sport_files/sport_files/sport_files/sport_files/sport_files/sport_files/sport_files/sport_files/sport_files/sport_files/sport_files/sport_files/sport_files/sport_files/sport_files/sport_files/sport_files/point-custom.css:0
[  181909ms] [ERROR] Failed to load resource: the server responded with a status of 404 (Not Found) @ http://localhost:5050/sport_files/sport_files/sport_files/sport_files/sport_files/sport_files/sport_files/sport_files/sport_files/sport_files/sport_files/sport_files/sport_files/sport_files/sport_files/sport_files/sport_files/sport_files/sport_files/sport_files/sport_files/sport_files/sport_files/sport_files/sport_files/sport_files/sport_files/sport_files/sport_files/theme.css:0
[  181925ms] [ERROR] Failed to load resource: the server responded with a status of 404 (Not Found) @ http://localhost:5050/sport_files/sport_files/sport_files/sport_files/sport_files/sport_files/sport_files/sport_files/sport_files/sport_files/sport_files/sport_files/sport_files/sport_files/sport_files/sport_files/sport_files/sport_files/sport_files/sport_files/sport_files/sport_files/sport_files/sport_files/sport_files/sport_files/sport_files/sport_files/sport_files/custom.css:0
[  181946ms] [ERROR] Failed to load resource: the server responded with a status of 404 (Not Found) @ http://localhost:5050/sport_files/sport_files/sport_files/sport_files/sport_files/sport_files/sport_files/sport_files/sport_files/sport_files/sport_files/sport_files/sport_files/sport_files/sport_files/sport_files/sport_files/sport_files/sport_files/sport_files/sport_files/sport_files/sport_files/sport_files/sport_files/sport_files/sport_files/sport_files/sport_files/sport_files/bootstrap.min.css:0
[  181946ms] [ERROR] Failed to load resource: the server responded with a status of 404 (Not Found) @ http://localhost:5050/sport_files/sport_files/sport_files/sport_files/sport_files/sport_files/sport_files/sport_files/sport_files/sport_files/sport_files/sport_files/sport_files/sport_files/sport_files/sport_files/sport_files/sport_files/sport_files/sport_files/sport_files/sport_files/sport_files/sport_files/sport_files/sport_files/sport_files/sport_files/sport_files/sport_files/all.css:0
[  181976ms] [ERROR] Failed to load resource: the server responded with a status of 404 (Not Found) @ http://localhost:5050/sport_files/sport_files/sport_files/sport_files/sport_files/sport_files/sport_files/sport_files/sport_files/sport_files/sport_files/sport_files/sport_files/sport_files/sport_files/sport_files/sport_files/sport_files/sport_files/sport_files/sport_files/sport_files/sport_files/sport_files/sport_files/sport_files/sport_files/sport_files/sport_files/sport_files/animate.css@3.5.1:0
[  182061ms] [ERROR] Failed to load resource: the server responded with a status of 404 (Not Found) @ http://localhost:5050/sport_files/sport_files/sport_files/sport_files/sport_files/sport_files/sport_files/sport_files/sport_files/sport_files/sport_files/sport_files/sport_files/sport_files/sport_files/sport_files/sport_files/sport_files/sport_files/sport_files/sport_files/sport_files/sport_files/sport_files/sport_files/sport_files/sport_files/sport_files/sport_files/sport_files/owl.carousel.min.css:0
[  182075ms] [ERROR] Failed to load resource: the server responded with a status of 404 (Not Found) @ http://localhost:5050/sport_files/sport_files/sport_files/sport_files/sport_files/sport_files/sport_files/sport_files/sport_files/sport_files/sport_files/sport_files/sport_files/sport_files/sport_files/sport_files/sport_files/sport_files/sport_files/sport_files/sport_files/sport_files/sport_files/sport_files/sport_files/sport_files/sport_files/sport_files/sport_files/sport_files/owl.theme.default.min.css:0
[  182092ms] [ERROR] Failed to load resource: the server responded with a status of 404 (Not Found) @ http://localhost:5050/sport_files/sport_files/sport_files/sport_files/sport_files/sport_files/sport_files/sport_files/sport_files/sport_files/sport_files/sport_files/sport_files/sport_files/sport_files/sport_files/sport_files/sport_files/sport_files/sport_files/sport_files/sport_files/sport_files/sport_files/sport_files/sport_files/sport_files/sport_files/sport_files/sport_files/control.css:0
[  182125ms] [ERROR] Failed to load resource: the server responded with a status of 404 (Not Found) @ http://localhost:5050/sport_files/sport_files/sport_files/sport_files/sport_files/sport_files/sport_files/sport_files/sport_files/sport_files/sport_files/sport_files/sport_files/sport_files/sport_files/sport_files/sport_files/sport_files/sport_files/sport_files/sport_files/sport_files/sport_files/sport_files/sport_files/sport_files/sport_files/sport_files/sport_files/sport_files/color.css:0
[  182127ms] [ERROR] Failed to load resource: the server responded with a status of 404 (Not Found) @ http://localhost:5050/sport_files/sport_files/sport_files/sport_files/sport_files/sport_files/sport_files/sport_files/sport_files/sport_files/sport_files/sport_files/sport_files/sport_files/sport_files/sport_files/sport_files/sport_files/sport_files/sport_files/sport_files/sport_files/sport_files/sport_files/sport_files/sport_files/sport_files/sport_files/sport_files/sport_files/style.css:0
[  182143ms] [ERROR] Failed to load resource: the server responded with a status of 404 (Not Found) @ http://localhost:5050/sport_files/sport_files/sport_files/sport_files/sport_files/sport_files/sport_files/sport_files/sport_files/sport_files/sport_files/sport_files/sport_files/sport_files/sport_files/sport_files/sport_files/sport_files/sport_files/sport_files/sport_files/sport_files/sport_files/sport_files/sport_files/sport_files/sport_files/sport_files/sport_files/sport_files/animation.css:0
[  182193ms] [ERROR] Failed to load resource: the server responded with a status of 404 (Not Found) @ http://localhost:5050/sport_files/sport_files/sport_files/sport_files/sport_files/sport_files/sport_files/sport_files/sport_files/sport_files/sport_files/sport_files/sport_files/sport_files/sport_files/sport_files/sport_files/sport_files/sport_files/sport_files/sport_files/sport_files/sport_files/sport_files/sport_files/sport_files/sport_files/sport_files/sport_files/sport_files/animation-mobile.css:0
[  182209ms] [ERROR] Failed to load resource: the server responded with a status of 404 (Not Found) @ http://localhost:5050/sport_files/sport_files/sport_files/sport_files/sport_files/sport_files/sport_files/sport_files/sport_files/sport_files/sport_files/sport_files/sport_files/sport_files/sport_files/sport_files/sport_files/sport_files/sport_files/sport_files/sport_files/sport_files/sport_files/sport_files/sport_files/sport_files/sport_files/sport_files/sport_files/sport_files/responsive.css:0
[  182224ms] [ERROR] Failed to load resource: the server responded with a status of 404 (Not Found) @ http://localhost:5050/sport_files/sport_files/sport_files/sport_files/sport_files/sport_files/sport_files/sport_files/sport_files/sport_files/sport_files/sport_files/sport_files/sport_files/sport_files/sport_files/sport_files/sport_files/sport_files/sport_files/sport_files/sport_files/sport_files/sport_files/sport_files/sport_files/sport_files/sport_files/sport_files/sport_files/main.css:0
[  182246ms] [ERROR] Failed to load resource: the server responded with a status of 404 (Not Found) @ http://localhost:5050/sport_files/sport_files/sport_files/sport_files/sport_files/sport_files/sport_files/sport_files/sport_files/sport_files/sport_files/sport_files/sport_files/sport_files/sport_files/sport_files/sport_files/sport_files/sport_files/sport_files/sport_files/sport_files/sport_files/sport_files/sport_files/sport_files/sport_files/sport_files/sport_files/sport_files/css2:0
[  182258ms] [ERROR] Failed to load resource: the server responded with a status of 404 (Not Found) @ http://localhost:5050/sport_files/sport_files/sport_files/sport_files/sport_files/sport_files/sport_files/sport_files/sport_files/sport_files/sport_files/sport_files/sport_files/sport_files/sport_files/sport_files/sport_files/sport_files/sport_files/sport_files/sport_files/sport_files/sport_files/sport_files/sport_files/sport_files/sport_files/sport_files/sport_files/sport_files/point-custom.css:0
[  182274ms] [ERROR] Failed to load resource: the server responded with a status of 404 (Not Found) @ http://localhost:5050/sport_files/sport_files/sport_files/sport_files/sport_files/sport_files/sport_files/sport_files/sport_files/sport_files/sport_files/sport_files/sport_files/sport_files/sport_files/sport_files/sport_files/sport_files/sport_files/sport_files/sport_files/sport_files/sport_files/sport_files/sport_files/sport_files/sport_files/sport_files/sport_files/sport_files/theme.css:0
[  182312ms] [ERROR] Failed to load resource: the server responded with a status of 404 (Not Found) @ http://localhost:5050/sport_files/sport_files/sport_files/sport_files/sport_files/sport_files/sport_files/sport_files/sport_files/sport_files/sport_files/sport_files/sport_files/sport_files/sport_files/sport_files/sport_files/sport_files/sport_files/sport_files/sport_files/sport_files/sport_files/sport_files/sport_files/sport_files/sport_files/sport_files/sport_files/sport_files/custom.css:0
[  182343ms] [ERROR] Failed to load resource: the server responded with a status of 404 (Not Found) @ http://localhost:5050/sport_files/sport_files/sport_files/sport_files/sport_files/sport_files/sport_files/sport_files/sport_files/sport_files/sport_files/sport_files/sport_files/sport_files/sport_files/sport_files/sport_files/sport_files/sport_files/sport_files/sport_files/sport_files/sport_files/sport_files/sport_files/sport_files/sport_files/sport_files/sport_files/sport_files/sport_files/all.css:0
[  182344ms] [ERROR] Failed to load resource: the server responded with a status of 404 (Not Found) @ http://localhost:5050/sport_files/sport_files/sport_files/sport_files/sport_files/sport_files/sport_files/sport_files/sport_files/sport_files/sport_files/sport_files/sport_files/sport_files/sport_files/sport_files/sport_files/sport_files/sport_files/sport_files/sport_files/sport_files/sport_files/sport_files/sport_files/sport_files/sport_files/sport_files/sport_files/sport_files/sport_files/bootstrap.min.css:0
[  182363ms] [ERROR] Failed to load resource: the server responded with a status of 404 (Not Found) @ http://localhost:5050/sport_files/sport_files/sport_files/sport_files/sport_files/sport_files/sport_files/sport_files/sport_files/sport_files/sport_files/sport_files/sport_files/sport_files/sport_files/sport_files/sport_files/sport_files/sport_files/sport_files/sport_files/sport_files/sport_files/sport_files/sport_files/sport_files/sport_files/sport_files/sport_files/sport_files/sport_files/animate.css@3.5.1:0
[  182378ms] [ERROR] Failed to load resource: the server responded with a status of 404 (Not Found) @ http://localhost:5050/sport_files/sport_files/sport_files/sport_files/sport_files/sport_files/sport_files/sport_files/sport_files/sport_files/sport_files/sport_files/sport_files/sport_files/sport_files/sport_files/sport_files/sport_files/sport_files/sport_files/sport_files/sport_files/sport_files/sport_files/sport_files/sport_files/sport_files/sport_files/sport_files/sport_files/sport_files/owl.carousel.min.css:0
[  182394ms] [ERROR] Failed to load resource: the server responded with a status of 404 (Not Found) @ http://localhost:5050/sport_files/sport_files/sport_files/sport_files/sport_files/sport_files/sport_files/sport_files/sport_files/sport_files/sport_files/sport_files/sport_files/sport_files/sport_files/sport_files/sport_files/sport_files/sport_files/sport_files/sport_files/sport_files/sport_files/sport_files/sport_files/sport_files/sport_files/sport_files/sport_files/sport_files/sport_files/owl.theme.default.min.css:0
[  182458ms] [ERROR] Failed to load resource: the server responded with a status of 404 (Not Found) @ http://localhost:5050/sport_files/sport_files/sport_files/sport_files/sport_files/sport_files/sport_files/sport_files/sport_files/sport_files/sport_files/sport_files/sport_files/sport_files/sport_files/sport_files/sport_files/sport_files/sport_files/sport_files/sport_files/sport_files/sport_files/sport_files/sport_files/sport_files/sport_files/sport_files/sport_files/sport_files/sport_files/control.css:0
[  182491ms] [ERROR] Failed to load resource: the server responded with a status of 404 (Not Found) @ http://localhost:5050/sport_files/sport_files/sport_files/sport_files/sport_files/sport_files/sport_files/sport_files/sport_files/sport_files/sport_files/sport_files/sport_files/sport_files/sport_files/sport_files/sport_files/sport_files/sport_files/sport_files/sport_files/sport_files/sport_files/sport_files/sport_files/sport_files/sport_files/sport_files/sport_files/sport_files/sport_files/color.css:0
[  182509ms] [ERROR] Failed to load resource: the server responded with a status of 404 (Not Found) @ http://localhost:5050/sport_files/sport_files/sport_files/sport_files/sport_files/sport_files/sport_files/sport_files/sport_files/sport_files/sport_files/sport_files/sport_files/sport_files/sport_files/sport_files/sport_files/sport_files/sport_files/sport_files/sport_files/sport_files/sport_files/sport_files/sport_files/sport_files/sport_files/sport_files/sport_files/sport_files/sport_files/sport_files/all.css:0
[  182509ms] [ERROR] Failed to load resource: the server responded with a status of 404 (Not Found) @ http://localhost:5050/sport_files/sport_files/sport_files/sport_files/sport_files/sport_files/sport_files/sport_files/sport_files/sport_files/sport_files/sport_files/sport_files/sport_files/sport_files/sport_files/sport_files/sport_files/sport_files/sport_files/sport_files/sport_files/sport_files/sport_files/sport_files/sport_files/sport_files/sport_files/sport_files/sport_files/sport_files/style.css:0
[  182542ms] [ERROR] Failed to load resource: the server responded with a status of 404 (Not Found) @ http://localhost:5050/sport_files/sport_files/sport_files/sport_files/sport_files/sport_files/sport_files/sport_files/sport_files/sport_files/sport_files/sport_files/sport_files/sport_files/sport_files/sport_files/sport_files/sport_files/sport_files/sport_files/sport_files/sport_files/sport_files/sport_files/sport_files/sport_files/sport_files/sport_files/sport_files/sport_files/sport_files/animation.css:0
[  182558ms] [ERROR] Failed to load resource: the server responded with a status of 404 (Not Found) @ http://localhost:5050/sport_files/sport_files/sport_files/sport_files/sport_files/sport_files/sport_files/sport_files/sport_files/sport_files/sport_files/sport_files/sport_files/sport_files/sport_files/sport_files/sport_files/sport_files/sport_files/sport_files/sport_files/sport_files/sport_files/sport_files/sport_files/sport_files/sport_files/sport_files/sport_files/sport_files/sport_files/sport_files/bootstrap.min.css:0
[  182559ms] [ERROR] Failed to load resource: the server responded with a status of 404 (Not Found) @ http://localhost:5050/sport_files/sport_files/sport_files/sport_files/sport_files/sport_files/sport_files/sport_files/sport_files/sport_files/sport_files/sport_files/sport_files/sport_files/sport_files/sport_files/sport_files/sport_files/sport_files/sport_files/sport_files/sport_files/sport_files/sport_files/sport_files/sport_files/sport_files/sport_files/sport_files/sport_files/sport_files/animation-mobile.css:0
[  182610ms] [ERROR] Failed to load resource: the server responded with a status of 404 (Not Found) @ http://localhost:5050/sport_files/sport_files/sport_files/sport_files/sport_files/sport_files/sport_files/sport_files/sport_files/sport_files/sport_files/sport_files/sport_files/sport_files/sport_files/sport_files/sport_files/sport_files/sport_files/sport_files/sport_files/sport_files/sport_files/sport_files/sport_files/sport_files/sport_files/sport_files/sport_files/sport_files/sport_files/sport_files/animate.css@3.5.1:0
[  182641ms] [ERROR] Failed to load resource: the server responded with a status of 404 (Not Found) @ http://localhost:5050/sport_files/sport_files/sport_files/sport_files/sport_files/sport_files/sport_files/sport_files/sport_files/sport_files/sport_files/sport_files/sport_files/sport_files/sport_files/sport_files/sport_files/sport_files/sport_files/sport_files/sport_files/sport_files/sport_files/sport_files/sport_files/sport_files/sport_files/sport_files/sport_files/sport_files/sport_files/responsive.css:0
[  182658ms] [ERROR] Failed to load resource: the server responded with a status of 404 (Not Found) @ http://localhost:5050/sport_files/sport_files/sport_files/sport_files/sport_files/sport_files/sport_files/sport_files/sport_files/sport_files/sport_files/sport_files/sport_files/sport_files/sport_files/sport_files/sport_files/sport_files/sport_files/sport_files/sport_files/sport_files/sport_files/sport_files/sport_files/sport_files/sport_files/sport_files/sport_files/sport_files/sport_files/sport_files/owl.carousel.min.css:0
[  182675ms] [ERROR] Failed to load resource: the server responded with a status of 404 (Not Found) @ http://localhost:5050/sport_files/sport_files/sport_files/sport_files/sport_files/sport_files/sport_files/sport_files/sport_files/sport_files/sport_files/sport_files/sport_files/sport_files/sport_files/sport_files/sport_files/sport_files/sport_files/sport_files/sport_files/sport_files/sport_files/sport_files/sport_files/sport_files/sport_files/sport_files/sport_files/sport_files/sport_files/main.css:0
[  182675ms] [ERROR] Failed to load resource: the server responded with a status of 404 (Not Found) @ http://localhost:5050/sport_files/sport_files/sport_files/sport_files/sport_files/sport_files/sport_files/sport_files/sport_files/sport_files/sport_files/sport_files/sport_files/sport_files/sport_files/sport_files/sport_files/sport_files/sport_files/sport_files/sport_files/sport_files/sport_files/sport_files/sport_files/sport_files/sport_files/sport_files/sport_files/sport_files/sport_files/css2:0
[  182692ms] [ERROR] Failed to load resource: the server responded with a status of 404 (Not Found) @ http://localhost:5050/sport_files/sport_files/sport_files/sport_files/sport_files/sport_files/sport_files/sport_files/sport_files/sport_files/sport_files/sport_files/sport_files/sport_files/sport_files/sport_files/sport_files/sport_files/sport_files/sport_files/sport_files/sport_files/sport_files/sport_files/sport_files/sport_files/sport_files/sport_files/sport_files/sport_files/sport_files/point-custom.css:0
[  182725ms] [ERROR] Failed to load resource: the server responded with a status of 404 (Not Found) @ http://localhost:5050/sport_files/sport_files/sport_files/sport_files/sport_files/sport_files/sport_files/sport_files/sport_files/sport_files/sport_files/sport_files/sport_files/sport_files/sport_files/sport_files/sport_files/sport_files/sport_files/sport_files/sport_files/sport_files/sport_files/sport_files/sport_files/sport_files/sport_files/sport_files/sport_files/sport_files/sport_files/theme.css:0
[  182781ms] [ERROR] Failed to load resource: the server responded with a status of 404 (Not Found) @ http://localhost:5050/sport_files/sport_files/sport_files/sport_files/sport_files/sport_files/sport_files/sport_files/sport_files/sport_files/sport_files/sport_files/sport_files/sport_files/sport_files/sport_files/sport_files/sport_files/sport_files/sport_files/sport_files/sport_files/sport_files/sport_files/sport_files/sport_files/sport_files/sport_files/sport_files/sport_files/sport_files/sport_files/owl.theme.default.min.css:0
[  182808ms] [ERROR] Failed to load resource: the server responded with a status of 404 (Not Found) @ http://localhost:5050/sport_files/sport_files/sport_files/sport_files/sport_files/sport_files/sport_files/sport_files/sport_files/sport_files/sport_files/sport_files/sport_files/sport_files/sport_files/sport_files/sport_files/sport_files/sport_files/sport_files/sport_files/sport_files/sport_files/sport_files/sport_files/sport_files/sport_files/sport_files/sport_files/sport_files/sport_files/sport_files/control.css:0
[  182827ms] [ERROR] Failed to load resource: the server responded with a status of 404 (Not Found) @ http://localhost:5050/sport_files/sport_files/sport_files/sport_files/sport_files/sport_files/sport_files/sport_files/sport_files/sport_files/sport_files/sport_files/sport_files/sport_files/sport_files/sport_files/sport_files/sport_files/sport_files/sport_files/sport_files/sport_files/sport_files/sport_files/sport_files/sport_files/sport_files/sport_files/sport_files/sport_files/sport_files/sport_files/style.css:0
[  182828ms] [ERROR] Failed to load resource: the server responded with a status of 404 (Not Found) @ http://localhost:5050/sport_files/sport_files/sport_files/sport_files/sport_files/sport_files/sport_files/sport_files/sport_files/sport_files/sport_files/sport_files/sport_files/sport_files/sport_files/sport_files/sport_files/sport_files/sport_files/sport_files/sport_files/sport_files/sport_files/sport_files/sport_files/sport_files/sport_files/sport_files/sport_files/sport_files/sport_files/sport_files/color.css:0
[  182878ms] [ERROR] Failed to load resource: the server responded with a status of 404 (Not Found) @ http://localhost:5050/sport_files/sport_files/sport_files/sport_files/sport_files/sport_files/sport_files/sport_files/sport_files/sport_files/sport_files/sport_files/sport_files/sport_files/sport_files/sport_files/sport_files/sport_files/sport_files/sport_files/sport_files/sport_files/sport_files/sport_files/sport_files/sport_files/sport_files/sport_files/sport_files/sport_files/sport_files/sport_files/sport_files/all.css:0
[  182910ms] [ERROR] Failed to load resource: the server responded with a status of 404 (Not Found) @ http://localhost:5050/sport_files/sport_files/sport_files/sport_files/sport_files/sport_files/sport_files/sport_files/sport_files/sport_files/sport_files/sport_files/sport_files/sport_files/sport_files/sport_files/sport_files/sport_files/sport_files/sport_files/sport_files/sport_files/sport_files/sport_files/sport_files/sport_files/sport_files/sport_files/sport_files/sport_files/sport_files/sport_files/animation.css:0
[  183069ms] [ERROR] Failed to load resource: the server responded with a status of 404 (Not Found) @ http://localhost:5050/sport_files/sport_files/sport_files/sport_files/sport_files/sport_files/sport_files/sport_files/sport_files/sport_files/sport_files/sport_files/sport_files/sport_files/sport_files/sport_files/sport_files/sport_files/sport_files/sport_files/sport_files/sport_files/sport_files/sport_files/sport_files/sport_files/sport_files/sport_files/sport_files/sport_files/sport_files/sport_files/sport_files/bootstrap.min.css:0
[  183070ms] [ERROR] Failed to load resource: the server responded with a status of 404 (Not Found) @ http://localhost:5050/sport_files/sport_files/sport_files/sport_files/sport_files/sport_files/sport_files/sport_files/sport_files/sport_files/sport_files/sport_files/sport_files/sport_files/sport_files/sport_files/sport_files/sport_files/sport_files/sport_files/sport_files/sport_files/sport_files/sport_files/sport_files/sport_files/sport_files/sport_files/sport_files/sport_files/sport_files/sport_files/responsive.css:0
[  183070ms] [ERROR] Failed to load resource: the server responded with a status of 404 (Not Found) @ http://localhost:5050/sport_files/sport_files/sport_files/sport_files/sport_files/sport_files/sport_files/sport_files/sport_files/sport_files/sport_files/sport_files/sport_files/sport_files/sport_files/sport_files/sport_files/sport_files/sport_files/sport_files/sport_files/sport_files/sport_files/sport_files/sport_files/sport_files/sport_files/sport_files/sport_files/sport_files/sport_files/sport_files/sport_files/animate.css@3.5.1:0
[  183095ms] [ERROR] Failed to load resource: the server responded with a status of 404 (Not Found) @ http://localhost:5050/sport_files/sport_files/sport_files/sport_files/sport_files/sport_files/sport_files/sport_files/sport_files/sport_files/sport_files/sport_files/sport_files/sport_files/sport_files/sport_files/sport_files/sport_files/sport_files/sport_files/sport_files/sport_files/sport_files/sport_files/sport_files/sport_files/sport_files/sport_files/sport_files/sport_files/sport_files/sport_files/animation-mobile.css:0
[  183143ms] [ERROR] Failed to load resource: the server responded with a status of 404 (Not Found) @ http://localhost:5050/sport_files/sport_files/sport_files/sport_files/sport_files/sport_files/sport_files/sport_files/sport_files/sport_files/sport_files/sport_files/sport_files/sport_files/sport_files/sport_files/sport_files/sport_files/sport_files/sport_files/sport_files/sport_files/sport_files/sport_files/sport_files/sport_files/sport_files/sport_files/sport_files/sport_files/sport_files/sport_files/sport_files/owl.carousel.min.css:0
[  183162ms] [ERROR] Failed to load resource: the server responded with a status of 404 (Not Found) @ http://localhost:5050/sport_files/sport_files/sport_files/sport_files/sport_files/sport_files/sport_files/sport_files/sport_files/sport_files/sport_files/sport_files/sport_files/sport_files/sport_files/sport_files/sport_files/sport_files/sport_files/sport_files/sport_files/sport_files/sport_files/sport_files/sport_files/sport_files/sport_files/sport_files/sport_files/sport_files/sport_files/custom.css:0
[  183243ms] [ERROR] Failed to load resource: the server responded with a status of 404 (Not Found) @ http://localhost:5050/sport_files/sport_files/sport_files/sport_files/sport_files/sport_files/sport_files/sport_files/sport_files/sport_files/sport_files/sport_files/sport_files/sport_files/sport_files/sport_files/sport_files/sport_files/sport_files/sport_files/sport_files/sport_files/sport_files/sport_files/sport_files/sport_files/sport_files/sport_files/sport_files/sport_files/sport_files/sport_files/main.css:0
[  183243ms] [ERROR] Failed to load resource: the server responded with a status of 404 (Not Found) @ http://localhost:5050/sport_files/sport_files/sport_files/sport_files/sport_files/sport_files/sport_files/sport_files/sport_files/sport_files/sport_files/sport_files/sport_files/sport_files/sport_files/sport_files/sport_files/sport_files/sport_files/sport_files/sport_files/sport_files/sport_files/sport_files/sport_files/sport_files/sport_files/sport_files/sport_files/sport_files/sport_files/sport_files/css2:0
[  183278ms] [ERROR] Failed to load resource: the server responded with a status of 404 (Not Found) @ http://localhost:5050/sport_files/sport_files/sport_files/sport_files/sport_files/sport_files/sport_files/sport_files/sport_files/sport_files/sport_files/sport_files/sport_files/sport_files/sport_files/sport_files/sport_files/sport_files/sport_files/sport_files/sport_files/sport_files/sport_files/sport_files/sport_files/sport_files/sport_files/sport_files/sport_files/sport_files/sport_files/sport_files/sport_files/owl.theme.default.min.css:0
[  183278ms] [ERROR] Failed to load resource: the server responded with a status of 404 (Not Found) @ http://localhost:5050/sport_files/sport_files/sport_files/sport_files/sport_files/sport_files/sport_files/sport_files/sport_files/sport_files/sport_files/sport_files/sport_files/sport_files/sport_files/sport_files/sport_files/sport_files/sport_files/sport_files/sport_files/sport_files/sport_files/sport_files/sport_files/sport_files/sport_files/sport_files/sport_files/sport_files/sport_files/sport_files/sport_files/control.css:0
[  183278ms] [ERROR] Failed to load resource: the server responded with a status of 404 (Not Found) @ http://localhost:5050/sport_files/sport_files/sport_files/sport_files/sport_files/sport_files/sport_files/sport_files/sport_files/sport_files/sport_files/sport_files/sport_files/sport_files/sport_files/sport_files/sport_files/sport_files/sport_files/sport_files/sport_files/sport_files/sport_files/sport_files/sport_files/sport_files/sport_files/sport_files/sport_files/sport_files/sport_files/sport_files/point-custom.css:0
[  183279ms] [ERROR] Failed to load resource: the server responded with a status of 404 (Not Found) @ http://localhost:5050/sport_files/sport_files/sport_files/sport_files/sport_files/sport_files/sport_files/sport_files/sport_files/sport_files/sport_files/sport_files/sport_files/sport_files/sport_files/sport_files/sport_files/sport_files/sport_files/sport_files/sport_files/sport_files/sport_files/sport_files/sport_files/sport_files/sport_files/sport_files/sport_files/sport_files/sport_files/sport_files/sport_files/color.css:0
[  183413ms] [ERROR] Failed to load resource: the server responded with a status of 404 (Not Found) @ http://localhost:5050/sport_files/sport_files/sport_files/sport_files/sport_files/sport_files/sport_files/sport_files/sport_files/sport_files/sport_files/sport_files/sport_files/sport_files/sport_files/sport_files/sport_files/sport_files/sport_files/sport_files/sport_files/sport_files/sport_files/sport_files/sport_files/sport_files/sport_files/sport_files/sport_files/sport_files/sport_files/sport_files/theme.css:0
[  183443ms] [ERROR] Failed to load resource: the server responded with a status of 404 (Not Found) @ http://localhost:5050/sport_files/sport_files/sport_files/sport_files/sport_files/sport_files/sport_files/sport_files/sport_files/sport_files/sport_files/sport_files/sport_files/sport_files/sport_files/sport_files/sport_files/sport_files/sport_files/sport_files/sport_files/sport_files/sport_files/sport_files/sport_files/sport_files/sport_files/sport_files/sport_files/sport_files/sport_files/sport_files/sport_files/style.css:0
[  183459ms] [ERROR] Failed to load resource: the server responded with a status of 404 (Not Found) @ http://localhost:5050/sport_files/sport_files/sport_files/sport_files/sport_files/sport_files/sport_files/sport_files/sport_files/sport_files/sport_files/sport_files/sport_files/sport_files/sport_files/sport_files/sport_files/sport_files/sport_files/sport_files/sport_files/sport_files/sport_files/sport_files/sport_files/sport_files/sport_files/sport_files/sport_files/sport_files/sport_files/sport_files/custom.css:0
[  183537ms] [ERROR] Failed to load resource: the server responded with a status of 404 (Not Found) @ http://localhost:5050/sport_files/sport_files/sport_files/sport_files/sport_files/sport_files/sport_files/sport_files/sport_files/sport_files/sport_files/sport_files/sport_files/sport_files/sport_files/sport_files/sport_files/sport_files/sport_files/sport_files/sport_files/sport_files/sport_files/sport_files/sport_files/sport_files/sport_files/sport_files/sport_files/sport_files/sport_files/sport_files/sport_files/responsive.css:0
[  183541ms] [ERROR] Failed to load resource: the server responded with a status of 404 (Not Found) @ http://localhost:5050/sport_files/sport_files/sport_files/sport_files/sport_files/sport_files/sport_files/sport_files/sport_files/sport_files/sport_files/sport_files/sport_files/sport_files/sport_files/sport_files/sport_files/sport_files/sport_files/sport_files/sport_files/sport_files/sport_files/sport_files/sport_files/sport_files/sport_files/sport_files/sport_files/sport_files/sport_files/sport_files/sport_files/animation.css:0
[  183541ms] [ERROR] Failed to load resource: the server responded with a status of 404 (Not Found) @ http://localhost:5050/sport_files/sport_files/sport_files/sport_files/sport_files/sport_files/sport_files/sport_files/sport_files/sport_files/sport_files/sport_files/sport_files/sport_files/sport_files/sport_files/sport_files/sport_files/sport_files/sport_files/sport_files/sport_files/sport_files/sport_files/sport_files/sport_files/sport_files/sport_files/sport_files/sport_files/sport_files/sport_files/sport_files/animation-mobile.css:0
[  183841ms] [ERROR] Failed to load resource: the server responded with a status of 404 (Not Found) @ http://localhost:5050/sport_files/sport_files/sport_files/sport_files/sport_files/sport_files/sport_files/sport_files/sport_files/sport_files/sport_files/sport_files/sport_files/sport_files/sport_files/sport_files/sport_files/sport_files/sport_files/sport_files/sport_files/sport_files/sport_files/sport_files/sport_files/sport_files/sport_files/sport_files/sport_files/sport_files/sport_files/sport_files/sport_files/css2:0
[  183841ms] [ERROR] Failed to load resource: the server responded with a status of 404 (Not Found) @ http://localhost:5050/sport_files/sport_files/sport_files/sport_files/sport_files/sport_files/sport_files/sport_files/sport_files/sport_files/sport_files/sport_files/sport_files/sport_files/sport_files/sport_files/sport_files/sport_files/sport_files/sport_files/sport_files/sport_files/sport_files/sport_files/sport_files/sport_files/sport_files/sport_files/sport_files/sport_files/sport_files/sport_files/sport_files/main.css:0
[  183841ms] [ERROR] Failed to load resource: the server responded with a status of 404 (Not Found) @ http://localhost:5050/sport_files/sport_files/sport_files/sport_files/sport_files/sport_files/sport_files/sport_files/sport_files/sport_files/sport_files/sport_files/sport_files/sport_files/sport_files/sport_files/sport_files/sport_files/sport_files/sport_files/sport_files/sport_files/sport_files/sport_files/sport_files/sport_files/sport_files/sport_files/sport_files/sport_files/sport_files/sport_files/sport_files/point-custom.css:0
[  183861ms] [ERROR] Failed to load resource: the server responded with a status of 404 (Not Found) @ http://localhost:5050/sport_files/sport_files/sport_files/sport_files/sport_files/sport_files/sport_files/sport_files/sport_files/sport_files/sport_files/sport_files/sport_files/sport_files/sport_files/sport_files/sport_files/sport_files/sport_files/sport_files/sport_files/sport_files/sport_files/sport_files/sport_files/sport_files/sport_files/sport_files/sport_files/sport_files/sport_files/sport_files/sport_files/theme.css:0
[  183864ms] [ERROR] Failed to load resource: the server responded with a status of 404 (Not Found) @ http://localhost:5050/sport_files/sport_files/sport_files/sport_files/sport_files/sport_files/sport_files/sport_files/sport_files/sport_files/sport_files/sport_files/sport_files/sport_files/sport_files/sport_files/sport_files/sport_files/sport_files/sport_files/sport_files/sport_files/sport_files/sport_files/sport_files/sport_files/sport_files/sport_files/sport_files/sport_files/sport_files/sport_files/sport_files/custom.css:0
[  183923ms] [ERROR] Failed to load resource: the server responded with a status of 404 (Not Found) @ http://localhost:5050/webfonts/fa-solid-900.woff2:0
[  184016ms] [ERROR] Failed to load resource: the server responded with a status of 404 (Not Found) @ http://localhost:5050/webfonts/fa-solid-900.woff:0
[  184135ms] [ERROR] Failed to load resource: the server responded with a status of 404 (Not Found) @ http://localhost:5050/webfonts/fa-solid-900.ttf:0
