[     981ms] Unexpected token '<'
[    2392ms] [ERROR] Failed to find a valid digest in the 'integrity' attribute for resource 'http://localhost:5050/sport_files/v4513226cdae34746b4dedf0b4dfa099e1781791509496' with computed SHA-512 integrity 'zkhH9vX1v8Tg33zeeyYFr6Dl38cSlc5e7Kwswyban39DCFee3uR2ik7wew5xVbNYNm1SPtYSz/nqF06XL9JuOw=='. The resource has been blocked. @ http://localhost:5050/sport:0
[    2958ms] [ERROR] Failed to find a valid digest in the 'integrity' attribute for resource 'http://localhost:5050/sport_files/sport_files/jquery-3.5.1.min.js.download' with computed SHA-256 integrity 'bmtj3rbXBaOfBR7Wi+A/2LuunM4m7qei3vYhGTncorY='. The resource has been blocked. @ http://localhost:5050/sport_files/saved_resource:0
[    2977ms] Unexpected token '<'
[    3970ms] Unexpected token '<'
[    3999ms] ReferenceError: $ is not defined
    at http://localhost:5050/sport_files/saved_resource:4187:1
[    4003ms] Unexpected token '<'
[    4011ms] Unexpected token '<'
[    4023ms] Unexpected token '<'
[    4031ms] Unexpected token '<'
[    4136ms] Unexpected token '<'
[    4153ms] Unexpected token '<'
[    4250ms] Unexpected token '<'
[    4270ms] Unexpected token '<'
[    4299ms] Unexpected token '<'
[    4317ms] Unexpected token '<'
[    4601ms] Unexpected token '<'
[    4604ms] Unexpected token '<'
[    4613ms] Unexpected token '<'
[    4635ms] [ERROR] Failed to find a valid digest in the 'integrity' attribute for resource 'http://localhost:5050/sport_files/sport_files/v4513226cdae34746b4dedf0b4dfa099e1781791509496' with computed SHA-512 integrity 'zkhH9vX1v8Tg33zeeyYFr6Dl38cSlc5e7Kwswyban39DCFee3uR2ik7wew5xVbNYNm1SPtYSz/nqF06XL9JuOw=='. The resource has been blocked. @ http://localhost:5050/sport_files/saved_resource:0
[    4645ms] Unexpected token '<'
[    6008ms] [ERROR] Failed to find a valid digest in the 'integrity' attribute for resource 'http://localhost:5050/sport_files/sport_files/sport_files/jquery-3.5.1.min.js.download' with computed SHA-256 integrity 'bmtj3rbXBaOfBR7Wi+A/2LuunM4m7qei3vYhGTncorY='. The resource has been blocked. @ http://localhost:5050/sport_files/sport_files/saved_resource:0
[    6017ms] Unexpected token '<'
[    6309ms] Unexpected token '<'
[    6309ms] ReferenceError: $ is not defined
    at http://localhost:5050/sport_files/sport_files/saved_resource:4187:1
[    6315ms] Unexpected token '<'
[    6433ms] Unexpected token '<'
[    6465ms] Unexpected token '<'
[    6495ms] Unexpected token '<'
[    6568ms] Unexpected token '<'
[    6614ms] Unexpected token '<'
[    6644ms] Unexpected token '<'
[    6699ms] Unexpected token '<'
[    6733ms] Unexpected token '<'
[    6842ms] Unexpected token '<'
[    7125ms] Unexpected token '<'
[    7130ms] Unexpected token '<'
[    7143ms] Unexpected token '<'
[    7168ms] [ERROR] Failed to find a valid digest in the 'integrity' attribute for resource 'http://localhost:5050/sport_files/sport_files/sport_files/v4513226cdae34746b4dedf0b4dfa099e1781791509496' with computed SHA-512 integrity 'zkhH9vX1v8Tg33zeeyYFr6Dl38cSlc5e7Kwswyban39DCFee3uR2ik7wew5xVbNYNm1SPtYSz/nqF06XL9JuOw=='. The resource has been blocked. @ http://localhost:5050/sport_files/sport_files/saved_resource:0
[    7175ms] Unexpected token '<'
[    8879ms] [ERROR] Failed to find a valid digest in the 'integrity' attribute for resource 'http://localhost:5050/sport_files/sport_files/sport_files/sport_files/jquery-3.5.1.min.js.download' with computed SHA-256 integrity 'bmtj3rbXBaOfBR7Wi+A/2LuunM4m7qei3vYhGTncorY='. The resource has been blocked. @ http://localhost:5050/sport_files/sport_files/sport_files/saved_resource:0
[    9147ms] Unexpected token '<'
[    9479ms] Unexpected token '<'
[    9487ms] ReferenceError: $ is not defined
    at http://localhost:5050/sport_files/sport_files/sport_files/saved_resource:4187:1
[    9797ms] Unexpected token '<'
[    9822ms] Unexpected token '<'
[    9831ms] Unexpected token '<'
[    9864ms] Unexpected token '<'
[    9885ms] Unexpected token '<'
[    9949ms] Unexpected token '<'
[   10269ms] Unexpected token '<'
[   10285ms] Unexpected token '<'
[   10437ms] Unexpected token '<'
[   10473ms] Unexpected token '<'
[   10813ms] Unexpected token '<'
[   10839ms] Unexpected token '<'
[   10846ms] Unexpected token '<'
[   10876ms] [ERROR] Failed to find a valid digest in the 'integrity' attribute for resource 'http://localhost:5050/sport_files/sport_files/sport_files/sport_files/v4513226cdae34746b4dedf0b4dfa099e1781791509496' with computed SHA-512 integrity 'zkhH9vX1v8Tg33zeeyYFr6Dl38cSlc5e7Kwswyban39DCFee3uR2ik7wew5xVbNYNm1SPtYSz/nqF06XL9JuOw=='. The resource has been blocked. @ http://localhost:5050/sport_files/sport_files/sport_files/saved_resource:0
[   10882ms] Unexpected token '<'
[   12568ms] [ERROR] Failed to find a valid digest in the 'integrity' attribute for resource 'http://localhost:5050/sport_files/sport_files/sport_files/sport_files/sport_files/jquery-3.5.1.min.js.download' with computed SHA-256 integrity 'bmtj3rbXBaOfBR7Wi+A/2LuunM4m7qei3vYhGTncorY='. The resource has been blocked. @ http://localhost:5050/sport_files/sport_files/sport_files/sport_files/saved_resource:0
[   12596ms] Unexpected token '<'
[   13027ms] Unexpected token '<'
[   13045ms] ReferenceError: $ is not defined
    at http://localhost:5050/sport_files/sport_files/sport_files/sport_files/saved_resource:4187:1
[   13101ms] Unexpected token '<'
[   13117ms] Unexpected token '<'
[   13123ms] Unexpected token '<'
[   13149ms] Unexpected token '<'
[   13271ms] Unexpected token '<'
[   13479ms] Unexpected token '<'
[   13532ms] Unexpected token '<'
[   13551ms] Unexpected token '<'
[   13632ms] Unexpected token '<'
[   13647ms] Unexpected token '<'
[   13983ms] Unexpected token '<'
[   13988ms] Unexpected token '<'
[   13997ms] Unexpected token '<'
[   14028ms] [ERROR] Failed to find a valid digest in the 'integrity' attribute for resource 'http://localhost:5050/sport_files/sport_files/sport_files/sport_files/sport_files/v4513226cdae34746b4dedf0b4dfa099e1781791509496' with computed SHA-512 integrity 'zkhH9vX1v8Tg33zeeyYFr6Dl38cSlc5e7Kwswyban39DCFee3uR2ik7wew5xVbNYNm1SPtYSz/nqF06XL9JuOw=='. The resource has been blocked. @ http://localhost:5050/sport_files/sport_files/sport_files/sport_files/saved_resource:0
[   14038ms] Unexpected token '<'
[   15406ms] [ERROR] Failed to find a valid digest in the 'integrity' attribute for resource 'http://localhost:5050/sport_files/sport_files/sport_files/sport_files/sport_files/sport_files/jquery-3.5.1.min.js.download' with computed SHA-256 integrity 'bmtj3rbXBaOfBR7Wi+A/2LuunM4m7qei3vYhGTncorY='. The resource has been blocked. @ http://localhost:5050/sport_files/sport_files/sport_files/sport_files/sport_files/saved_resource:0
[   15450ms] Unexpected token '<'
[   16169ms] Unexpected token '<'
[   16202ms] ReferenceError: $ is not defined
    at http://localhost:5050/sport_files/sport_files/sport_files/sport_files/sport_files/saved_resource:4187:1
[   16202ms] Unexpected token '<'
[   16214ms] Unexpected token '<'
[   16252ms] Unexpected token '<'
[   16383ms] Unexpected token '<'
[   16415ms] Unexpected token '<'
[   16572ms] Unexpected token '<'
[   16669ms] Unexpected token '<'
[   16905ms] Unexpected token '<'
[   16919ms] Unexpected token '<'
[   16949ms] Unexpected token '<'
[   17258ms] Unexpected token '<'
[   17301ms] Unexpected token '<'
[   17315ms] Unexpected token '<'
[   17353ms] [ERROR] Failed to find a valid digest in the 'integrity' attribute for resource 'http://localhost:5050/sport_files/sport_files/sport_files/sport_files/sport_files/sport_files/v4513226cdae34746b4dedf0b4dfa099e1781791509496' with computed SHA-512 integrity 'zkhH9vX1v8Tg33zeeyYFr6Dl38cSlc5e7Kwswyban39DCFee3uR2ik7wew5xVbNYNm1SPtYSz/nqF06XL9JuOw=='. The resource has been blocked. @ http://localhost:5050/sport_files/sport_files/sport_files/sport_files/sport_files/saved_resource:0
[   17363ms] Unexpected token '<'
[   18797ms] [ERROR] Failed to find a valid digest in the 'integrity' attribute for resource 'http://localhost:5050/sport_files/sport_files/sport_files/sport_files/sport_files/sport_files/sport_files/jquery-3.5.1.min.js.download' with computed SHA-256 integrity 'bmtj3rbXBaOfBR7Wi+A/2LuunM4m7qei3vYhGTncorY='. The resource has been blocked. @ http://localhost:5050/sport_files/sport_files/sport_files/sport_files/sport_files/sport_files/saved_resource:0
[   18830ms] Unexpected token '<'
[   19694ms] Unexpected token '<'
[   19695ms] ReferenceError: $ is not defined
    at http://localhost:5050/sport_files/sport_files/sport_files/sport_files/sport_files/sport_files/saved_resource:4187:1
[   19715ms] Unexpected token '<'
[   19720ms] Unexpected token '<'
[   19739ms] Unexpected token '<'
[   19746ms] Unexpected token '<'
[   19765ms] Unexpected token '<'
[   19928ms] Unexpected token '<'
[   20028ms] Unexpected token '<'
[   20033ms] Unexpected token '<'
[   20143ms] Unexpected token '<'
[   20166ms] Unexpected token '<'
[   20466ms] Unexpected token '<'
[   20470ms] Unexpected token '<'
[   20510ms] Unexpected token '<'
[   20567ms] [ERROR] Failed to find a valid digest in the 'integrity' attribute for resource 'http://localhost:5050/sport_files/sport_files/sport_files/sport_files/sport_files/sport_files/sport_files/v4513226cdae34746b4dedf0b4dfa099e1781791509496' with computed SHA-512 integrity 'zkhH9vX1v8Tg33zeeyYFr6Dl38cSlc5e7Kwswyban39DCFee3uR2ik7wew5xVbNYNm1SPtYSz/nqF06XL9JuOw=='. The resource has been blocked. @ http://localhost:5050/sport_files/sport_files/sport_files/sport_files/sport_files/sport_files/saved_resource:0
[   20584ms] Unexpected token '<'
[   22357ms] [ERROR] Failed to find a valid digest in the 'integrity' attribute for resource 'http://localhost:5050/sport_files/sport_files/sport_files/sport_files/sport_files/sport_files/sport_files/sport_files/jquery-3.5.1.min.js.download' with computed SHA-256 integrity 'bmtj3rbXBaOfBR7Wi+A/2LuunM4m7qei3vYhGTncorY='. The resource has been blocked. @ http://localhost:5050/sport_files/sport_files/sport_files/sport_files/sport_files/sport_files/sport_files/saved_resource:0
[   22447ms] Unexpected token '<'
[   22735ms] Unexpected token '<'
[   22784ms] ReferenceError: $ is not defined
    at http://localhost:5050/sport_files/sport_files/sport_files/sport_files/sport_files/sport_files/sport_files/saved_resource:4187:1
[   22958ms] Unexpected token '<'
[   22978ms] Unexpected token '<'
[   23051ms] Unexpected token '<'
[   23097ms] Unexpected token '<'
[   23165ms] Unexpected token '<'
[   23193ms] Unexpected token '<'
[   23296ms] Unexpected token '<'
[   23556ms] Unexpected token '<'
[   23598ms] Unexpected token '<'
[   23617ms] Unexpected token '<'
[   23945ms] Unexpected token '<'
[   23954ms] Unexpected token '<'
[   23985ms] Unexpected token '<'
[   24016ms] [ERROR] Failed to find a valid digest in the 'integrity' attribute for resource 'http://localhost:5050/sport_files/sport_files/sport_files/sport_files/sport_files/sport_files/sport_files/sport_files/v4513226cdae34746b4dedf0b4dfa099e1781791509496' with computed SHA-512 integrity 'zkhH9vX1v8Tg33zeeyYFr6Dl38cSlc5e7Kwswyban39DCFee3uR2ik7wew5xVbNYNm1SPtYSz/nqF06XL9JuOw=='. The resource has been blocked. @ http://localhost:5050/sport_files/sport_files/sport_files/sport_files/sport_files/sport_files/sport_files/saved_resource:0
[   24022ms] Unexpected token '<'
[   25302ms] [ERROR] Failed to find a valid digest in the 'integrity' attribute for resource 'http://localhost:5050/sport_files/sport_files/sport_files/sport_files/sport_files/sport_files/sport_files/sport_files/sport_files/jquery-3.5.1.min.js.download' with computed SHA-256 integrity 'bmtj3rbXBaOfBR7Wi+A/2LuunM4m7qei3vYhGTncorY='. The resource has been blocked. @ http://localhost:5050/sport_files/sport_files/sport_files/sport_files/sport_files/sport_files/sport_files/sport_files/saved_resource:0
[   25333ms] Unexpected token '<'
[   25856ms] Unexpected token '<'
[   25876ms] ReferenceError: $ is not defined
    at http://localhost:5050/sport_files/sport_files/sport_files/sport_files/sport_files/sport_files/sport_files/sport_files/saved_resource:4187:1
[   25884ms] Unexpected token '<'
[   25902ms] Unexpected token '<'
[   25922ms] Unexpected token '<'
[   25942ms] Unexpected token '<'
[   26051ms] Unexpected token '<'
[   26129ms] Unexpected token '<'
[   26232ms] Unexpected token '<'
[   26378ms] Unexpected token '<'
[   26400ms] Unexpected token '<'
[   26454ms] Unexpected token '<'
[   26773ms] Unexpected token '<'
[   26778ms] Unexpected token '<'
[   26796ms] Unexpected token '<'
[   26823ms] [ERROR] Failed to find a valid digest in the 'integrity' attribute for resource 'http://localhost:5050/sport_files/sport_files/sport_files/sport_files/sport_files/sport_files/sport_files/sport_files/sport_files/v4513226cdae34746b4dedf0b4dfa099e1781791509496' with computed SHA-512 integrity 'zkhH9vX1v8Tg33zeeyYFr6Dl38cSlc5e7Kwswyban39DCFee3uR2ik7wew5xVbNYNm1SPtYSz/nqF06XL9JuOw=='. The resource has been blocked. @ http://localhost:5050/sport_files/sport_files/sport_files/sport_files/sport_files/sport_files/sport_files/sport_files/saved_resource:0
[   26829ms] Unexpected token '<'
[   27413ms] [ERROR] Failed to find a valid digest in the 'integrity' attribute for resource 'http://localhost:5050/sport_files/sport_files/sport_files/sport_files/sport_files/sport_files/sport_files/sport_files/sport_files/sport_files/jquery-3.5.1.min.js.download' with computed SHA-256 integrity 'bmtj3rbXBaOfBR7Wi+A/2LuunM4m7qei3vYhGTncorY='. The resource has been blocked. @ http://localhost:5050/sport_files/sport_files/sport_files/sport_files/sport_files/sport_files/sport_files/sport_files/sport_files/saved_resource:0
[   28144ms] Unexpected token '<'
[   28518ms] Unexpected token '<'
[   28548ms] ReferenceError: $ is not defined
    at http://localhost:5050/sport_files/sport_files/sport_files/sport_files/sport_files/sport_files/sport_files/sport_files/sport_files/saved_resource:4187:1
[   28750ms] Unexpected token '<'
[   28769ms] Unexpected token '<'
[   28787ms] Unexpected token '<'
[   28801ms] Unexpected token '<'
[   29003ms] Unexpected token '<'
[   29017ms] Unexpected token '<'
[   29034ms] Unexpected token '<'
[   29042ms] Unexpected token '<'
[   29081ms] Unexpected token '<'
[   29127ms] Unexpected token '<'
[   29432ms] Unexpected token '<'
[   29436ms] Unexpected token '<'
[   29487ms] Unexpected token '<'
[   29561ms] [ERROR] Failed to find a valid digest in the 'integrity' attribute for resource 'http://localhost:5050/sport_files/sport_files/sport_files/sport_files/sport_files/sport_files/sport_files/sport_files/sport_files/sport_files/v4513226cdae34746b4dedf0b4dfa099e1781791509496' with computed SHA-512 integrity 'zkhH9vX1v8Tg33zeeyYFr6Dl38cSlc5e7Kwswyban39DCFee3uR2ik7wew5xVbNYNm1SPtYSz/nqF06XL9JuOw=='. The resource has been blocked. @ http://localhost:5050/sport_files/sport_files/sport_files/sport_files/sport_files/sport_files/sport_files/sport_files/sport_files/saved_resource:0
[   29567ms] Unexpected token '<'
[   30700ms] [ERROR] Failed to find a valid digest in the 'integrity' attribute for resource 'http://localhost:5050/sport_files/sport_files/sport_files/sport_files/sport_files/sport_files/sport_files/sport_files/sport_files/sport_files/sport_files/jquery-3.5.1.min.js.download' with computed SHA-256 integrity 'bmtj3rbXBaOfBR7Wi+A/2LuunM4m7qei3vYhGTncorY='. The resource has been blocked. @ http://localhost:5050/sport_files/sport_files/sport_files/sport_files/sport_files/sport_files/sport_files/sport_files/sport_files/sport_files/saved_resource:0
[   30721ms] Unexpected token '<'
[   31162ms] Unexpected token '<'
[   31171ms] ReferenceError: $ is not defined
    at http://localhost:5050/sport_files/sport_files/sport_files/sport_files/sport_files/sport_files/sport_files/sport_files/sport_files/sport_files/saved_resource:4187:1
[   31200ms] Unexpected token '<'
[   31205ms] Unexpected token '<'
[   31211ms] Unexpected token '<'
[   31233ms] Unexpected token '<'
[   31432ms] Unexpected token '<'
[   31550ms] Unexpected token '<'
[   31585ms] Unexpected token '<'
[   31696ms] Unexpected token '<'
[   31769ms] Unexpected token '<'
[   31834ms] Unexpected token '<'
[   32149ms] Unexpected token '<'
[   32154ms] Unexpected token '<'
[   32170ms] Unexpected token '<'
[   32180ms] [ERROR] Failed to find a valid digest in the 'integrity' attribute for resource 'http://localhost:5050/sport_files/sport_files/sport_files/sport_files/sport_files/sport_files/sport_files/sport_files/sport_files/sport_files/sport_files/v4513226cdae34746b4dedf0b4dfa099e1781791509496' with computed SHA-512 integrity 'zkhH9vX1v8Tg33zeeyYFr6Dl38cSlc5e7Kwswyban39DCFee3uR2ik7wew5xVbNYNm1SPtYSz/nqF06XL9JuOw=='. The resource has been blocked. @ http://localhost:5050/sport_files/sport_files/sport_files/sport_files/sport_files/sport_files/sport_files/sport_files/sport_files/sport_files/saved_resource:0
[   32186ms] Unexpected token '<'
[   33401ms] [ERROR] Failed to find a valid digest in the 'integrity' attribute for resource 'http://localhost:5050/sport_files/sport_files/sport_files/sport_files/sport_files/sport_files/sport_files/sport_files/sport_files/sport_files/sport_files/sport_files/jquery-3.5.1.min.js.download' with computed SHA-256 integrity 'bmtj3rbXBaOfBR7Wi+A/2LuunM4m7qei3vYhGTncorY='. The resource has been blocked. @ http://localhost:5050/sport_files/sport_files/sport_files/sport_files/sport_files/sport_files/sport_files/sport_files/sport_files/sport_files/sport_files/saved_resource:0
[   33535ms] Unexpected token '<'
[   33949ms] Unexpected token '<'
[   33962ms] ReferenceError: $ is not defined
    at http://localhost:5050/sport_files/sport_files/sport_files/sport_files/sport_files/sport_files/sport_files/sport_files/sport_files/sport_files/sport_files/saved_resource:4187:1
[   33967ms] Unexpected token '<'
[   33973ms] Unexpected token '<'
[   33989ms] Unexpected token '<'
[   33994ms] Unexpected token '<'
[   34187ms] Unexpected token '<'
[   34238ms] Unexpected token '<'
[   34254ms] Unexpected token '<'
[   34261ms] Unexpected token '<'
[   34350ms] Unexpected token '<'
[   34369ms] Unexpected token '<'
[   34787ms] Unexpected token '<'
[   34795ms] Unexpected token '<'
[   34815ms] Unexpected token '<'
[   34848ms] [ERROR] Failed to find a valid digest in the 'integrity' attribute for resource 'http://localhost:5050/sport_files/sport_files/sport_files/sport_files/sport_files/sport_files/sport_files/sport_files/sport_files/sport_files/sport_files/sport_files/v4513226cdae34746b4dedf0b4dfa099e1781791509496' with computed SHA-512 integrity 'zkhH9vX1v8Tg33zeeyYFr6Dl38cSlc5e7Kwswyban39DCFee3uR2ik7wew5xVbNYNm1SPtYSz/nqF06XL9JuOw=='. The resource has been blocked. @ http://localhost:5050/sport_files/sport_files/sport_files/sport_files/sport_files/sport_files/sport_files/sport_files/sport_files/sport_files/sport_files/saved_resource:0
[   34855ms] Unexpected token '<'
[   36305ms] [ERROR] Failed to find a valid digest in the 'integrity' attribute for resource 'http://localhost:5050/sport_files/sport_files/sport_files/sport_files/sport_files/sport_files/sport_files/sport_files/sport_files/sport_files/sport_files/sport_files/sport_files/jquery-3.5.1.min.js.download' with computed SHA-256 integrity 'bmtj3rbXBaOfBR7Wi+A/2LuunM4m7qei3vYhGTncorY='. The resource has been blocked. @ http://localhost:5050/sport_files/sport_files/sport_files/sport_files/sport_files/sport_files/sport_files/sport_files/sport_files/sport_files/sport_files/sport_files/saved_resource:0
[   36343ms] Unexpected token '<'
[   36788ms] Unexpected token '<'
[   36816ms] ReferenceError: $ is not defined
    at http://localhost:5050/sport_files/sport_files/sport_files/sport_files/sport_files/sport_files/sport_files/sport_files/sport_files/sport_files/sport_files/sport_files/saved_resource:4187:1
[   36821ms] Unexpected token '<'
[   36839ms] Unexpected token '<'
[   36860ms] Unexpected token '<'
[   36879ms] Unexpected token '<'
[   36927ms] Unexpected token '<'
[   37016ms] Unexpected token '<'
[   37055ms] Unexpected token '<'
[   37104ms] Unexpected token '<'
[   37125ms] Unexpected token '<'
[   37158ms] Unexpected token '<'
[   37563ms] Unexpected token '<'
[   37569ms] Unexpected token '<'
[   37656ms] Unexpected token '<'
[   37665ms] [ERROR] Failed to find a valid digest in the 'integrity' attribute for resource 'http://localhost:5050/sport_files/sport_files/sport_files/sport_files/sport_files/sport_files/sport_files/sport_files/sport_files/sport_files/sport_files/sport_files/sport_files/v4513226cdae34746b4dedf0b4dfa099e1781791509496' with computed SHA-512 integrity 'zkhH9vX1v8Tg33zeeyYFr6Dl38cSlc5e7Kwswyban39DCFee3uR2ik7wew5xVbNYNm1SPtYSz/nqF06XL9JuOw=='. The resource has been blocked. @ http://localhost:5050/sport_files/sport_files/sport_files/sport_files/sport_files/sport_files/sport_files/sport_files/sport_files/sport_files/sport_files/sport_files/saved_resource:0
[   37707ms] Unexpected token '<'
[   38870ms] [ERROR] Failed to find a valid digest in the 'integrity' attribute for resource 'http://localhost:5050/sport_files/sport_files/sport_files/sport_files/sport_files/sport_files/sport_files/sport_files/sport_files/sport_files/sport_files/sport_files/sport_files/sport_files/jquery-3.5.1.min.js.download' with computed SHA-256 integrity 'bmtj3rbXBaOfBR7Wi+A/2LuunM4m7qei3vYhGTncorY='. The resource has been blocked. @ http://localhost:5050/sport_files/sport_files/sport_files/sport_files/sport_files/sport_files/sport_files/sport_files/sport_files/sport_files/sport_files/sport_files/sport_files/saved_resource:0
[   39069ms] Unexpected token '<'
[   39472ms] Unexpected token '<'
[   39495ms] ReferenceError: $ is not defined
    at http://localhost:5050/sport_files/sport_files/sport_files/sport_files/sport_files/sport_files/sport_files/sport_files/sport_files/sport_files/sport_files/sport_files/sport_files/saved_resource:4187:1
[   39504ms] Unexpected token '<'
[   39534ms] Unexpected token '<'
[   39534ms] Unexpected token '<'
[   39584ms] Unexpected token '<'
[   39788ms] Unexpected token '<'
[   39812ms] Unexpected token '<'
[   39832ms] Unexpected token '<'
[   39843ms] Unexpected token '<'
[   39887ms] Unexpected token '<'
[   39937ms] Unexpected token '<'
[   40248ms] Unexpected token '<'
[   40248ms] Unexpected token '<'
[   40298ms] Unexpected token '<'
[   40316ms] [ERROR] Failed to find a valid digest in the 'integrity' attribute for resource 'http://localhost:5050/sport_files/sport_files/sport_files/sport_files/sport_files/sport_files/sport_files/sport_files/sport_files/sport_files/sport_files/sport_files/sport_files/sport_files/v4513226cdae34746b4dedf0b4dfa099e1781791509496' with computed SHA-512 integrity 'zkhH9vX1v8Tg33zeeyYFr6Dl38cSlc5e7Kwswyban39DCFee3uR2ik7wew5xVbNYNm1SPtYSz/nqF06XL9JuOw=='. The resource has been blocked. @ http://localhost:5050/sport_files/sport_files/sport_files/sport_files/sport_files/sport_files/sport_files/sport_files/sport_files/sport_files/sport_files/sport_files/sport_files/saved_resource:0
[   40326ms] Unexpected token '<'
[   41855ms] [ERROR] Failed to find a valid digest in the 'integrity' attribute for resource 'http://localhost:5050/sport_files/sport_files/sport_files/sport_files/sport_files/sport_files/sport_files/sport_files/sport_files/sport_files/sport_files/sport_files/sport_files/sport_files/sport_files/jquery-3.5.1.min.js.download' with computed SHA-256 integrity 'bmtj3rbXBaOfBR7Wi+A/2LuunM4m7qei3vYhGTncorY='. The resource has been blocked. @ http://localhost:5050/sport_files/sport_files/sport_files/sport_files/sport_files/sport_files/sport_files/sport_files/sport_files/sport_files/sport_files/sport_files/sport_files/sport_files/saved_resource:0
[   41904ms] Unexpected token '<'
[   42264ms] Unexpected token '<'
[   42279ms] ReferenceError: $ is not defined
    at http://localhost:5050/sport_files/sport_files/sport_files/sport_files/sport_files/sport_files/sport_files/sport_files/sport_files/sport_files/sport_files/sport_files/sport_files/sport_files/saved_resource:4187:1
[   42402ms] Unexpected token '<'
[   42439ms] Unexpected token '<'
[   42470ms] Unexpected token '<'
[   42550ms] Unexpected token '<'
[   42566ms] Unexpected token '<'
[   42632ms] Unexpected token '<'
[   42733ms] Unexpected token '<'
[   42866ms] Unexpected token '<'
[   42956ms] Unexpected token '<'
[   43003ms] Unexpected token '<'
[   43402ms] Unexpected token '<'
[   43410ms] Unexpected token '<'
[   43433ms] Unexpected token '<'
[   43467ms] [ERROR] Failed to find a valid digest in the 'integrity' attribute for resource 'http://localhost:5050/sport_files/sport_files/sport_files/sport_files/sport_files/sport_files/sport_files/sport_files/sport_files/sport_files/sport_files/sport_files/sport_files/sport_files/sport_files/v4513226cdae34746b4dedf0b4dfa099e1781791509496' with computed SHA-512 integrity 'zkhH9vX1v8Tg33zeeyYFr6Dl38cSlc5e7Kwswyban39DCFee3uR2ik7wew5xVbNYNm1SPtYSz/nqF06XL9JuOw=='. The resource has been blocked. @ http://localhost:5050/sport_files/sport_files/sport_files/sport_files/sport_files/sport_files/sport_files/sport_files/sport_files/sport_files/sport_files/sport_files/sport_files/sport_files/saved_resource:0
[   43482ms] Unexpected token '<'
[   44553ms] [ERROR] Failed to find a valid digest in the 'integrity' attribute for resource 'http://localhost:5050/sport_files/sport_files/sport_files/sport_files/sport_files/sport_files/sport_files/sport_files/sport_files/sport_files/sport_files/sport_files/sport_files/sport_files/sport_files/sport_files/jquery-3.5.1.min.js.download' with computed SHA-256 integrity 'bmtj3rbXBaOfBR7Wi+A/2LuunM4m7qei3vYhGTncorY='. The resource has been blocked. @ http://localhost:5050/sport_files/sport_files/sport_files/sport_files/sport_files/sport_files/sport_files/sport_files/sport_files/sport_files/sport_files/sport_files/sport_files/sport_files/sport_files/saved_resource:0
[   44752ms] Unexpected token '<'
[   45077ms] Unexpected token '<'
[   45101ms] ReferenceError: $ is not defined
    at http://localhost:5050/sport_files/sport_files/sport_files/sport_files/sport_files/sport_files/sport_files/sport_files/sport_files/sport_files/sport_files/sport_files/sport_files/sport_files/sport_files/saved_resource:4187:1
[   45110ms] Unexpected token '<'
[   45261ms] Unexpected token '<'
[   45280ms] Unexpected token '<'
[   45286ms] Unexpected token '<'
[   45303ms] Unexpected token '<'
[   45503ms] Unexpected token '<'
[   45528ms] Unexpected token '<'
[   45536ms] Unexpected token '<'
[   45560ms] Unexpected token '<'
[   45581ms] Unexpected token '<'
[   45858ms] Unexpected token '<'
[   45863ms] Unexpected token '<'
[   45876ms] Unexpected token '<'
[   45906ms] [ERROR] Failed to find a valid digest in the 'integrity' attribute for resource 'http://localhost:5050/sport_files/sport_files/sport_files/sport_files/sport_files/sport_files/sport_files/sport_files/sport_files/sport_files/sport_files/sport_files/sport_files/sport_files/sport_files/sport_files/v4513226cdae34746b4dedf0b4dfa099e1781791509496' with computed SHA-512 integrity 'zkhH9vX1v8Tg33zeeyYFr6Dl38cSlc5e7Kwswyban39DCFee3uR2ik7wew5xVbNYNm1SPtYSz/nqF06XL9JuOw=='. The resource has been blocked. @ http://localhost:5050/sport_files/sport_files/sport_files/sport_files/sport_files/sport_files/sport_files/sport_files/sport_files/sport_files/sport_files/sport_files/sport_files/sport_files/sport_files/saved_resource:0
[   45912ms] Unexpected token '<'
[   47406ms] [ERROR] Failed to find a valid digest in the 'integrity' attribute for resource 'http://localhost:5050/sport_files/sport_files/sport_files/sport_files/sport_files/sport_files/sport_files/sport_files/sport_files/sport_files/sport_files/sport_files/sport_files/sport_files/sport_files/sport_files/sport_files/jquery-3.5.1.min.js.download' with computed SHA-256 integrity 'bmtj3rbXBaOfBR7Wi+A/2LuunM4m7qei3vYhGTncorY='. The resource has been blocked. @ http://localhost:5050/sport_files/sport_files/sport_files/sport_files/sport_files/sport_files/sport_files/sport_files/sport_files/sport_files/sport_files/sport_files/sport_files/sport_files/sport_files/sport_files/saved_resource:0
[   47436ms] Unexpected token '<'
[   48072ms] Unexpected token '<'
[   48093ms] ReferenceError: $ is not defined
    at http://localhost:5050/sport_files/sport_files/sport_files/sport_files/sport_files/sport_files/sport_files/sport_files/sport_files/sport_files/sport_files/sport_files/sport_files/sport_files/sport_files/sport_files/saved_resource:4187:1
[   48103ms] Unexpected token '<'
[   48124ms] Unexpected token '<'
[   48132ms] Unexpected token '<'
[   48152ms] Unexpected token '<'
[   48273ms] Unexpected token '<'
[   48399ms] Unexpected token '<'
[   48507ms] Unexpected token '<'
[   48571ms] Unexpected token '<'
[   48672ms] Unexpected token '<'
[   48715ms] Unexpected token '<'
[   49128ms] Unexpected token '<'
[   49141ms] Unexpected token '<'
[   49177ms] Unexpected token '<'
[   49273ms] [ERROR] Failed to find a valid digest in the 'integrity' attribute for resource 'http://localhost:5050/sport_files/sport_files/sport_files/sport_files/sport_files/sport_files/sport_files/sport_files/sport_files/sport_files/sport_files/sport_files/sport_files/sport_files/sport_files/sport_files/sport_files/v4513226cdae34746b4dedf0b4dfa099e1781791509496' with computed SHA-512 integrity 'zkhH9vX1v8Tg33zeeyYFr6Dl38cSlc5e7Kwswyban39DCFee3uR2ik7wew5xVbNYNm1SPtYSz/nqF06XL9JuOw=='. The resource has been blocked. @ http://localhost:5050/sport_files/sport_files/sport_files/sport_files/sport_files/sport_files/sport_files/sport_files/sport_files/sport_files/sport_files/sport_files/sport_files/sport_files/sport_files/sport_files/saved_resource:0
[   49282ms] Unexpected token '<'
[   50857ms] [ERROR] Failed to find a valid digest in the 'integrity' attribute for resource 'http://localhost:5050/sport_files/sport_files/sport_files/sport_files/sport_files/sport_files/sport_files/sport_files/sport_files/sport_files/sport_files/sport_files/sport_files/sport_files/sport_files/sport_files/sport_files/sport_files/jquery-3.5.1.min.js.download' with computed SHA-256 integrity 'bmtj3rbXBaOfBR7Wi+A/2LuunM4m7qei3vYhGTncorY='. The resource has been blocked. @ http://localhost:5050/sport_files/sport_files/sport_files/sport_files/sport_files/sport_files/sport_files/sport_files/sport_files/sport_files/sport_files/sport_files/sport_files/sport_files/sport_files/sport_files/sport_files/saved_resource:0
[   50881ms] Unexpected token '<'
[   51042ms] Unexpected token '<'
[   51094ms] ReferenceError: $ is not defined
    at http://localhost:5050/sport_files/sport_files/sport_files/sport_files/sport_files/sport_files/sport_files/sport_files/sport_files/sport_files/sport_files/sport_files/sport_files/sport_files/sport_files/sport_files/sport_files/saved_resource:4187:1
[   51168ms] Unexpected token '<'
[   51332ms] Unexpected token '<'
[   51351ms] Unexpected token '<'
[   51361ms] Unexpected token '<'
[   51369ms] Unexpected token '<'
[   51377ms] Unexpected token '<'
[   51502ms] Unexpected token '<'
[   51553ms] Unexpected token '<'
[   51572ms] Unexpected token '<'
[   51606ms] Unexpected token '<'
[   51988ms] Unexpected token '<'
[   52000ms] Unexpected token '<'
[   52022ms] Unexpected token '<'
[   52064ms] [ERROR] Failed to find a valid digest in the 'integrity' attribute for resource 'http://localhost:5050/sport_files/sport_files/sport_files/sport_files/sport_files/sport_files/sport_files/sport_files/sport_files/sport_files/sport_files/sport_files/sport_files/sport_files/sport_files/sport_files/sport_files/sport_files/v4513226cdae34746b4dedf0b4dfa099e1781791509496' with computed SHA-512 integrity 'zkhH9vX1v8Tg33zeeyYFr6Dl38cSlc5e7Kwswyban39DCFee3uR2ik7wew5xVbNYNm1SPtYSz/nqF06XL9JuOw=='. The resource has been blocked. @ http://localhost:5050/sport_files/sport_files/sport_files/sport_files/sport_files/sport_files/sport_files/sport_files/sport_files/sport_files/sport_files/sport_files/sport_files/sport_files/sport_files/sport_files/sport_files/saved_resource:0
[   52071ms] Unexpected token '<'
[   52128ms] [ERROR] Failed to load resource: net::ERR_CONNECTION_RESET @ http://localhost:5050/sport_files/sport_files/sport_files/sport_files/sport_files/sport_files/sport_files/sport_files/sport_files/sport_files/sport_files/sport_files/sport_files/sport_files/18plus.png:0
[   52128ms] [ERROR] Failed to load resource: net::ERR_CONNECTION_RESET @ http://localhost:5050/sport_files/sport_files/sport_files/sport_files/sport_files/sport_files/sport_files/sport_files/sidebanners/1785664485511.webp:0
[   52128ms] [ERROR] Failed to load resource: net::ERR_CONNECTION_RESET @ http://localhost:5050/sport_files/sport_files/sport_files/sport_files/sport_files/sport_files/sport_files/sport_files/sport_files/1778281410174.jpg:0
[   52129ms] [ERROR] Failed to load resource: net::ERR_CONNECTION_RESET @ http://localhost:5050/sport_files/sport_files/sport_files/sport_files/sport_files/sport_files/sport_files/sport_files/sidebanners/1786955062370.png:0
[   52129ms] [ERROR] Failed to load resource: net::ERR_CONNECTION_RESET @ http://localhost:5050/sport_files/sport_files/sport_files/sport_files/sport_files/sport_files/sport_files/sport_files/sport_files/1786268932607.png:0
[   52129ms] [ERROR] Failed to load resource: net::ERR_CONNECTION_RESET @ http://localhost:5050/sport_files/sport_files/sport_files/sport_files/sport_files/sport_files/sport_files/sport_files/logo.png:0
[   54467ms] [ERROR] Failed to load resource: net::ERR_CONNECTION_REFUSED @ http://localhost:5050/sport_files/sport_files/sport_files/sport_files/sport_files/sport_files/sport_files/sport_files/sport_files/1786895079723.png:0
[   56818ms] [ERROR] Failed to load resource: net::ERR_CONNECTION_REFUSED @ http://localhost:5050/sport_files/sport_files/sport_files/sport_files/sport_files/sport_files/sport_files/sport_files/sport_files/1786956861063.png:0
[   56818ms] [ERROR] Failed to load resource: net::ERR_CONNECTION_REFUSED @ http://localhost:5050/sport_files/sport_files/sport_files/sport_files/sport_files/sport_files/sport_files/sport_files/sport_files/1786895164801.png:0
[   56819ms] [ERROR] Failed to load resource: net::ERR_CONNECTION_REFUSED @ http://localhost:5050/sport_files/sport_files/sport_files/sport_files/sport_files/sport_files/sport_files/sport_files/sport_files/1786955165631.png:0
[   56819ms] [ERROR] Failed to load resource: net::ERR_CONNECTION_REFUSED @ http://localhost:5050/sport_files/sport_files/sport_files/sport_files/sport_files/sport_files/sport_files/sport_files/sport_files/1784278232340.png:0
[   56819ms] [ERROR] Failed to load resource: net::ERR_CONNECTION_REFUSED @ http://localhost:5050/sport_files/sport_files/sport_files/sport_files/sport_files/sport_files/sport_files/sport_files/sport_files/1786955295865.png:0
[   56820ms] [ERROR] Failed to load resource: net::ERR_CONNECTION_REFUSED @ http://localhost:5050/sport_files/sport_files/sport_files/sport_files/sport_files/sport_files/sport_files/sport_files/sport_files/1778281651447.jpg:0
[   59170ms] [ERROR] Failed to load resource: net::ERR_CONNECTION_REFUSED @ http://localhost:5050/sport_files/sport_files/sport_files/sport_files/sport_files/sport_files/sport_files/sport_files/sport_files/sport_files/sport_files/gamecare.png:0
[   59171ms] [ERROR] Failed to load resource: net::ERR_CONNECTION_REFUSED @ http://localhost:5050/sport_files/sport_files/sport_files/sport_files/sport_files/sport_files/sport_files/sport_files/sport_files/sport_files/sport_files/gt.png:0
[   59171ms] [ERROR] Failed to load resource: net::ERR_CONNECTION_REFUSED @ http://localhost:5050/sport_files/sport_files/sport_files/sport_files/sport_files/sport_files/sport_files/sport_files/sport_files/1778281818727.jpg:0
[   59171ms] [ERROR] Failed to load resource: net::ERR_CONNECTION_REFUSED @ http://localhost:5050/sport_files/sport_files/sport_files/sport_files/sport_files/sport_files/sport_files/sport_files/sport_files/1786954620167.png:0
[   59171ms] [ERROR] Failed to load resource: net::ERR_CONNECTION_REFUSED @ http://localhost:5050/sport_files/sport_files/sport_files/sport_files/sport_files/sport_files/sport_files/sport_files/sport_files/sport_files/sport_files/gamble-aware.svg:0
[   59171ms] [ERROR] Failed to load resource: net::ERR_CONNECTION_REFUSED @ http://localhost:5050/sport_files/sport_files/sport_files/sport_files/sport_files/sport_files/sport_files/sport_files/sport_files/sport_files/sport_files/game-stop.png:0
[   61519ms] [ERROR] Failed to load resource: net::ERR_CONNECTION_REFUSED @ http://localhost:5050/sport_files/sport_files/sport_files/sport_files/sport_files/sport_files/sport_files/sport_files/sport_files/1785664485511.webp:0
[   61519ms] [ERROR] Failed to load resource: net::ERR_CONNECTION_REFUSED @ http://localhost:5050/sport_files/sport_files/sport_files/sport_files/sport_files/sport_files/sport_files/sport_files/sport_files/1786954661225.png:0
[   61519ms] [ERROR] Failed to load resource: net::ERR_CONNECTION_REFUSED @ http://localhost:5050/sport_files/sport_files/sport_files/sport_files/sport_files/sport_files/sport_files/sport_files/sport_files/1786954681257.png:0
[   61519ms] [ERROR] Failed to load resource: net::ERR_CONNECTION_REFUSED @ http://localhost:5050/sport_files/sport_files/sport_files/sport_files/sport_files/sport_files/sport_files/sport_files/sport_files/1786955062370.png:0
[   61534ms] [ERROR] Failed to load resource: net::ERR_CONNECTION_REFUSED @ http://localhost:5050/sport_files/sport_files/sport_files/sport_files/sport_files/sport_files/sport_files/sport_files/sport_files/1786956817268.png:0
[   61534ms] [ERROR] Failed to load resource: net::ERR_CONNECTION_REFUSED @ http://localhost:5050/sport_files/sport_files/sport_files/sport_files/sport_files/sport_files/sport_files/sport_files/sport_files/1786956834836.png:0
[   63884ms] [ERROR] Failed to load resource: net::ERR_CONNECTION_REFUSED @ http://localhost:5050/sport_files/sport_files/sport_files/sport_files/sport_files/sport_files/sport_files/sport_files/sport_files/1786956880596.png:0
[   63884ms] [ERROR] Failed to load resource: net::ERR_CONNECTION_REFUSED @ http://localhost:5050/sport_files/sport_files/sport_files/sport_files/sport_files/sport_files/sport_files/sport_files/sport_files/sport_files/sport_files/1786268892004.png:0
[   63884ms] [ERROR] Failed to load resource: net::ERR_CONNECTION_REFUSED @ http://localhost:5050/sport_files/sport_files/sport_files/sport_files/sport_files/sport_files/sport_files/sport_files/sport_files/sport_files/sport_files/1786956798302.png:0
[   63886ms] [ERROR] Failed to load resource: net::ERR_CONNECTION_REFUSED @ http://localhost:5050/sport_files/sport_files/sport_files/sport_files/sport_files/sport_files/sport_files/sport_files/sport_files/banners/1787598384490.webp:0
[   63905ms] [ERROR] Failed to load resource: net::ERR_CONNECTION_REFUSED @ http://localhost:5050/sport_files/sport_files/sport_files/sport_files/sport_files/sport_files/sport_files/sport_files/sport_files/banners/1787628463829.webp:0
[   63906ms] [ERROR] Failed to load resource: net::ERR_CONNECTION_REFUSED @ http://localhost:5050/sport_files/sport_files/sport_files/sport_files/sport_files/sport_files/sport_files/sport_files/sport_files/banners/1787598250897.webp:0
[   66232ms] [ERROR] Failed to load resource: net::ERR_CONNECTION_REFUSED @ http://localhost:5050/sport_files/sport_files/sport_files/sport_files/sport_files/sport_files/sport_files/sport_files/sport_files/banners/1787428510867.webp:0
[   66248ms] [ERROR] Failed to load resource: net::ERR_CONNECTION_REFUSED @ http://localhost:5050/sport_files/sport_files/sport_files/sport_files/sport_files/sport_files/sport_files/sport_files/sport_files/banners/1787513921448.webp:0
[   66248ms] [ERROR] Failed to load resource: net::ERR_CONNECTION_REFUSED @ http://localhost:5050/sport_files/sport_files/sport_files/sport_files/sport_files/sport_files/sport_files/sport_files/sport_files/banners/1787553144555.webp:0
[   66248ms] [ERROR] Failed to load resource: net::ERR_CONNECTION_REFUSED @ http://localhost:5050/sport_files/sport_files/sport_files/sport_files/sport_files/sport_files/sport_files/sport_files/sport_files/banners/1787599619974.webp:0
[   66248ms] [ERROR] Failed to load resource: net::ERR_CONNECTION_REFUSED @ http://localhost:5050/sport_files/sport_files/sport_files/sport_files/sport_files/sport_files/sport_files/sport_files/sport_files/banners/1787599192985.webp:0
[   66264ms] [ERROR] Failed to load resource: net::ERR_CONNECTION_REFUSED @ http://localhost:5050/sport_files/sport_files/sport_files/sport_files/sport_files/sport_files/sport_files/sport_files/sport_files/banners/1787635044676.webp:0
[   68583ms] [ERROR] Failed to load resource: net::ERR_CONNECTION_REFUSED @ http://localhost:5050/sport_files/sport_files/sport_files/sport_files/sport_files/sport_files/sport_files/sport_files/sport_files/sidebanners/1786268892004.png:0
[   68583ms] [ERROR] Failed to load resource: net::ERR_CONNECTION_REFUSED @ http://localhost:5050/sport_files/sport_files/sport_files/sport_files/sport_files/sport_files/sport_files/sport_files/sport_files/sidebanners/1786956798302.png:0
[   68583ms] [ERROR] Failed to load resource: net::ERR_CONNECTION_REFUSED @ http://localhost:5050/sport_files/sport_files/sport_files/sport_files/sport_files/sport_files/sport_files/sport_files/sport_files/sidebanners/1786268932607.png:0
[   68583ms] [ERROR] Failed to load resource: net::ERR_CONNECTION_REFUSED @ http://localhost:5050/sport_files/sport_files/sport_files/sport_files/sport_files/sport_files/sport_files/sport_files/sport_files/sidebanners/1778281410174.jpg:0
[   68613ms] [ERROR] Failed to load resource: net::ERR_CONNECTION_REFUSED @ http://localhost:5050/sport_files/sport_files/sport_files/sport_files/sport_files/sport_files/sport_files/sport_files/sport_files/sidebanners/1786895079723.png:0
[   68613ms] [ERROR] Failed to load resource: net::ERR_CONNECTION_REFUSED @ http://localhost:5050/sport_files/sport_files/sport_files/sport_files/sport_files/sport_files/sport_files/sport_files/sport_files/sidebanners/1786956861063.png:0
[   70946ms] [ERROR] Failed to load resource: net::ERR_CONNECTION_REFUSED @ http://localhost:5050/sport_files/sport_files/sport_files/sport_files/sport_files/sport_files/sport_files/sport_files/sport_files/sidebanners/1786895164801.png:0
[   70946ms] [ERROR] Failed to load resource: net::ERR_CONNECTION_REFUSED @ http://localhost:5050/sport_files/sport_files/sport_files/sport_files/sport_files/sport_files/sport_files/sport_files/sport_files/sidebanners/1786955165631.png:0
[   70946ms] [ERROR] Failed to load resource: net::ERR_CONNECTION_REFUSED @ http://localhost:5050/sport_files/sport_files/sport_files/sport_files/sport_files/sport_files/sport_files/sport_files/sport_files/sidebanners/1784278232340.png:0
[   70946ms] [ERROR] Failed to load resource: net::ERR_CONNECTION_REFUSED @ http://localhost:5050/sport_files/sport_files/sport_files/sport_files/sport_files/sport_files/sport_files/sport_files/sport_files/sidebanners/1786955295865.png:0
[   70972ms] [ERROR] Failed to load resource: net::ERR_CONNECTION_REFUSED @ http://localhost:5050/sport_files/sport_files/sport_files/sport_files/sport_files/sport_files/sport_files/sport_files/sport_files/sidebanners/1778281651447.jpg:0
[   70972ms] [ERROR] Failed to load resource: net::ERR_CONNECTION_REFUSED @ http://localhost:5050/sport_files/sport_files/sport_files/sport_files/sport_files/sport_files/sport_files/sport_files/sport_files/sidebanners/1778281818727.jpg:0
[   73303ms] [ERROR] Failed to load resource: net::ERR_CONNECTION_REFUSED @ http://localhost:5050/sport_files/sport_files/sport_files/sport_files/sport_files/sport_files/sport_files/sport_files/sport_files/sidebanners/1786954620167.png:0
[   73303ms] [ERROR] Failed to load resource: net::ERR_CONNECTION_REFUSED @ http://localhost:5050/sport_files/sport_files/sport_files/sport_files/sport_files/sport_files/sport_files/sport_files/sport_files/sidebanners/1786954661225.png:0
[   73303ms] [ERROR] Failed to load resource: net::ERR_CONNECTION_REFUSED @ http://localhost:5050/sport_files/sport_files/sport_files/sport_files/sport_files/sport_files/sport_files/sport_files/sport_files/sidebanners/1786954681257.png:0
[   73303ms] [ERROR] Failed to load resource: net::ERR_CONNECTION_REFUSED @ http://localhost:5050/sport_files/sport_files/sport_files/sport_files/sport_files/sport_files/sport_files/sport_files/sport_files/sidebanners/1786956817268.png:0
[   73335ms] [ERROR] Failed to load resource: net::ERR_CONNECTION_REFUSED @ http://localhost:5050/sport_files/sport_files/sport_files/sport_files/sport_files/sport_files/sport_files/sport_files/sport_files/sidebanners/1786956834836.png:0
[   73335ms] [ERROR] Failed to load resource: net::ERR_CONNECTION_REFUSED @ http://localhost:5050/sport_files/sport_files/sport_files/sport_files/sport_files/sport_files/sport_files/sport_files/sport_files/sidebanners/1786956880596.png:0
[   75662ms] [ERROR] Failed to load resource: net::ERR_CONNECTION_REFUSED @ http://localhost:5050/sport_files/sport_files/sport_files/sport_files/sport_files/sport_files/sport_files/sport_files/sport_files/sidebanners/1785664485511.webp:0
[   75679ms] [ERROR] Failed to load resource: net::ERR_CONNECTION_REFUSED @ http://localhost:5050/sport_files/sport_files/sport_files/sport_files/sport_files/sport_files/sport_files/sport_files/sport_files/sidebanners/1786955062370.png:0
[   75679ms] [ERROR] Failed to load resource: net::ERR_CONNECTION_REFUSED @ http://localhost:5050/sport_files/sport_files/sport_files/sport_files/sport_files/sport_files/sport_files/sport_files/sport_files/logo.png:0
[   75679ms] [ERROR] Failed to load resource: net::ERR_CONNECTION_REFUSED @ http://localhost:5050/sport_files/sport_files/sport_files/sport_files/sport_files/sport_files/sport_files/sport_files/sport_files/sport_files/sport_files/sport_files/gamecare.png:0
[   75679ms] [ERROR] Failed to load resource: net::ERR_CONNECTION_REFUSED @ http://localhost:5050/cdn-cgi/challenge-platform/scripts/jsd/main.js:0
[   75689ms] [ERROR] Failed to load resource: net::ERR_CONNECTION_REFUSED @ http://localhost:5050/sport_files/sport_files/sport_files/sport_files/sport_files/sport_files/sport_files/sport_files/sport_files/sport_files/sport_files/sport_files/gt.png:0
[   78001ms] [ERROR] Failed to load resource: net::ERR_CONNECTION_REFUSED @ http://localhost:5050/sport_files/sport_files/sport_files/sport_files/sport_files/sport_files/sport_files/sport_files/sport_files/sport_files/sport_files/sport_files/gamble-aware.svg:0
[   78017ms] [ERROR] Failed to load resource: net::ERR_CONNECTION_REFUSED @ http://localhost:5050/sport_files/sport_files/sport_files/sport_files/sport_files/sport_files/sport_files/sport_files/sport_files/sport_files/sport_files/sport_files/game-stop.png:0
[   78018ms] [ERROR] Failed to load resource: net::ERR_CONNECTION_REFUSED @ http://localhost:5050/sport_files/sport_files/sport_files/sport_files/sport_files/sport_files/sport_files/sport_files/sport_files/sport_files/sport_files/sport_files/sport_files/sport_files/sport_files/speaker.svg:0
[   78018ms] [ERROR] Failed to load resource: net::ERR_CONNECTION_REFUSED @ http://localhost:5050/sport_files/sport_files/sport_files/sport_files/sport_files/sport_files/sport_files/sport_files/sport_files/sport_files/sport_files/sport_files/sport_files/sport_files/sport_files/arrow-down.svg:0
[   78036ms] [ERROR] Failed to load resource: net::ERR_CONNECTION_REFUSED @ http://localhost:5050/sport_files/sport_files/sport_files/sport_files/sport_files/sport_files/sport_files/sport_files/sport_files/sport_files/sport_files/sport_files/1786268892004.png:0
[   78048ms] [ERROR] Failed to load resource: net::ERR_CONNECTION_REFUSED @ http://localhost:5050/sport_files/sport_files/sport_files/sport_files/sport_files/sport_files/sport_files/sport_files/sport_files/sport_files/sport_files/sport_files/sport_files/sport_files/sport_files/telegram.png:0
[   80361ms] [ERROR] Failed to load resource: net::ERR_CONNECTION_REFUSED @ http://localhost:5050/sport_files/sport_files/sport_files/sport_files/sport_files/sport_files/sport_files/sport_files/sport_files/sport_files/sport_files/sport_files/sport_files/sport_files/sport_files/twitter.png:0
[   80373ms] [ERROR] Failed to load resource: net::ERR_CONNECTION_REFUSED @ http://localhost:5050/sport_files/sport_files/sport_files/sport_files/sport_files/sport_files/sport_files/sport_files/sport_files/sport_files/sport_files/sport_files/sport_files/sport_files/sport_files/ssl.png:0
[   80374ms] [ERROR] Failed to load resource: net::ERR_CONNECTION_REFUSED @ http://localhost:5050/sport_files/sport_files/sport_files/sport_files/sport_files/sport_files/sport_files/sport_files/sport_files/sport_files/sport_files/sport_files/sport_files/sport_files/sport_files/18plus.png:0
[   80374ms] [ERROR] Failed to load resource: net::ERR_CONNECTION_REFUSED @ http://localhost:5050/sport_files/sport_files/sport_files/sport_files/sport_files/sport_files/sport_files/sport_files/sport_files/sport_files/1786268932607.png:0
[   80374ms] [ERROR] Failed to load resource: net::ERR_CONNECTION_REFUSED @ http://localhost:5050/sport_files/sport_files/sport_files/sport_files/sport_files/sport_files/sport_files/sport_files/sport_files/sport_files/sport_files/sport_files/1786956798302.png:0
[   80419ms] [ERROR] Failed to load resource: net::ERR_CONNECTION_REFUSED @ http://localhost:5050/sport_files/sport_files/sport_files/sport_files/sport_files/sport_files/sport_files/sport_files/sport_files/sport_files/1778281410174.jpg:0
[   82712ms] [ERROR] Failed to load resource: net::ERR_CONNECTION_REFUSED @ http://localhost:5050/sport_files/sport_files/sport_files/sport_files/sport_files/sport_files/sport_files/sport_files/sport_files/sport_files/1786895079723.png:0
[   82731ms] [ERROR] Failed to load resource: net::ERR_CONNECTION_REFUSED @ http://localhost:5050/sport_files/sport_files/sport_files/sport_files/sport_files/sport_files/sport_files/sport_files/sport_files/sport_files/1786956861063.png:0
[   82731ms] [ERROR] Failed to load resource: net::ERR_CONNECTION_REFUSED @ http://localhost:5050/sport_files/sport_files/sport_files/sport_files/sport_files/sport_files/sport_files/sport_files/sport_files/sport_files/1786895164801.png:0
[   82731ms] [ERROR] Failed to load resource: net::ERR_CONNECTION_REFUSED @ http://localhost:5050/sport_files/sport_files/sport_files/sport_files/sport_files/sport_files/sport_files/sport_files/sport_files/sport_files/1786955165631.png:0
[   82732ms] [ERROR] Failed to load resource: net::ERR_CONNECTION_REFUSED @ http://localhost:5050/sport_files/sport_files/sport_files/sport_files/sport_files/sport_files/sport_files/sport_files/sport_files/sport_files/1784278232340.png:0
[   82773ms] [ERROR] Failed to load resource: net::ERR_CONNECTION_REFUSED @ http://localhost:5050/sport_files/sport_files/sport_files/sport_files/sport_files/sport_files/sport_files/sport_files/sport_files/sport_files/1786955295865.png:0
[   85068ms] [ERROR] Failed to load resource: net::ERR_CONNECTION_REFUSED @ http://localhost:5050/sport_files/sport_files/sport_files/sport_files/sport_files/sport_files/sport_files/sport_files/sport_files/sport_files/1778281651447.jpg:0
[   85069ms] [ERROR] Failed to load resource: net::ERR_CONNECTION_REFUSED @ http://localhost:5050/sport_files/sport_files/sport_files/sport_files/sport_files/sport_files/sport_files/sport_files/sport_files/sport_files/1778281818727.jpg:0
[   85084ms] [ERROR] Failed to load resource: net::ERR_CONNECTION_REFUSED @ http://localhost:5050/sport_files/sport_files/sport_files/sport_files/sport_files/sport_files/sport_files/sport_files/sport_files/sport_files/1786954620167.png:0
[   85084ms] [ERROR] Failed to load resource: net::ERR_CONNECTION_REFUSED @ http://localhost:5050/sport_files/sport_files/sport_files/sport_files/sport_files/sport_files/sport_files/sport_files/sport_files/sport_files/1785664485511.webp:0
[   85084ms] [ERROR] Failed to load resource: net::ERR_CONNECTION_REFUSED @ http://localhost:5050/sport_files/sport_files/sport_files/sport_files/sport_files/sport_files/sport_files/sport_files/sport_files/sport_files/1786954661225.png:0
[   85145ms] [ERROR] Failed to load resource: net::ERR_CONNECTION_REFUSED @ http://localhost:5050/sport_files/sport_files/sport_files/sport_files/sport_files/sport_files/sport_files/sport_files/sport_files/sport_files/1786954681257.png:0
[   87417ms] [ERROR] Failed to load resource: net::ERR_CONNECTION_REFUSED @ http://localhost:5050/sport_files/sport_files/sport_files/sport_files/sport_files/sport_files/sport_files/sport_files/sport_files/sport_files/1786955062370.png:0
[   87432ms] [ERROR] Failed to load resource: net::ERR_CONNECTION_REFUSED @ http://localhost:5050/sport_files/sport_files/sport_files/sport_files/sport_files/sport_files/sport_files/sport_files/sport_files/sport_files/1786956817268.png:0
[   87433ms] [ERROR] Failed to load resource: net::ERR_CONNECTION_REFUSED @ http://localhost:5050/sport_files/sport_files/sport_files/sport_files/sport_files/sport_files/sport_files/sport_files/sport_files/sport_files/1786956834836.png:0
[   87448ms] [ERROR] Failed to load resource: net::ERR_CONNECTION_REFUSED @ http://localhost:5050/sport_files/sport_files/sport_files/sport_files/sport_files/sport_files/sport_files/sport_files/sport_files/sport_files/1786956880596.png:0
[   87464ms] [ERROR] Failed to load resource: net::ERR_CONNECTION_REFUSED @ http://localhost:5050/sport_files/sport_files/sport_files/sport_files/sport_files/sport_files/sport_files/sport_files/sport_files/sport_files/logo.png:0
[   87513ms] [ERROR] Failed to load resource: net::ERR_CONNECTION_REFUSED @ http://localhost:5050/sport_files/sport_files/sport_files/sport_files/sport_files/sport_files/sport_files/sport_files/sport_files/sport_files/banners/1787598384490.webp:0
[   89768ms] [ERROR] Failed to load resource: net::ERR_CONNECTION_REFUSED @ http://localhost:5050/sport_files/sport_files/sport_files/sport_files/sport_files/sport_files/sport_files/sport_files/sport_files/sport_files/banners/1787628463829.webp:0
[   89783ms] [ERROR] Failed to load resource: net::ERR_CONNECTION_REFUSED @ http://localhost:5050/sport_files/sport_files/sport_files/sport_files/sport_files/sport_files/sport_files/sport_files/sport_files/sport_files/banners/1787598250897.webp:0
[   89783ms] [ERROR] Failed to load resource: net::ERR_CONNECTION_REFUSED @ http://localhost:5050/sport_files/sport_files/sport_files/sport_files/sport_files/sport_files/sport_files/sport_files/sport_files/sport_files/banners/1787428510867.webp:0
[   89799ms] [ERROR] Failed to load resource: net::ERR_CONNECTION_REFUSED @ http://localhost:5050/sport_files/sport_files/sport_files/sport_files/sport_files/sport_files/sport_files/sport_files/sport_files/sport_files/banners/1787513921448.webp:0
[   89799ms] [ERROR] Failed to load resource: net::ERR_CONNECTION_REFUSED @ http://localhost:5050/sport_files/sport_files/sport_files/sport_files/sport_files/sport_files/sport_files/sport_files/sport_files/sport_files/banners/1787553144555.webp:0
[   89863ms] [ERROR] Failed to load resource: net::ERR_CONNECTION_REFUSED @ http://localhost:5050/sport_files/sport_files/sport_files/sport_files/sport_files/sport_files/sport_files/sport_files/sport_files/sport_files/banners/1787599619974.webp:0
[   92135ms] [ERROR] Failed to load resource: net::ERR_CONNECTION_REFUSED @ http://localhost:5050/sport_files/sport_files/sport_files/sport_files/sport_files/sport_files/sport_files/sport_files/sport_files/sport_files/banners/1787599192985.webp:0
[   92150ms] [ERROR] Failed to load resource: net::ERR_CONNECTION_REFUSED @ http://localhost:5050/sport_files/sport_files/sport_files/sport_files/sport_files/sport_files/sport_files/sport_files/sport_files/sport_files/banners/1787635044676.webp:0
[   92151ms] [ERROR] Failed to load resource: net::ERR_CONNECTION_REFUSED @ http://localhost:5050/sport_files/sport_files/sport_files/sport_files/sport_files/sport_files/sport_files/sport_files/sport_files/sport_files/sidebanners/1786268892004.png:0
[   92166ms] [ERROR] Failed to load resource: net::ERR_CONNECTION_REFUSED @ http://localhost:5050/sport_files/sport_files/sport_files/sport_files/sport_files/sport_files/sport_files/sport_files/sport_files/sport_files/sidebanners/1786956798302.png:0
[   92166ms] [ERROR] Failed to load resource: net::ERR_CONNECTION_REFUSED @ http://localhost:5050/sport_files/sport_files/sport_files/sport_files/sport_files/sport_files/sport_files/sport_files/sport_files/sport_files/sidebanners/1786268932607.png:0
[   92229ms] [ERROR] Failed to load resource: net::ERR_CONNECTION_REFUSED @ http://localhost:5050/sport_files/sport_files/sport_files/sport_files/sport_files/sport_files/sport_files/sport_files/sport_files/sport_files/sidebanners/1778281410174.jpg:0
[   94490ms] [ERROR] Failed to load resource: net::ERR_CONNECTION_REFUSED @ http://localhost:5050/sport_files/sport_files/sport_files/sport_files/sport_files/sport_files/sport_files/sport_files/sport_files/sport_files/sidebanners/1786895079723.png:0
[   94505ms] [ERROR] Failed to load resource: net::ERR_CONNECTION_REFUSED @ http://localhost:5050/sport_files/sport_files/sport_files/sport_files/sport_files/sport_files/sport_files/sport_files/sport_files/sport_files/sidebanners/1786956861063.png:0
[   94506ms] [ERROR] Failed to load resource: net::ERR_CONNECTION_REFUSED @ http://localhost:5050/sport_files/sport_files/sport_files/sport_files/sport_files/sport_files/sport_files/sport_files/sport_files/sport_files/sidebanners/1786895164801.png:0
[   94520ms] [ERROR] Failed to load resource: net::ERR_CONNECTION_REFUSED @ http://localhost:5050/sport_files/sport_files/sport_files/sport_files/sport_files/sport_files/sport_files/sport_files/sport_files/sport_files/sidebanners/1786955165631.png:0
[   94520ms] [ERROR] Failed to load resource: net::ERR_CONNECTION_REFUSED @ http://localhost:5050/sport_files/sport_files/sport_files/sport_files/sport_files/sport_files/sport_files/sport_files/sport_files/sport_files/sidebanners/1784278232340.png:0
[   94581ms] [ERROR] Failed to load resource: net::ERR_CONNECTION_REFUSED @ http://localhost:5050/sport_files/sport_files/sport_files/sport_files/sport_files/sport_files/sport_files/sport_files/sport_files/sport_files/sidebanners/1786955295865.png:0
[   96847ms] [ERROR] Failed to load resource: net::ERR_CONNECTION_REFUSED @ http://localhost:5050/sport_files/sport_files/sport_files/sport_files/sport_files/sport_files/sport_files/sport_files/sport_files/sport_files/sidebanners/1778281651447.jpg:0
[   96858ms] [ERROR] Failed to load resource: net::ERR_CONNECTION_REFUSED @ http://localhost:5050/sport_files/sport_files/sport_files/sport_files/sport_files/sport_files/sport_files/sport_files/sport_files/sport_files/sidebanners/1778281818727.jpg:0
[   96866ms] [ERROR] Failed to load resource: net::ERR_CONNECTION_REFUSED @ http://localhost:5050/sport_files/sport_files/sport_files/sport_files/sport_files/sport_files/sport_files/sport_files/sport_files/sport_files/sidebanners/1786954620167.png:0
[   96873ms] [ERROR] Failed to load resource: net::ERR_CONNECTION_REFUSED @ http://localhost:5050/sport_files/sport_files/sport_files/sport_files/sport_files/sport_files/sport_files/sport_files/sport_files/sport_files/sidebanners/1786954661225.png:0
[   96874ms] [ERROR] Failed to load resource: net::ERR_CONNECTION_REFUSED @ http://localhost:5050/sport_files/sport_files/sport_files/sport_files/sport_files/sport_files/sport_files/sport_files/sport_files/sport_files/sidebanners/1786954681257.png:0
[   96933ms] [ERROR] Failed to load resource: net::ERR_CONNECTION_REFUSED @ http://localhost:5050/sport_files/sport_files/sport_files/sport_files/sport_files/sport_files/sport_files/sport_files/sport_files/sport_files/sidebanners/1786956817268.png:0
[   99199ms] [ERROR] Failed to load resource: net::ERR_CONNECTION_REFUSED @ http://localhost:5050/sport_files/sport_files/sport_files/sport_files/sport_files/sport_files/sport_files/sport_files/sport_files/sport_files/sidebanners/1786956834836.png:0
[   99215ms] [ERROR] Failed to load resource: net::ERR_CONNECTION_REFUSED @ http://localhost:5050/sport_files/sport_files/sport_files/sport_files/sport_files/sport_files/sport_files/sport_files/sport_files/sport_files/sidebanners/1786956880596.png:0
[   99215ms] [ERROR] Failed to load resource: net::ERR_CONNECTION_REFUSED @ http://localhost:5050/sport_files/sport_files/sport_files/sport_files/sport_files/sport_files/sport_files/sport_files/sport_files/sport_files/sidebanners/1785664485511.webp:0
[   99232ms] [ERROR] Failed to load resource: net::ERR_CONNECTION_REFUSED @ http://localhost:5050/sport_files/sport_files/sport_files/sport_files/sport_files/sport_files/sport_files/sport_files/sport_files/sport_files/sidebanners/1786955062370.png:0
[   99232ms] [ERROR] Failed to load resource: net::ERR_CONNECTION_REFUSED @ http://localhost:5050/sport_files/sport_files/sport_files/sport_files/sport_files/sport_files/sport_files/sport_files/sport_files/sport_files/sport_files/sport_files/sport_files/sport_files/sport_files/sport_files/speaker.svg:0
[   99298ms] [ERROR] Failed to load resource: net::ERR_CONNECTION_REFUSED @ http://localhost:5050/sport_files/sport_files/sport_files/sport_files/sport_files/sport_files/sport_files/sport_files/sport_files/sport_files/sport_files/sport_files/sport_files/sport_files/sport_files/sport_files/arrow-down.svg:0
[  101564ms] [ERROR] Failed to load resource: net::ERR_CONNECTION_REFUSED @ http://localhost:5050/sport_files/sport_files/sport_files/sport_files/sport_files/sport_files/sport_files/sport_files/sport_files/sport_files/sport_files/sport_files/sport_files/sport_files/sport_files/sport_files/telegram.png:0
[  101565ms] [ERROR] Failed to load resource: net::ERR_CONNECTION_REFUSED @ http://localhost:5050/sport_files/sport_files/sport_files/sport_files/sport_files/sport_files/sport_files/sport_files/sport_files/sport_files/sport_files/sport_files/sport_files/sport_files/sport_files/sport_files/twitter.png:0
[  101565ms] [ERROR] Failed to load resource: net::ERR_CONNECTION_REFUSED @ http://localhost:5050/sport_files/sport_files/sport_files/sport_files/sport_files/sport_files/sport_files/sport_files/sport_files/sport_files/sport_files/sport_files/sport_files/sport_files/sport_files/sport_files/ssl.png:0
[  101596ms] [ERROR] Failed to load resource: net::ERR_CONNECTION_REFUSED @ http://localhost:5050/sport_files/sport_files/sport_files/sport_files/sport_files/sport_files/sport_files/sport_files/sport_files/sport_files/sport_files/sport_files/sport_files/sport_files/sport_files/sport_files/18plus.png:0
[  101597ms] [ERROR] Failed to load resource: net::ERR_CONNECTION_REFUSED @ http://localhost:5050/sport_files/sport_files/sport_files/sport_files/sport_files/sport_files/sport_files/sport_files/sport_files/sport_files/sport_files/sport_files/sport_files/gamecare.png:0
[  101656ms] [ERROR] Failed to load resource: net::ERR_CONNECTION_REFUSED @ http://localhost:5050/sport_files/sport_files/sport_files/sport_files/sport_files/sport_files/sport_files/sport_files/sport_files/sport_files/sport_files/sport_files/sport_files/gt.png:0
[  103913ms] [ERROR] Failed to load resource: net::ERR_CONNECTION_REFUSED @ http://localhost:5050/sport_files/sport_files/sport_files/sport_files/sport_files/sport_files/sport_files/sport_files/sport_files/sport_files/sport_files/sport_files/sport_files/gamble-aware.svg:0
[  103913ms] [ERROR] Failed to load resource: net::ERR_CONNECTION_REFUSED @ http://localhost:5050/sport_files/sport_files/sport_files/sport_files/sport_files/sport_files/sport_files/sport_files/sport_files/sport_files/sport_files/sport_files/sport_files/game-stop.png:0
[  103913ms] [ERROR] Failed to load resource: net::ERR_CONNECTION_REFUSED @ http://localhost:5050/sport_files/sport_files/sport_files/sport_files/sport_files/sport_files/sport_files/sport_files/sport_files/sport_files/sport_files/sport_files/sport_files/1786268892004.png:0
[  103933ms] [ERROR] Failed to load resource: net::ERR_CONNECTION_REFUSED @ http://localhost:5050/sport_files/sport_files/sport_files/sport_files/sport_files/sport_files/sport_files/sport_files/sport_files/sport_files/sport_files/sport_files/sport_files/1786956798302.png:0
[  103933ms] [ERROR] Failed to load resource: net::ERR_CONNECTION_REFUSED @ http://localhost:5050/sport_files/sport_files/sport_files/sport_files/sport_files/sport_files/sport_files/sport_files/sport_files/sport_files/sport_files/sport_files/sport_files/sport_files/gamecare.png:0
[  104005ms] [ERROR] Failed to load resource: net::ERR_CONNECTION_REFUSED @ http://localhost:5050/sport_files/sport_files/sport_files/sport_files/sport_files/sport_files/sport_files/sport_files/sport_files/sport_files/sport_files/sport_files/sport_files/sport_files/gt.png:0
[  106246ms] [ERROR] Failed to load resource: net::ERR_CONNECTION_REFUSED @ http://localhost:5050/sport_files/sport_files/sport_files/sport_files/sport_files/sport_files/sport_files/sport_files/sport_files/sport_files/sport_files/sport_files/sport_files/sport_files/gamble-aware.svg:0
[  106246ms] [ERROR] Failed to load resource: net::ERR_CONNECTION_REFUSED @ http://localhost:5050/sport_files/sport_files/sport_files/sport_files/sport_files/sport_files/sport_files/sport_files/sport_files/sport_files/sport_files/sport_files/sport_files/sport_files/game-stop.png:0
[  106267ms] [ERROR] Failed to load resource: net::ERR_CONNECTION_REFUSED @ http://localhost:5050/sport_files/sport_files/sport_files/sport_files/sport_files/sport_files/sport_files/sport_files/sport_files/sport_files/sport_files/sport_files/sport_files/sport_files/1786268892004.png:0
[  106267ms] [ERROR] Failed to load resource: net::ERR_CONNECTION_REFUSED @ http://localhost:5050/sport_files/sport_files/sport_files/sport_files/sport_files/sport_files/sport_files/sport_files/sport_files/sport_files/sport_files/sport_files/sport_files/sport_files/sport_files/sport_files/sport_files/speaker.svg:0
[  106288ms] [ERROR] Failed to load resource: net::ERR_CONNECTION_REFUSED @ http://localhost:5050/sport_files/sport_files/sport_files/sport_files/sport_files/sport_files/sport_files/sport_files/sport_files/sport_files/sport_files/sport_files/sport_files/sport_files/sport_files/sport_files/sport_files/arrow-down.svg:0
[  106338ms] [ERROR] Failed to load resource: net::ERR_CONNECTION_REFUSED @ http://localhost:5050/sport_files/sport_files/sport_files/sport_files/sport_files/sport_files/sport_files/sport_files/sport_files/sport_files/sport_files/sport_files/sport_files/sport_files/sport_files/sport_files/sport_files/telegram.png:0
[  108582ms] [ERROR] Failed to load resource: net::ERR_CONNECTION_REFUSED @ http://localhost:5050/sport_files/sport_files/sport_files/sport_files/sport_files/sport_files/sport_files/sport_files/sport_files/sport_files/sport_files/sport_files/sport_files/sport_files/sport_files/sport_files/sport_files/twitter.png:0
[  108600ms] [ERROR] Failed to load resource: net::ERR_CONNECTION_REFUSED @ http://localhost:5050/sport_files/sport_files/sport_files/sport_files/sport_files/sport_files/sport_files/sport_files/sport_files/sport_files/sport_files/sport_files/sport_files/sport_files/sport_files/sport_files/sport_files/ssl.png:0
[  108615ms] [ERROR] Failed to load resource: net::ERR_CONNECTION_REFUSED @ http://localhost:5050/sport_files/sport_files/sport_files/sport_files/sport_files/sport_files/sport_files/sport_files/sport_files/sport_files/sport_files/sport_files/sport_files/sport_files/sport_files/sport_files/sport_files/18plus.png:0
[  108615ms] [ERROR] Failed to load resource: net::ERR_CONNECTION_REFUSED @ http://localhost:5050/sport_files/sport_files/sport_files/sport_files/sport_files/sport_files/sport_files/sport_files/sport_files/sport_files/sport_files/1786268932607.png:0
[  108615ms] [ERROR] Failed to load resource: net::ERR_CONNECTION_REFUSED @ http://localhost:5050/sport_files/sport_files/sport_files/sport_files/sport_files/sport_files/sport_files/sport_files/sport_files/sport_files/sport_files/1778281410174.jpg:0
[  108707ms] [ERROR] Failed to load resource: net::ERR_CONNECTION_REFUSED @ http://localhost:5050/sport_files/sport_files/sport_files/sport_files/sport_files/sport_files/sport_files/sport_files/sport_files/sport_files/sport_files/1786895079723.png:0
[  110921ms] [ERROR] Failed to load resource: net::ERR_CONNECTION_REFUSED @ http://localhost:5050/sport_files/sport_files/sport_files/sport_files/sport_files/sport_files/sport_files/sport_files/sport_files/sport_files/sport_files/1786956861063.png:0
[  110953ms] [ERROR] Failed to load resource: net::ERR_CONNECTION_REFUSED @ http://localhost:5050/sport_files/sport_files/sport_files/sport_files/sport_files/sport_files/sport_files/sport_files/sport_files/sport_files/sport_files/1786895164801.png:0
[  110969ms] [ERROR] Failed to load resource: net::ERR_CONNECTION_REFUSED @ http://localhost:5050/sport_files/sport_files/sport_files/sport_files/sport_files/sport_files/sport_files/sport_files/sport_files/sport_files/sport_files/1786955165631.png:0
[  110969ms] [ERROR] Failed to load resource: net::ERR_CONNECTION_REFUSED @ http://localhost:5050/sport_files/sport_files/sport_files/sport_files/sport_files/sport_files/sport_files/sport_files/sport_files/sport_files/sport_files/1784278232340.png:0
[  110969ms] [ERROR] Failed to load resource: net::ERR_CONNECTION_REFUSED @ http://localhost:5050/sport_files/sport_files/sport_files/sport_files/sport_files/sport_files/sport_files/sport_files/sport_files/sport_files/sport_files/1786955295865.png:0
[  111079ms] [ERROR] Failed to load resource: net::ERR_CONNECTION_REFUSED @ http://localhost:5050/sport_files/sport_files/sport_files/sport_files/sport_files/sport_files/sport_files/sport_files/sport_files/sport_files/sport_files/1778281651447.jpg:0
[  113296ms] [ERROR] Failed to load resource: net::ERR_CONNECTION_REFUSED @ http://localhost:5050/sport_files/sport_files/sport_files/sport_files/sport_files/sport_files/sport_files/sport_files/sport_files/sport_files/sport_files/1778281818727.jpg:0
[  113323ms] [ERROR] Failed to load resource: net::ERR_CONNECTION_REFUSED @ http://localhost:5050/sport_files/sport_files/sport_files/sport_files/sport_files/sport_files/sport_files/sport_files/sport_files/sport_files/sport_files/1786954620167.png:0
[  113323ms] [ERROR] Failed to load resource: net::ERR_CONNECTION_REFUSED @ http://localhost:5050/sport_files/sport_files/sport_files/sport_files/sport_files/sport_files/sport_files/sport_files/sport_files/sport_files/sport_files/1785664485511.webp:0
[  113323ms] [ERROR] Failed to load resource: net::ERR_CONNECTION_REFUSED @ http://localhost:5050/sport_files/sport_files/sport_files/sport_files/sport_files/sport_files/sport_files/sport_files/sport_files/sport_files/sport_files/1786954661225.png:0
[  113338ms] [ERROR] Failed to load resource: net::ERR_CONNECTION_REFUSED @ http://localhost:5050/sport_files/sport_files/sport_files/sport_files/sport_files/sport_files/sport_files/sport_files/sport_files/sport_files/sport_files/1786954681257.png:0
[  113432ms] [ERROR] Failed to load resource: net::ERR_CONNECTION_REFUSED @ http://localhost:5050/sport_files/sport_files/sport_files/sport_files/sport_files/sport_files/sport_files/sport_files/sport_files/sport_files/sport_files/1786955062370.png:0
[  115633ms] [ERROR] Failed to load resource: net::ERR_CONNECTION_REFUSED @ http://localhost:5050/sport_files/sport_files/sport_files/sport_files/sport_files/sport_files/sport_files/sport_files/sport_files/sport_files/sport_files/1786956817268.png:0
[  115679ms] [ERROR] Failed to load resource: net::ERR_CONNECTION_REFUSED @ http://localhost:5050/sport_files/sport_files/sport_files/sport_files/sport_files/sport_files/sport_files/sport_files/sport_files/sport_files/sport_files/1786956834836.png:0
[  115679ms] [ERROR] Failed to load resource: net::ERR_CONNECTION_REFUSED @ http://localhost:5050/sport_files/sport_files/sport_files/sport_files/sport_files/sport_files/sport_files/sport_files/sport_files/sport_files/sport_files/1786956880596.png:0
[  115679ms] [ERROR] Failed to load resource: net::ERR_CONNECTION_REFUSED @ http://localhost:5050/sport_files/sport_files/sport_files/sport_files/sport_files/sport_files/sport_files/sport_files/sport_files/sport_files/sport_files/banners/1787598384490.webp:0
[  115679ms] [ERROR] Failed to load resource: net::ERR_CONNECTION_REFUSED @ http://localhost:5050/sport_files/sport_files/sport_files/sport_files/sport_files/sport_files/sport_files/sport_files/sport_files/sport_files/sport_files/banners/1787628463829.webp:0
[  115786ms] [ERROR] Failed to load resource: net::ERR_CONNECTION_REFUSED @ http://localhost:5050/sport_files/sport_files/sport_files/sport_files/sport_files/sport_files/sport_files/sport_files/sport_files/sport_files/sport_files/banners/1787598250897.webp:0
[  117989ms] [ERROR] Failed to load resource: net::ERR_CONNECTION_REFUSED @ http://localhost:5050/sport_files/sport_files/sport_files/sport_files/sport_files/sport_files/sport_files/sport_files/sport_files/sport_files/sport_files/banners/1787428510867.webp:0
[  118020ms] [ERROR] Failed to load resource: net::ERR_CONNECTION_REFUSED @ http://localhost:5050/sport_files/sport_files/sport_files/sport_files/sport_files/sport_files/sport_files/sport_files/sport_files/sport_files/sport_files/banners/1787513921448.webp:0
[  118036ms] [ERROR] Failed to load resource: net::ERR_CONNECTION_REFUSED @ http://localhost:5050/sport_files/sport_files/sport_files/sport_files/sport_files/sport_files/sport_files/sport_files/sport_files/sport_files/sport_files/banners/1787553144555.webp:0
[  118037ms] [ERROR] Failed to load resource: net::ERR_CONNECTION_REFUSED @ http://localhost:5050/sport_files/sport_files/sport_files/sport_files/sport_files/sport_files/sport_files/sport_files/sport_files/sport_files/sport_files/banners/1787599619974.webp:0
[  118037ms] [ERROR] Failed to load resource: net::ERR_CONNECTION_REFUSED @ http://localhost:5050/sport_files/sport_files/sport_files/sport_files/sport_files/sport_files/sport_files/sport_files/sport_files/sport_files/sport_files/banners/1787599192985.webp:0
[  118129ms] [ERROR] Failed to load resource: net::ERR_CONNECTION_REFUSED @ http://localhost:5050/sport_files/sport_files/sport_files/sport_files/sport_files/sport_files/sport_files/sport_files/sport_files/sport_files/sport_files/banners/1787635044676.webp:0
[  120329ms] [ERROR] Failed to load resource: net::ERR_CONNECTION_REFUSED @ http://localhost:5050/sport_files/sport_files/sport_files/sport_files/sport_files/sport_files/sport_files/sport_files/sport_files/sport_files/sport_files/sidebanners/1786268892004.png:0
[  120362ms] [ERROR] Failed to load resource: net::ERR_CONNECTION_REFUSED @ http://localhost:5050/sport_files/sport_files/sport_files/sport_files/sport_files/sport_files/sport_files/sport_files/sport_files/sport_files/sport_files/sidebanners/1786956798302.png:0
[  120380ms] [ERROR] Failed to load resource: net::ERR_CONNECTION_REFUSED @ http://localhost:5050/sport_files/sport_files/sport_files/sport_files/sport_files/sport_files/sport_files/sport_files/sport_files/sport_files/sport_files/sidebanners/1786268932607.png:0
[  120397ms] [ERROR] Failed to load resource: net::ERR_CONNECTION_REFUSED @ http://localhost:5050/sport_files/sport_files/sport_files/sport_files/sport_files/sport_files/sport_files/sport_files/sport_files/sport_files/sport_files/sidebanners/1778281410174.jpg:0
[  120397ms] [ERROR] Failed to load resource: net::ERR_CONNECTION_REFUSED @ http://localhost:5050/sport_files/sport_files/sport_files/sport_files/sport_files/sport_files/sport_files/sport_files/sport_files/sport_files/sport_files/sidebanners/1786895079723.png:0
[  120472ms] [ERROR] Failed to load resource: net::ERR_CONNECTION_REFUSED @ http://localhost:5050/sport_files/sport_files/sport_files/sport_files/sport_files/sport_files/sport_files/sport_files/sport_files/sport_files/sport_files/sidebanners/1786956861063.png:0
[  122684ms] [ERROR] Failed to load resource: net::ERR_CONNECTION_REFUSED @ http://localhost:5050/sport_files/sport_files/sport_files/sport_files/sport_files/sport_files/sport_files/sport_files/sport_files/sport_files/sport_files/sidebanners/1786895164801.png:0
[  122715ms] [ERROR] Failed to load resource: net::ERR_CONNECTION_REFUSED @ http://localhost:5050/sport_files/sport_files/sport_files/sport_files/sport_files/sport_files/sport_files/sport_files/sport_files/sport_files/sport_files/sidebanners/1786955165631.png:0
[  122729ms] [ERROR] Failed to load resource: net::ERR_CONNECTION_REFUSED @ http://localhost:5050/sport_files/sport_files/sport_files/sport_files/sport_files/sport_files/sport_files/sport_files/sport_files/sport_files/sport_files/sidebanners/1784278232340.png:0
[  122763ms] [ERROR] Failed to load resource: net::ERR_CONNECTION_REFUSED @ http://localhost:5050/sport_files/sport_files/sport_files/sport_files/sport_files/sport_files/sport_files/sport_files/sport_files/sport_files/sport_files/sidebanners/1786955295865.png:0
[  122763ms] [ERROR] Failed to load resource: net::ERR_CONNECTION_REFUSED @ http://localhost:5050/sport_files/sport_files/sport_files/sport_files/sport_files/sport_files/sport_files/sport_files/sport_files/sport_files/sport_files/sidebanners/1778281651447.jpg:0
[  122824ms] [ERROR] Failed to load resource: net::ERR_CONNECTION_REFUSED @ http://localhost:5050/sport_files/sport_files/sport_files/sport_files/sport_files/sport_files/sport_files/sport_files/sport_files/sport_files/sport_files/sidebanners/1778281818727.jpg:0
[  125032ms] [ERROR] Failed to load resource: net::ERR_CONNECTION_REFUSED @ http://localhost:5050/sport_files/sport_files/sport_files/sport_files/sport_files/sport_files/sport_files/sport_files/sport_files/sport_files/sport_files/sidebanners/1786954620167.png:0
[  125064ms] [ERROR] Failed to load resource: net::ERR_CONNECTION_REFUSED @ http://localhost:5050/sport_files/sport_files/sport_files/sport_files/sport_files/sport_files/sport_files/sport_files/sport_files/sport_files/sport_files/sidebanners/1786954661225.png:0
[  125080ms] [ERROR] Failed to load resource: net::ERR_CONNECTION_REFUSED @ http://localhost:5050/sport_files/sport_files/sport_files/sport_files/sport_files/sport_files/sport_files/sport_files/sport_files/sport_files/sport_files/sidebanners/1786954681257.png:0
[  125113ms] [ERROR] Failed to load resource: net::ERR_CONNECTION_REFUSED @ http://localhost:5050/sport_files/sport_files/sport_files/sport_files/sport_files/sport_files/sport_files/sport_files/sport_files/sport_files/sport_files/sidebanners/1786956817268.png:0
[  125113ms] [ERROR] Failed to load resource: net::ERR_CONNECTION_REFUSED @ http://localhost:5050/sport_files/sport_files/sport_files/sport_files/sport_files/sport_files/sport_files/sport_files/sport_files/sport_files/sport_files/sidebanners/1786956834836.png:0
[  125171ms] [ERROR] Failed to load resource: net::ERR_CONNECTION_REFUSED @ http://localhost:5050/sport_files/sport_files/sport_files/sport_files/sport_files/sport_files/sport_files/sport_files/sport_files/sport_files/sport_files/sidebanners/1786956880596.png:0
[  127391ms] [ERROR] Failed to load resource: net::ERR_CONNECTION_REFUSED @ http://localhost:5050/sport_files/sport_files/sport_files/sport_files/sport_files/sport_files/sport_files/sport_files/sport_files/sport_files/sport_files/sidebanners/1785664485511.webp:0
[  127421ms] [ERROR] Failed to load resource: net::ERR_CONNECTION_REFUSED @ http://localhost:5050/sport_files/sport_files/sport_files/sport_files/sport_files/sport_files/sport_files/sport_files/sport_files/sport_files/sport_files/sidebanners/1786955062370.png:0
[  127437ms] [ERROR] Failed to load resource: net::ERR_CONNECTION_REFUSED @ http://localhost:5050/sport_files/sport_files/sport_files/sport_files/sport_files/sport_files/sport_files/sport_files/sport_files/sport_files/sport_files/logo.png:0
[  127469ms] [ERROR] Failed to load resource: net::ERR_CONNECTION_REFUSED @ http://localhost:5050/sport_files/sport_files/sport_files/sport_files/sport_files/sport_files/sport_files/sport_files/sport_files/sport_files/sport_files/sport_files/1786268932607.png:0
[  127469ms] [ERROR] Failed to load resource: net::ERR_CONNECTION_REFUSED @ http://localhost:5050/sport_files/sport_files/sport_files/sport_files/sport_files/sport_files/sport_files/sport_files/sport_files/sport_files/sport_files/sport_files/1778281410174.jpg:0
[  127530ms] [ERROR] Failed to load resource: net::ERR_CONNECTION_REFUSED @ http://localhost:5050/sport_files/sport_files/sport_files/sport_files/sport_files/sport_files/sport_files/sport_files/sport_files/sport_files/sport_files/sport_files/1786895079723.png:0
[  129737ms] [ERROR] Failed to load resource: net::ERR_CONNECTION_REFUSED @ http://localhost:5050/sport_files/sport_files/sport_files/sport_files/sport_files/sport_files/sport_files/sport_files/sport_files/sport_files/sport_files/sport_files/1786956861063.png:0
[  129783ms] [ERROR] Failed to load resource: net::ERR_CONNECTION_REFUSED @ http://localhost:5050/sport_files/sport_files/sport_files/sport_files/sport_files/sport_files/sport_files/sport_files/sport_files/sport_files/sport_files/sport_files/1786895164801.png:0
[  129800ms] [ERROR] Failed to load resource: net::ERR_CONNECTION_REFUSED @ http://localhost:5050/sport_files/sport_files/sport_files/sport_files/sport_files/sport_files/sport_files/sport_files/sport_files/sport_files/sport_files/sport_files/1786955165631.png:0
[  129830ms] [ERROR] Failed to load resource: net::ERR_CONNECTION_REFUSED @ http://localhost:5050/sport_files/sport_files/sport_files/sport_files/sport_files/sport_files/sport_files/sport_files/sport_files/sport_files/sport_files/sport_files/1784278232340.png:0
[  129830ms] [ERROR] Failed to load resource: net::ERR_CONNECTION_REFUSED @ http://localhost:5050/sport_files/sport_files/sport_files/sport_files/sport_files/sport_files/sport_files/sport_files/sport_files/sport_files/sport_files/sport_files/1786955295865.png:0
[  129891ms] [ERROR] Failed to load resource: net::ERR_CONNECTION_REFUSED @ http://localhost:5050/sport_files/sport_files/sport_files/sport_files/sport_files/sport_files/sport_files/sport_files/sport_files/sport_files/sport_files/sport_files/1778281651447.jpg:0
[  132089ms] [ERROR] Failed to load resource: net::ERR_CONNECTION_REFUSED @ http://localhost:5050/sport_files/sport_files/sport_files/sport_files/sport_files/sport_files/sport_files/sport_files/sport_files/sport_files/sport_files/sport_files/1778281818727.jpg:0
[  132135ms] [ERROR] Failed to load resource: net::ERR_CONNECTION_REFUSED @ http://localhost:5050/sport_files/sport_files/sport_files/sport_files/sport_files/sport_files/sport_files/sport_files/sport_files/sport_files/sport_files/sport_files/1786954620167.png:0
[  132151ms] [ERROR] Failed to load resource: net::ERR_CONNECTION_REFUSED @ http://localhost:5050/sport_files/sport_files/sport_files/sport_files/sport_files/sport_files/sport_files/sport_files/sport_files/sport_files/sport_files/sport_files/1785664485511.webp:0
[  132198ms] [ERROR] Failed to load resource: net::ERR_CONNECTION_REFUSED @ http://localhost:5050/sport_files/sport_files/sport_files/sport_files/sport_files/sport_files/sport_files/sport_files/sport_files/sport_files/sport_files/sport_files/1786954661225.png:0
[  132198ms] [ERROR] Failed to load resource: net::ERR_CONNECTION_REFUSED @ http://localhost:5050/sport_files/sport_files/sport_files/sport_files/sport_files/sport_files/sport_files/sport_files/sport_files/sport_files/sport_files/sport_files/1786954681257.png:0
[  132264ms] [ERROR] Failed to load resource: net::ERR_CONNECTION_REFUSED @ http://localhost:5050/sport_files/sport_files/sport_files/sport_files/sport_files/sport_files/sport_files/sport_files/sport_files/sport_files/sport_files/sport_files/1786955062370.png:0
[  134449ms] [ERROR] Failed to load resource: net::ERR_CONNECTION_REFUSED @ http://localhost:5050/sport_files/sport_files/sport_files/sport_files/sport_files/sport_files/sport_files/sport_files/sport_files/sport_files/sport_files/sport_files/1786956817268.png:0
[  134497ms] [ERROR] Failed to load resource: net::ERR_CONNECTION_REFUSED @ http://localhost:5050/sport_files/sport_files/sport_files/sport_files/sport_files/sport_files/sport_files/sport_files/sport_files/sport_files/sport_files/sport_files/1786956834836.png:0
[  134517ms] [ERROR] Failed to load resource: net::ERR_CONNECTION_REFUSED @ http://localhost:5050/sport_files/sport_files/sport_files/sport_files/sport_files/sport_files/sport_files/sport_files/sport_files/sport_files/sport_files/sport_files/1786956880596.png:0
[  134564ms] [ERROR] Failed to load resource: net::ERR_CONNECTION_REFUSED @ http://localhost:5050/sport_files/sport_files/sport_files/sport_files/sport_files/sport_files/sport_files/sport_files/sport_files/sport_files/sport_files/sport_files/logo.png:0
[  134565ms] [ERROR] Failed to load resource: net::ERR_CONNECTION_REFUSED @ http://localhost:5050/sport_files/sport_files/sport_files/sport_files/sport_files/sport_files/sport_files/sport_files/sport_files/sport_files/sport_files/sport_files/banners/1787598384490.webp:0
[  134621ms] [ERROR] Failed to load resource: net::ERR_CONNECTION_REFUSED @ http://localhost:5050/sport_files/sport_files/sport_files/sport_files/sport_files/sport_files/sport_files/sport_files/sport_files/sport_files/sport_files/sport_files/banners/1787628463829.webp:0
[  136806ms] [ERROR] Failed to load resource: net::ERR_CONNECTION_REFUSED @ http://localhost:5050/sport_files/sport_files/sport_files/sport_files/sport_files/sport_files/sport_files/sport_files/sport_files/sport_files/sport_files/sport_files/banners/1787598250897.webp:0
[  136852ms] [ERROR] Failed to load resource: net::ERR_CONNECTION_REFUSED @ http://localhost:5050/sport_files/sport_files/sport_files/sport_files/sport_files/sport_files/sport_files/sport_files/sport_files/sport_files/sport_files/sport_files/banners/1787428510867.webp:0
[  136868ms] [ERROR] Failed to load resource: net::ERR_CONNECTION_REFUSED @ http://localhost:5050/sport_files/sport_files/sport_files/sport_files/sport_files/sport_files/sport_files/sport_files/sport_files/sport_files/sport_files/sport_files/banners/1787513921448.webp:0
[  136914ms] [ERROR] Failed to load resource: net::ERR_CONNECTION_REFUSED @ http://localhost:5050/sport_files/sport_files/sport_files/sport_files/sport_files/sport_files/sport_files/sport_files/sport_files/sport_files/sport_files/sport_files/banners/1787553144555.webp:0
[  136915ms] [ERROR] Failed to load resource: net::ERR_CONNECTION_REFUSED @ http://localhost:5050/sport_files/sport_files/sport_files/sport_files/sport_files/sport_files/sport_files/sport_files/sport_files/sport_files/sport_files/sport_files/banners/1787599619974.webp:0
[  136981ms] [ERROR] Failed to load resource: net::ERR_CONNECTION_REFUSED @ http://localhost:5050/sport_files/sport_files/sport_files/sport_files/sport_files/sport_files/sport_files/sport_files/sport_files/sport_files/sport_files/sport_files/banners/1787599192985.webp:0
[  139147ms] [ERROR] Failed to load resource: net::ERR_CONNECTION_REFUSED @ http://localhost:5050/sport_files/sport_files/sport_files/sport_files/sport_files/sport_files/sport_files/sport_files/sport_files/sport_files/sport_files/sport_files/banners/1787635044676.webp:0
[  139221ms] [ERROR] Failed to load resource: net::ERR_CONNECTION_REFUSED @ http://localhost:5050/sport_files/sport_files/sport_files/sport_files/sport_files/sport_files/sport_files/sport_files/sport_files/sport_files/sport_files/sport_files/sidebanners/1786268892004.png:0
[  139237ms] [ERROR] Failed to load resource: net::ERR_CONNECTION_REFUSED @ http://localhost:5050/sport_files/sport_files/sport_files/sport_files/sport_files/sport_files/sport_files/sport_files/sport_files/sport_files/sport_files/sport_files/sidebanners/1786956798302.png:0
[  139268ms] [ERROR] Failed to load resource: net::ERR_CONNECTION_REFUSED @ http://localhost:5050/sport_files/sport_files/sport_files/sport_files/sport_files/sport_files/sport_files/sport_files/sport_files/sport_files/sport_files/sport_files/sidebanners/1786268932607.png:0
[  139268ms] [ERROR] Failed to load resource: net::ERR_CONNECTION_REFUSED @ http://localhost:5050/sport_files/sport_files/sport_files/sport_files/sport_files/sport_files/sport_files/sport_files/sport_files/sport_files/sport_files/sport_files/sidebanners/1778281410174.jpg:0
[  139331ms] [ERROR] Failed to load resource: net::ERR_CONNECTION_REFUSED @ http://localhost:5050/sport_files/sport_files/sport_files/sport_files/sport_files/sport_files/sport_files/sport_files/sport_files/sport_files/sport_files/sport_files/sidebanners/1786895079723.png:0
[  141504ms] [ERROR] Failed to load resource: net::ERR_CONNECTION_REFUSED @ http://localhost:5050/sport_files/sport_files/sport_files/sport_files/sport_files/sport_files/sport_files/sport_files/sport_files/sport_files/sport_files/sport_files/sidebanners/1786956861063.png:0
[  141581ms] [ERROR] Failed to load resource: net::ERR_CONNECTION_REFUSED @ http://localhost:5050/sport_files/sport_files/sport_files/sport_files/sport_files/sport_files/sport_files/sport_files/sport_files/sport_files/sport_files/sport_files/sidebanners/1786895164801.png:0
[  141597ms] [ERROR] Failed to load resource: net::ERR_CONNECTION_REFUSED @ http://localhost:5050/sport_files/sport_files/sport_files/sport_files/sport_files/sport_files/sport_files/sport_files/sport_files/sport_files/sport_files/sport_files/sidebanners/1786955165631.png:0
[  141632ms] [ERROR] Failed to load resource: net::ERR_CONNECTION_REFUSED @ http://localhost:5050/sport_files/sport_files/sport_files/sport_files/sport_files/sport_files/sport_files/sport_files/sport_files/sport_files/sport_files/sport_files/sidebanners/1784278232340.png:0
[  141632ms] [ERROR] Failed to load resource: net::ERR_CONNECTION_REFUSED @ http://localhost:5050/sport_files/sport_files/sport_files/sport_files/sport_files/sport_files/sport_files/sport_files/sport_files/sport_files/sport_files/sport_files/sidebanners/1786955295865.png:0
[  141687ms] [ERROR] Failed to load resource: net::ERR_CONNECTION_REFUSED @ http://localhost:5050/sport_files/sport_files/sport_files/sport_files/sport_files/sport_files/sport_files/sport_files/sport_files/sport_files/sport_files/sport_files/sidebanners/1778281651447.jpg:0
[  143847ms] [ERROR] Failed to load resource: net::ERR_CONNECTION_REFUSED @ http://localhost:5050/sport_files/sport_files/sport_files/sport_files/sport_files/sport_files/sport_files/sport_files/sport_files/sport_files/sport_files/sport_files/sidebanners/1778281818727.jpg:0
[  143925ms] [ERROR] Failed to load resource: net::ERR_CONNECTION_REFUSED @ http://localhost:5050/sport_files/sport_files/sport_files/sport_files/sport_files/sport_files/sport_files/sport_files/sport_files/sport_files/sport_files/sport_files/sidebanners/1786954620167.png:0
[  143940ms] [ERROR] Failed to load resource: net::ERR_CONNECTION_REFUSED @ http://localhost:5050/sport_files/sport_files/sport_files/sport_files/sport_files/sport_files/sport_files/sport_files/sport_files/sport_files/sport_files/sport_files/sidebanners/1786954661225.png:0
[  143971ms] [ERROR] Failed to load resource: net::ERR_CONNECTION_REFUSED @ http://localhost:5050/sport_files/sport_files/sport_files/sport_files/sport_files/sport_files/sport_files/sport_files/sport_files/sport_files/sport_files/sport_files/sidebanners/1786954681257.png:0
[  143971ms] [ERROR] Failed to load resource: net::ERR_CONNECTION_REFUSED @ http://localhost:5050/sport_files/sport_files/sport_files/sport_files/sport_files/sport_files/sport_files/sport_files/sport_files/sport_files/sport_files/sport_files/sidebanners/1786956817268.png:0
[  144033ms] [ERROR] Failed to load resource: net::ERR_CONNECTION_REFUSED @ http://localhost:5050/sport_files/sport_files/sport_files/sport_files/sport_files/sport_files/sport_files/sport_files/sport_files/sport_files/sport_files/sport_files/sidebanners/1786956834836.png:0
[  146208ms] [ERROR] Failed to load resource: net::ERR_CONNECTION_REFUSED @ http://localhost:5050/sport_files/sport_files/sport_files/sport_files/sport_files/sport_files/sport_files/sport_files/sport_files/sport_files/sport_files/sport_files/sidebanners/1786956880596.png:0
[  146281ms] [ERROR] Failed to load resource: net::ERR_CONNECTION_REFUSED @ http://localhost:5050/sport_files/sport_files/sport_files/sport_files/sport_files/sport_files/sport_files/sport_files/sport_files/sport_files/sport_files/sport_files/sidebanners/1785664485511.webp:0
[  146298ms] [ERROR] Failed to load resource: net::ERR_CONNECTION_REFUSED @ http://localhost:5050/sport_files/sport_files/sport_files/sport_files/sport_files/sport_files/sport_files/sport_files/sport_files/sport_files/sport_files/sport_files/sidebanners/1786955062370.png:0
[  146322ms] [ERROR] Failed to load resource: net::ERR_CONNECTION_REFUSED @ http://localhost:5050/sport_files/sport_files/sport_files/sport_files/sport_files/sport_files/sport_files/sport_files/sport_files/sport_files/sport_files/sport_files/sport_files/sport_files/sport_files/sport_files/sport_files/sport_files/speaker.svg:0
[  146323ms] [ERROR] Failed to load resource: net::ERR_CONNECTION_REFUSED @ http://localhost:5050/sport_files/sport_files/sport_files/sport_files/sport_files/sport_files/sport_files/sport_files/sport_files/sport_files/sport_files/sport_files/sport_files/sport_files/sport_files/sport_files/sport_files/sport_files/arrow-down.svg:0
[  146385ms] [ERROR] Failed to load resource: net::ERR_CONNECTION_REFUSED @ http://localhost:5050/sport_files/sport_files/sport_files/sport_files/sport_files/sport_files/sport_files/sport_files/sport_files/sport_files/sport_files/sport_files/sport_files/sport_files/sport_files/sport_files/sport_files/sport_files/telegram.png:0
[  148565ms] [ERROR] Failed to load resource: net::ERR_CONNECTION_REFUSED @ http://localhost:5050/sport_files/sport_files/sport_files/sport_files/sport_files/sport_files/sport_files/sport_files/sport_files/sport_files/sport_files/sport_files/sport_files/sport_files/sport_files/sport_files/sport_files/sport_files/twitter.png:0
[  148622ms] [ERROR] Failed to load resource: net::ERR_CONNECTION_REFUSED @ http://localhost:5050/sport_files/sport_files/sport_files/sport_files/sport_files/sport_files/sport_files/sport_files/sport_files/sport_files/sport_files/sport_files/sport_files/sport_files/sport_files/sport_files/sport_files/sport_files/ssl.png:0
[  148638ms] [ERROR] Failed to load resource: net::ERR_CONNECTION_REFUSED @ http://localhost:5050/sport_files/sport_files/sport_files/sport_files/sport_files/sport_files/sport_files/sport_files/sport_files/sport_files/sport_files/sport_files/sport_files/sport_files/sport_files/sport_files/sport_files/sport_files/18plus.png:0
[  148668ms] [ERROR] Failed to load resource: net::ERR_CONNECTION_REFUSED @ http://localhost:5050/sport_files/sport_files/sport_files/sport_files/sport_files/sport_files/sport_files/sport_files/sport_files/sport_files/sport_files/sport_files/sport_files/sport_files/1786956798302.png:0
[  151031ms] [ERROR] Failed to load resource: net::ERR_CONNECTION_REFUSED @ http://localhost:5050/sport_files/sport_files/sport_files/sport_files/sport_files/sport_files/sport_files/sport_files/sport_files/sport_files/sport_files/sport_files/sport_files/1786268932607.png:0
[  151089ms] [ERROR] Failed to load resource: net::ERR_CONNECTION_REFUSED @ http://localhost:5050/sport_files/sport_files/sport_files/sport_files/sport_files/sport_files/sport_files/sport_files/sport_files/sport_files/sport_files/sport_files/sport_files/1778281410174.jpg:0
[  153265ms] [ERROR] Failed to load resource: net::ERR_CONNECTION_REFUSED @ http://localhost:5050/sport_files/sport_files/sport_files/sport_files/sport_files/sport_files/sport_files/sport_files/sport_files/sport_files/sport_files/sport_files/sport_files/1786895079723.png:0
[  153750ms] [ERROR] Failed to load resource: net::ERR_CONNECTION_REFUSED @ http://localhost:5050/sport_files/sport_files/sport_files/sport_files/sport_files/sport_files/sport_files/sport_files/sport_files/sport_files/sport_files/sport_files/sport_files/1786956861063.png:0
[  153750ms] [ERROR] Failed to load resource: net::ERR_CONNECTION_REFUSED @ http://localhost:5050/sport_files/sport_files/sport_files/sport_files/sport_files/sport_files/sport_files/sport_files/sport_files/sport_files/sport_files/sport_files/sport_files/1786895164801.png:0
[  153750ms] [ERROR] Failed to load resource: net::ERR_CONNECTION_REFUSED @ http://localhost:5050/sport_files/sport_files/sport_files/sport_files/sport_files/sport_files/sport_files/sport_files/sport_files/sport_files/sport_files/sport_files/sport_files/1786955165631.png:0
[  153750ms] [ERROR] Failed to load resource: net::ERR_CONNECTION_REFUSED @ http://localhost:5050/sport_files/sport_files/sport_files/sport_files/sport_files/sport_files/sport_files/sport_files/sport_files/sport_files/sport_files/sport_files/sport_files/1784278232340.png:0
[  153750ms] [ERROR] Failed to load resource: net::ERR_CONNECTION_REFUSED @ http://localhost:5050/sport_files/sport_files/sport_files/sport_files/sport_files/sport_files/sport_files/sport_files/sport_files/sport_files/sport_files/sport_files/sport_files/1786955295865.png:0
[  155625ms] [ERROR] Failed to load resource: net::ERR_CONNECTION_REFUSED @ http://localhost:5050/sport_files/sport_files/sport_files/sport_files/sport_files/sport_files/sport_files/sport_files/sport_files/sport_files/sport_files/sport_files/sport_files/1778281651447.jpg:0
[  155687ms] [ERROR] Failed to load resource: net::ERR_CONNECTION_REFUSED @ http://localhost:5050/sport_files/sport_files/sport_files/sport_files/sport_files/sport_files/sport_files/sport_files/sport_files/sport_files/sport_files/sport_files/sport_files/1778281818727.jpg:0
[  155702ms] [ERROR] Failed to load resource: net::ERR_CONNECTION_REFUSED @ http://localhost:5050/sport_files/sport_files/sport_files/sport_files/sport_files/sport_files/sport_files/sport_files/sport_files/sport_files/sport_files/sport_files/sport_files/1786954620167.png:0
[  155733ms] [ERROR] Failed to load resource: net::ERR_CONNECTION_REFUSED @ http://localhost:5050/sport_files/sport_files/sport_files/sport_files/sport_files/sport_files/sport_files/sport_files/sport_files/sport_files/sport_files/sport_files/sport_files/1785664485511.webp:0
[  155734ms] [ERROR] Failed to load resource: net::ERR_CONNECTION_REFUSED @ http://localhost:5050/sport_files/sport_files/sport_files/sport_files/sport_files/sport_files/sport_files/sport_files/sport_files/sport_files/sport_files/sport_files/sport_files/1786954661225.png:0
[  155797ms] [ERROR] Failed to load resource: net::ERR_CONNECTION_REFUSED @ http://localhost:5050/sport_files/sport_files/sport_files/sport_files/sport_files/sport_files/sport_files/sport_files/sport_files/sport_files/sport_files/sport_files/sport_files/1786954681257.png:0
[  157984ms] [ERROR] Failed to load resource: net::ERR_CONNECTION_REFUSED @ http://localhost:5050/sport_files/sport_files/sport_files/sport_files/sport_files/sport_files/sport_files/sport_files/sport_files/sport_files/sport_files/sport_files/sport_files/1786955062370.png:0
[  158049ms] [ERROR] Failed to load resource: net::ERR_CONNECTION_REFUSED @ http://localhost:5050/sport_files/sport_files/sport_files/sport_files/sport_files/sport_files/sport_files/sport_files/sport_files/sport_files/sport_files/sport_files/sport_files/1786956817268.png:0
[  158068ms] [ERROR] Failed to load resource: net::ERR_CONNECTION_REFUSED @ http://localhost:5050/sport_files/sport_files/sport_files/sport_files/sport_files/sport_files/sport_files/sport_files/sport_files/sport_files/sport_files/sport_files/sport_files/1786956834836.png:0
[  158097ms] [ERROR] Failed to load resource: net::ERR_CONNECTION_REFUSED @ http://localhost:5050/sport_files/sport_files/sport_files/sport_files/sport_files/sport_files/sport_files/sport_files/sport_files/sport_files/sport_files/sport_files/sport_files/1786956880596.png:0
[  158097ms] [ERROR] Failed to load resource: net::ERR_CONNECTION_REFUSED @ http://localhost:5050/sport_files/sport_files/sport_files/sport_files/sport_files/sport_files/sport_files/sport_files/sport_files/sport_files/sport_files/sport_files/sport_files/banners/1787598384490.webp:0
[  158154ms] [ERROR] Failed to load resource: net::ERR_CONNECTION_REFUSED @ http://localhost:5050/sport_files/sport_files/sport_files/sport_files/sport_files/sport_files/sport_files/sport_files/sport_files/sport_files/sport_files/sport_files/sport_files/banners/1787628463829.webp:0
[  160339ms] [ERROR] Failed to load resource: net::ERR_CONNECTION_REFUSED @ http://localhost:5050/sport_files/sport_files/sport_files/sport_files/sport_files/sport_files/sport_files/sport_files/sport_files/sport_files/sport_files/sport_files/sport_files/banners/1787598250897.webp:0
[  160401ms] [ERROR] Failed to load resource: net::ERR_CONNECTION_REFUSED @ http://localhost:5050/sport_files/sport_files/sport_files/sport_files/sport_files/sport_files/sport_files/sport_files/sport_files/sport_files/sport_files/sport_files/sport_files/banners/1787428510867.webp:0
[  160416ms] [ERROR] Failed to load resource: net::ERR_CONNECTION_REFUSED @ http://localhost:5050/sport_files/sport_files/sport_files/sport_files/sport_files/sport_files/sport_files/sport_files/sport_files/sport_files/sport_files/sport_files/sport_files/banners/1787513921448.webp:0
[  160448ms] [ERROR] Failed to load resource: net::ERR_CONNECTION_REFUSED @ http://localhost:5050/sport_files/sport_files/sport_files/sport_files/sport_files/sport_files/sport_files/sport_files/sport_files/sport_files/sport_files/sport_files/sport_files/banners/1787553144555.webp:0
[  160449ms] [ERROR] Failed to load resource: net::ERR_CONNECTION_REFUSED @ http://localhost:5050/sport_files/sport_files/sport_files/sport_files/sport_files/sport_files/sport_files/sport_files/sport_files/sport_files/sport_files/sport_files/sport_files/banners/1787599619974.webp:0
[  160498ms] [ERROR] Failed to load resource: net::ERR_CONNECTION_REFUSED @ http://localhost:5050/sport_files/sport_files/sport_files/sport_files/sport_files/sport_files/sport_files/sport_files/sport_files/sport_files/sport_files/sport_files/sport_files/banners/1787599192985.webp:0
[  162676ms] [ERROR] Failed to load resource: net::ERR_CONNECTION_REFUSED @ http://localhost:5050/sport_files/sport_files/sport_files/sport_files/sport_files/sport_files/sport_files/sport_files/sport_files/sport_files/sport_files/sport_files/sport_files/banners/1787635044676.webp:0
[  162739ms] [ERROR] Failed to load resource: net::ERR_CONNECTION_REFUSED @ http://localhost:5050/sport_files/sport_files/sport_files/sport_files/sport_files/sport_files/sport_files/sport_files/sport_files/sport_files/sport_files/sport_files/sport_files/sidebanners/1786268892004.png:0
[  162770ms] [ERROR] Failed to load resource: net::ERR_CONNECTION_REFUSED @ http://localhost:5050/sport_files/sport_files/sport_files/sport_files/sport_files/sport_files/sport_files/sport_files/sport_files/sport_files/sport_files/sport_files/sport_files/sidebanners/1786956798302.png:0
[  162786ms] [ERROR] Failed to load resource: net::ERR_CONNECTION_REFUSED @ http://localhost:5050/sport_files/sport_files/sport_files/sport_files/sport_files/sport_files/sport_files/sport_files/sport_files/sport_files/sport_files/sport_files/sport_files/sidebanners/1786268932607.png:0
[  162801ms] [ERROR] Failed to load resource: net::ERR_CONNECTION_REFUSED @ http://localhost:5050/sport_files/sport_files/sport_files/sport_files/sport_files/sport_files/sport_files/sport_files/sport_files/sport_files/sport_files/sport_files/sport_files/sidebanners/1778281410174.jpg:0
[  162832ms] [ERROR] Failed to load resource: net::ERR_CONNECTION_REFUSED @ http://localhost:5050/sport_files/sport_files/sport_files/sport_files/sport_files/sport_files/sport_files/sport_files/sport_files/sport_files/sport_files/sport_files/sport_files/sidebanners/1786895079723.png:0
[  165016ms] [ERROR] Failed to load resource: net::ERR_CONNECTION_REFUSED @ http://localhost:5050/sport_files/sport_files/sport_files/sport_files/sport_files/sport_files/sport_files/sport_files/sport_files/sport_files/sport_files/sport_files/sport_files/sidebanners/1786956861063.png:0
[  165081ms] [ERROR] Failed to load resource: net::ERR_CONNECTION_REFUSED @ http://localhost:5050/sport_files/sport_files/sport_files/sport_files/sport_files/sport_files/sport_files/sport_files/sport_files/sport_files/sport_files/sport_files/sport_files/sidebanners/1786895164801.png:0
[  165126ms] [ERROR] Failed to load resource: net::ERR_CONNECTION_REFUSED @ http://localhost:5050/sport_files/sport_files/sport_files/sport_files/sport_files/sport_files/sport_files/sport_files/sport_files/sport_files/sport_files/sport_files/sport_files/sidebanners/1786955165631.png:0
[  165142ms] [ERROR] Failed to load resource: net::ERR_CONNECTION_REFUSED @ http://localhost:5050/sport_files/sport_files/sport_files/sport_files/sport_files/sport_files/sport_files/sport_files/sport_files/sport_files/sport_files/sport_files/sport_files/sidebanners/1784278232340.png:0
[  165158ms] [ERROR] Failed to load resource: net::ERR_CONNECTION_REFUSED @ http://localhost:5050/sport_files/sport_files/sport_files/sport_files/sport_files/sport_files/sport_files/sport_files/sport_files/sport_files/sport_files/sport_files/sport_files/sidebanners/1786955295865.png:0
[  165188ms] [ERROR] Failed to load resource: net::ERR_CONNECTION_REFUSED @ http://localhost:5050/sport_files/sport_files/sport_files/sport_files/sport_files/sport_files/sport_files/sport_files/sport_files/sport_files/sport_files/sport_files/sport_files/sidebanners/1778281651447.jpg:0
[  167391ms] [ERROR] Failed to load resource: net::ERR_CONNECTION_REFUSED @ http://localhost:5050/sport_files/sport_files/sport_files/sport_files/sport_files/sport_files/sport_files/sport_files/sport_files/sport_files/sport_files/sport_files/sport_files/sidebanners/1778281818727.jpg:0
[  167424ms] [ERROR] Failed to load resource: net::ERR_CONNECTION_REFUSED @ http://localhost:5050/sport_files/sport_files/sport_files/sport_files/sport_files/sport_files/sport_files/sport_files/sport_files/sport_files/sport_files/sport_files/sport_files/sidebanners/1786954620167.png:0
[  167455ms] [ERROR] Failed to load resource: net::ERR_CONNECTION_REFUSED @ http://localhost:5050/sport_files/sport_files/sport_files/sport_files/sport_files/sport_files/sport_files/sport_files/sport_files/sport_files/sport_files/sport_files/sport_files/sidebanners/1786954661225.png:0
[  167487ms] [ERROR] Failed to load resource: net::ERR_CONNECTION_REFUSED @ http://localhost:5050/sport_files/sport_files/sport_files/sport_files/sport_files/sport_files/sport_files/sport_files/sport_files/sport_files/sport_files/sport_files/sport_files/sidebanners/1786954681257.png:0
[  167503ms] [ERROR] Failed to load resource: net::ERR_CONNECTION_REFUSED @ http://localhost:5050/sport_files/sport_files/sport_files/sport_files/sport_files/sport_files/sport_files/sport_files/sport_files/sport_files/sport_files/sport_files/sport_files/sidebanners/1786956817268.png:0
[  167549ms] [ERROR] Failed to load resource: net::ERR_CONNECTION_REFUSED @ http://localhost:5050/sport_files/sport_files/sport_files/sport_files/sport_files/sport_files/sport_files/sport_files/sport_files/sport_files/sport_files/sport_files/sport_files/sidebanners/1786956834836.png:0
[  169765ms] [ERROR] Failed to load resource: net::ERR_CONNECTION_REFUSED @ http://localhost:5050/sport_files/sport_files/sport_files/sport_files/sport_files/sport_files/sport_files/sport_files/sport_files/sport_files/sport_files/sport_files/sport_files/sidebanners/1786956880596.png:0
[  169765ms] [ERROR] Failed to load resource: net::ERR_CONNECTION_REFUSED @ http://localhost:5050/sport_files/sport_files/sport_files/sport_files/sport_files/sport_files/sport_files/sport_files/sport_files/sport_files/sport_files/sport_files/sport_files/sidebanners/1785664485511.webp:0
[  169814ms] [ERROR] Failed to load resource: net::ERR_CONNECTION_REFUSED @ http://localhost:5050/sport_files/sport_files/sport_files/sport_files/sport_files/sport_files/sport_files/sport_files/sport_files/sport_files/sport_files/sport_files/sport_files/sidebanners/1786955062370.png:0
[  169858ms] [ERROR] Failed to load resource: net::ERR_CONNECTION_REFUSED @ http://localhost:5050/sport_files/sport_files/sport_files/sport_files/sport_files/sport_files/sport_files/sport_files/sport_files/sport_files/sport_files/sport_files/sport_files/logo.png:0
[  169873ms] [ERROR] Failed to load resource: net::ERR_CONNECTION_REFUSED @ http://localhost:5050/sport_files/sport_files/sport_files/sport_files/sport_files/sport_files/sport_files/sport_files/sport_files/sport_files/sport_files/sport_files/sport_files/sport_files/1786268932607.png:0
[  169920ms] [ERROR] Failed to load resource: net::ERR_CONNECTION_REFUSED @ http://localhost:5050/sport_files/sport_files/sport_files/sport_files/sport_files/sport_files/sport_files/sport_files/sport_files/sport_files/sport_files/sport_files/sport_files/sport_files/1778281410174.jpg:0
[  172116ms] [ERROR] Failed to load resource: net::ERR_CONNECTION_REFUSED @ http://localhost:5050/sport_files/sport_files/sport_files/sport_files/sport_files/sport_files/sport_files/sport_files/sport_files/sport_files/sport_files/sport_files/sport_files/sport_files/1786895079723.png:0
[  172116ms] [ERROR] Failed to load resource: net::ERR_CONNECTION_REFUSED @ http://localhost:5050/sport_files/sport_files/sport_files/sport_files/sport_files/sport_files/sport_files/sport_files/sport_files/sport_files/sport_files/sport_files/sport_files/sport_files/1786956861063.png:0
[  172182ms] [ERROR] Failed to load resource: net::ERR_CONNECTION_REFUSED @ http://localhost:5050/sport_files/sport_files/sport_files/sport_files/sport_files/sport_files/sport_files/sport_files/sport_files/sport_files/sport_files/sport_files/sport_files/sport_files/1786895164801.png:0
[  172224ms] [ERROR] Failed to load resource: net::ERR_CONNECTION_REFUSED @ http://localhost:5050/sport_files/sport_files/sport_files/sport_files/sport_files/sport_files/sport_files/sport_files/sport_files/sport_files/sport_files/sport_files/sport_files/sport_files/1786955165631.png:0
[  172240ms] [ERROR] Failed to load resource: net::ERR_CONNECTION_REFUSED @ http://localhost:5050/sport_files/sport_files/sport_files/sport_files/sport_files/sport_files/sport_files/sport_files/sport_files/sport_files/sport_files/sport_files/sport_files/sport_files/1784278232340.png:0
[  172285ms] [ERROR] Failed to load resource: net::ERR_CONNECTION_REFUSED @ http://localhost:5050/sport_files/sport_files/sport_files/sport_files/sport_files/sport_files/sport_files/sport_files/sport_files/sport_files/sport_files/sport_files/sport_files/sport_files/1786955295865.png:0
[  174456ms] [ERROR] Failed to load resource: net::ERR_CONNECTION_REFUSED @ http://localhost:5050/sport_files/sport_files/sport_files/sport_files/sport_files/sport_files/sport_files/sport_files/sport_files/sport_files/sport_files/sport_files/sport_files/sport_files/1778281651447.jpg:0
[  174456ms] [ERROR] Failed to load resource: net::ERR_CONNECTION_REFUSED @ http://localhost:5050/sport_files/sport_files/sport_files/sport_files/sport_files/sport_files/sport_files/sport_files/sport_files/sport_files/sport_files/sport_files/sport_files/sport_files/1778281818727.jpg:0
[  174534ms] [ERROR] Failed to load resource: net::ERR_CONNECTION_REFUSED @ http://localhost:5050/sport_files/sport_files/sport_files/sport_files/sport_files/sport_files/sport_files/sport_files/sport_files/sport_files/sport_files/sport_files/sport_files/sport_files/1786954620167.png:0
[  174582ms] [ERROR] Failed to load resource: net::ERR_CONNECTION_REFUSED @ http://localhost:5050/sport_files/sport_files/sport_files/sport_files/sport_files/sport_files/sport_files/sport_files/sport_files/sport_files/sport_files/sport_files/sport_files/sport_files/1785664485511.webp:0
[  174582ms] [ERROR] Failed to load resource: net::ERR_CONNECTION_REFUSED @ http://localhost:5050/sport_files/sport_files/sport_files/sport_files/sport_files/sport_files/sport_files/sport_files/sport_files/sport_files/sport_files/sport_files/sport_files/sport_files/1786954661225.png:0
[  174630ms] [ERROR] Failed to load resource: net::ERR_CONNECTION_REFUSED @ http://localhost:5050/sport_files/sport_files/sport_files/sport_files/sport_files/sport_files/sport_files/sport_files/sport_files/sport_files/sport_files/sport_files/sport_files/sport_files/1786954681257.png:0
[  176819ms] [ERROR] Failed to load resource: net::ERR_CONNECTION_REFUSED @ http://localhost:5050/sport_files/sport_files/sport_files/sport_files/sport_files/sport_files/sport_files/sport_files/sport_files/sport_files/sport_files/sport_files/sport_files/sport_files/1786955062370.png:0
[  176819ms] [ERROR] Failed to load resource: net::ERR_CONNECTION_REFUSED @ http://localhost:5050/sport_files/sport_files/sport_files/sport_files/sport_files/sport_files/sport_files/sport_files/sport_files/sport_files/sport_files/sport_files/sport_files/sport_files/1786956817268.png:0
[  176882ms] [ERROR] Failed to load resource: net::ERR_CONNECTION_REFUSED @ http://localhost:5050/sport_files/sport_files/sport_files/sport_files/sport_files/sport_files/sport_files/sport_files/sport_files/sport_files/sport_files/sport_files/sport_files/sport_files/1786956834836.png:0
[  176930ms] [ERROR] Failed to load resource: net::ERR_CONNECTION_REFUSED @ http://localhost:5050/sport_files/sport_files/sport_files/sport_files/sport_files/sport_files/sport_files/sport_files/sport_files/sport_files/sport_files/sport_files/sport_files/sport_files/1786956880596.png:0
[  176930ms] [ERROR] Failed to load resource: net::ERR_CONNECTION_REFUSED @ http://localhost:5050/sport_files/sport_files/sport_files/sport_files/sport_files/sport_files/sport_files/sport_files/sport_files/sport_files/sport_files/sport_files/sport_files/sport_files/logo.png:0
[  176990ms] [ERROR] Failed to load resource: net::ERR_CONNECTION_REFUSED @ http://localhost:5050/sport_files/sport_files/sport_files/sport_files/sport_files/sport_files/sport_files/sport_files/sport_files/sport_files/sport_files/sport_files/sport_files/sport_files/banners/1787598384490.webp:0
[  179170ms] [ERROR] Failed to load resource: net::ERR_CONNECTION_REFUSED @ http://localhost:5050/sport_files/sport_files/sport_files/sport_files/sport_files/sport_files/sport_files/sport_files/sport_files/sport_files/sport_files/sport_files/sport_files/sport_files/banners/1787628463829.webp:0
[  179187ms] [ERROR] Failed to load resource: net::ERR_CONNECTION_REFUSED @ http://localhost:5050/sport_files/sport_files/sport_files/sport_files/sport_files/sport_files/sport_files/sport_files/sport_files/sport_files/sport_files/sport_files/sport_files/sport_files/banners/1787598250897.webp:0
[  179247ms] [ERROR] Failed to load resource: net::ERR_CONNECTION_REFUSED @ http://localhost:5050/sport_files/sport_files/sport_files/sport_files/sport_files/sport_files/sport_files/sport_files/sport_files/sport_files/sport_files/sport_files/sport_files/sport_files/banners/1787428510867.webp:0
[  179294ms] [ERROR] Failed to load resource: net::ERR_CONNECTION_REFUSED @ http://localhost:5050/sport_files/sport_files/sport_files/sport_files/sport_files/sport_files/sport_files/sport_files/sport_files/sport_files/sport_files/sport_files/sport_files/sport_files/banners/1787513921448.webp:0
[  179295ms] [ERROR] Failed to load resource: net::ERR_CONNECTION_REFUSED @ http://localhost:5050/sport_files/sport_files/sport_files/sport_files/sport_files/sport_files/sport_files/sport_files/sport_files/sport_files/sport_files/sport_files/sport_files/sport_files/banners/1787553144555.webp:0
[  179356ms] [ERROR] Failed to load resource: net::ERR_CONNECTION_REFUSED @ http://localhost:5050/sport_files/sport_files/sport_files/sport_files/sport_files/sport_files/sport_files/sport_files/sport_files/sport_files/sport_files/sport_files/sport_files/sport_files/banners/1787599619974.webp:0
[  181522ms] [ERROR] Failed to load resource: net::ERR_CONNECTION_REFUSED @ http://localhost:5050/sport_files/sport_files/sport_files/sport_files/sport_files/sport_files/sport_files/sport_files/sport_files/sport_files/sport_files/sport_files/sport_files/sport_files/banners/1787599192985.webp:0
[  181537ms] [ERROR] Failed to load resource: net::ERR_CONNECTION_REFUSED @ http://localhost:5050/sport_files/sport_files/sport_files/sport_files/sport_files/sport_files/sport_files/sport_files/sport_files/sport_files/sport_files/sport_files/sport_files/sport_files/banners/1787635044676.webp:0
[  181615ms] [ERROR] Failed to load resource: net::ERR_CONNECTION_REFUSED @ http://localhost:5050/sport_files/sport_files/sport_files/sport_files/sport_files/sport_files/sport_files/sport_files/sport_files/sport_files/sport_files/sport_files/sport_files/sport_files/sidebanners/1786268892004.png:0
[  181631ms] [ERROR] Failed to load resource: net::ERR_CONNECTION_REFUSED @ http://localhost:5050/sport_files/sport_files/sport_files/sport_files/sport_files/sport_files/sport_files/sport_files/sport_files/sport_files/sport_files/sport_files/sport_files/sport_files/sidebanners/1786956798302.png:0
[  181648ms] [ERROR] Failed to load resource: net::ERR_CONNECTION_REFUSED @ http://localhost:5050/sport_files/sport_files/sport_files/sport_files/sport_files/sport_files/sport_files/sport_files/sport_files/sport_files/sport_files/sport_files/sport_files/sport_files/sidebanners/1786268932607.png:0
[  181741ms] [ERROR] Failed to load resource: net::ERR_CONNECTION_REFUSED @ http://localhost:5050/sport_files/sport_files/sport_files/sport_files/sport_files/sport_files/sport_files/sport_files/sport_files/sport_files/sport_files/sport_files/sport_files/sport_files/sidebanners/1778281410174.jpg:0
[  183882ms] [ERROR] Failed to load resource: net::ERR_CONNECTION_REFUSED @ http://localhost:5050/sport_files/sport_files/sport_files/sport_files/sport_files/sport_files/sport_files/sport_files/sport_files/sport_files/sport_files/sport_files/sport_files/sport_files/sidebanners/1786895079723.png:0
[  183895ms] [ERROR] Failed to load resource: net::ERR_CONNECTION_REFUSED @ http://localhost:5050/sport_files/sport_files/sport_files/sport_files/sport_files/sport_files/sport_files/sport_files/sport_files/sport_files/sport_files/sport_files/sport_files/sport_files/sidebanners/1786956861063.png:0
[  183957ms] [ERROR] Failed to load resource: net::ERR_CONNECTION_REFUSED @ http://localhost:5050/sport_files/sport_files/sport_files/sport_files/sport_files/sport_files/sport_files/sport_files/sport_files/sport_files/sport_files/sport_files/sport_files/sport_files/sidebanners/1786895164801.png:0
[  183957ms] [ERROR] Failed to load resource: net::ERR_CONNECTION_REFUSED @ http://localhost:5050/sport_files/sport_files/sport_files/sport_files/sport_files/sport_files/sport_files/sport_files/sport_files/sport_files/sport_files/sport_files/sport_files/sport_files/sidebanners/1786955165631.png:0
[  184003ms] [ERROR] Failed to load resource: net::ERR_CONNECTION_REFUSED @ http://localhost:5050/sport_files/sport_files/sport_files/sport_files/sport_files/sport_files/sport_files/sport_files/sport_files/sport_files/sport_files/sport_files/sport_files/sport_files/sidebanners/1784278232340.png:0
[  184098ms] [ERROR] Failed to load resource: net::ERR_CONNECTION_REFUSED @ http://localhost:5050/sport_files/sport_files/sport_files/sport_files/sport_files/sport_files/sport_files/sport_files/sport_files/sport_files/sport_files/sport_files/sport_files/sport_files/sidebanners/1786955295865.png:0
[  186253ms] [ERROR] Failed to load resource: net::ERR_CONNECTION_REFUSED @ http://localhost:5050/sport_files/sport_files/sport_files/sport_files/sport_files/sport_files/sport_files/sport_files/sport_files/sport_files/sport_files/sport_files/sport_files/sport_files/sidebanners/1778281651447.jpg:0
[  186253ms] [ERROR] Failed to load resource: net::ERR_CONNECTION_REFUSED @ http://localhost:5050/sport_files/sport_files/sport_files/sport_files/sport_files/sport_files/sport_files/sport_files/sport_files/sport_files/sport_files/sport_files/sport_files/sport_files/sidebanners/1778281818727.jpg:0
[  186321ms] [ERROR] Failed to load resource: net::ERR_CONNECTION_REFUSED @ http://localhost:5050/sport_files/sport_files/sport_files/sport_files/sport_files/sport_files/sport_files/sport_files/sport_files/sport_files/sport_files/sport_files/sport_files/sport_files/sidebanners/1786954620167.png:0
[  186322ms] [ERROR] Failed to load resource: net::ERR_CONNECTION_REFUSED @ http://localhost:5050/sport_files/sport_files/sport_files/sport_files/sport_files/sport_files/sport_files/sport_files/sport_files/sport_files/sport_files/sport_files/sport_files/sport_files/sidebanners/1786954661225.png:0
[  186353ms] [ERROR] Failed to load resource: net::ERR_CONNECTION_REFUSED @ http://localhost:5050/sport_files/sport_files/sport_files/sport_files/sport_files/sport_files/sport_files/sport_files/sport_files/sport_files/sport_files/sport_files/sport_files/sport_files/sidebanners/1786954681257.png:0
[  186463ms] [ERROR] Failed to load resource: net::ERR_CONNECTION_REFUSED @ http://localhost:5050/sport_files/sport_files/sport_files/sport_files/sport_files/sport_files/sport_files/sport_files/sport_files/sport_files/sport_files/sport_files/sport_files/sport_files/sidebanners/1786956817268.png:0
[  188574ms] [ERROR] Failed to load resource: net::ERR_CONNECTION_REFUSED @ http://localhost:5050/sport_files/sport_files/sport_files/sport_files/sport_files/sport_files/sport_files/sport_files/sport_files/sport_files/sport_files/sport_files/sport_files/sport_files/sidebanners/1786956834836.png:0
[  188575ms] [ERROR] Failed to load resource: net::ERR_CONNECTION_REFUSED @ http://localhost:5050/sport_files/sport_files/sport_files/sport_files/sport_files/sport_files/sport_files/sport_files/sport_files/sport_files/sport_files/sport_files/sport_files/sport_files/sidebanners/1786956880596.png:0
[  188666ms] [ERROR] Failed to load resource: net::ERR_CONNECTION_REFUSED @ http://localhost:5050/sport_files/sport_files/sport_files/sport_files/sport_files/sport_files/sport_files/sport_files/sport_files/sport_files/sport_files/sport_files/sport_files/sport_files/sidebanners/1785664485511.webp:0
[  188683ms] [ERROR] Failed to load resource: net::ERR_CONNECTION_REFUSED @ http://localhost:5050/sport_files/sport_files/sport_files/sport_files/sport_files/sport_files/sport_files/sport_files/sport_files/sport_files/sport_files/sport_files/sport_files/sport_files/sidebanners/1786955062370.png:0
[  188697ms] [ERROR] Failed to load resource: net::ERR_CONNECTION_REFUSED @ http://localhost:5050/cdn-cgi/challenge-platform/scripts/jsd/main.js:0
[  188824ms] [ERROR] Failed to load resource: net::ERR_CONNECTION_REFUSED @ http://localhost:5050/cdn-cgi/challenge-platform/scripts/jsd/main.js:0
