[     696ms] Unexpected token '<'
[    2879ms] [ERROR] Failed to find a valid digest in the 'integrity' attribute for resource 'http://localhost:5050/sport_files/v4513226cdae34746b4dedf0b4dfa099e1781791509496' with computed SHA-512 integrity 'LCq36gUlWQk+j+dlu8Qg0DMZr0H6DaIQ2lJYQV9q3rtlOPkoCIJfUOxPTdA11I66sW0recaQv5ZtvLQEj7RJuA=='. The resource has been blocked. @ http://localhost:5050/sport:0
[    3349ms] [ERROR] Failed to find a valid digest in the 'integrity' attribute for resource 'http://localhost:5050/sport_files/sport_files/jquery-3.5.1.min.js.download' with computed SHA-256 integrity '3Ek/bJnVu0c8MZPtKq6fgXkvR+sFEBk4WWGTfvBB8+Q='. The resource has been blocked. @ http://localhost:5050/sport_files/saved_resource:0
[    3361ms] Unexpected token '<'
[    3908ms] Unexpected token '<'
[    3995ms] ReferenceError: $ is not defined
    at http://localhost:5050/sport_files/saved_resource:4190:1
[    4093ms] Unexpected token '<'
[    4109ms] Unexpected token '<'
[    4119ms] Unexpected token '<'
[    4135ms] Unexpected token '<'
[    4349ms] Unexpected token '<'
[    4367ms] Unexpected token '<'
[    4380ms] Unexpected token '<'
[    4388ms] Unexpected token '<'
[    4398ms] Unexpected token '<'
[    4406ms] Unexpected token '<'
[    4675ms] Unexpected token '<'
[    4680ms] Unexpected token '<'
[    4691ms] Unexpected token '<'
[    4713ms] [ERROR] Failed to find a valid digest in the 'integrity' attribute for resource 'http://localhost:5050/sport_files/sport_files/v4513226cdae34746b4dedf0b4dfa099e1781791509496' with computed SHA-512 integrity 'LCq36gUlWQk+j+dlu8Qg0DMZr0H6DaIQ2lJYQV9q3rtlOPkoCIJfUOxPTdA11I66sW0recaQv5ZtvLQEj7RJuA=='. The resource has been blocked. @ http://localhost:5050/sport_files/saved_resource:0
[    4718ms] Unexpected token '<'
[    5747ms] [ERROR] Failed to find a valid digest in the 'integrity' attribute for resource 'http://localhost:5050/sport_files/sport_files/sport_files/jquery-3.5.1.min.js.download' with computed SHA-256 integrity '3Ek/bJnVu0c8MZPtKq6fgXkvR+sFEBk4WWGTfvBB8+Q='. The resource has been blocked. @ http://localhost:5050/sport_files/sport_files/saved_resource:0
[    5766ms] Unexpected token '<'
[    6127ms] Unexpected token '<'
[    6136ms] ReferenceError: $ is not defined
    at http://localhost:5050/sport_files/sport_files/saved_resource:4190:1
[    6208ms] Unexpected token '<'
[    6223ms] Unexpected token '<'
[    6230ms] Unexpected token '<'
[    6248ms] Unexpected token '<'
[    6290ms] Unexpected token '<'
[    6312ms] Unexpected token '<'
[    6459ms] Unexpected token '<'
[    6477ms] Unexpected token '<'
[    6484ms] Unexpected token '<'
[    6542ms] Unexpected token '<'
[    6813ms] Unexpected token '<'
[    6813ms] Unexpected token '<'
[    6827ms] Unexpected token '<'
[    6847ms] [ERROR] Failed to find a valid digest in the 'integrity' attribute for resource 'http://localhost:5050/sport_files/sport_files/sport_files/v4513226cdae34746b4dedf0b4dfa099e1781791509496' with computed SHA-512 integrity 'LCq36gUlWQk+j+dlu8Qg0DMZr0H6DaIQ2lJYQV9q3rtlOPkoCIJfUOxPTdA11I66sW0recaQv5ZtvLQEj7RJuA=='. The resource has been blocked. @ http://localhost:5050/sport_files/sport_files/saved_resource:0
[    6855ms] Unexpected token '<'
[    7897ms] [ERROR] Failed to find a valid digest in the 'integrity' attribute for resource 'http://localhost:5050/sport_files/sport_files/sport_files/sport_files/jquery-3.5.1.min.js.download' with computed SHA-256 integrity '3Ek/bJnVu0c8MZPtKq6fgXkvR+sFEBk4WWGTfvBB8+Q='. The resource has been blocked. @ http://localhost:5050/sport_files/sport_files/sport_files/saved_resource:0
[    7909ms] Unexpected token '<'
[    8163ms] Unexpected token '<'
[    8214ms] ReferenceError: $ is not defined
    at http://localhost:5050/sport_files/sport_files/sport_files/saved_resource:4190:1
[    8792ms] Unexpected token '<'
[    8795ms] Unexpected token '<'
[    8833ms] Unexpected token '<'
[    8840ms] Unexpected token '<'
[    8857ms] Unexpected token '<'
[    8863ms] Unexpected token '<'
[    8881ms] Unexpected token '<'
[    8892ms] Unexpected token '<'
[    8913ms] Unexpected token '<'
[    8919ms] Unexpected token '<'
[    9146ms] Unexpected token '<'
[    9151ms] Unexpected token '<'
[    9210ms] Unexpected token '<'
[    9244ms] [ERROR] Failed to find a valid digest in the 'integrity' attribute for resource 'http://localhost:5050/sport_files/sport_files/sport_files/sport_files/v4513226cdae34746b4dedf0b4dfa099e1781791509496' with computed SHA-512 integrity 'LCq36gUlWQk+j+dlu8Qg0DMZr0H6DaIQ2lJYQV9q3rtlOPkoCIJfUOxPTdA11I66sW0recaQv5ZtvLQEj7RJuA=='. The resource has been blocked. @ http://localhost:5050/sport_files/sport_files/sport_files/saved_resource:0
[    9250ms] Unexpected token '<'
[   10370ms] [ERROR] Failed to find a valid digest in the 'integrity' attribute for resource 'http://localhost:5050/sport_files/sport_files/sport_files/sport_files/sport_files/jquery-3.5.1.min.js.download' with computed SHA-256 integrity '3Ek/bJnVu0c8MZPtKq6fgXkvR+sFEBk4WWGTfvBB8+Q='. The resource has been blocked. @ http://localhost:5050/sport_files/sport_files/sport_files/sport_files/saved_resource:0
[   10378ms] Unexpected token '<'
[   10844ms] Unexpected token '<'
[   10853ms] ReferenceError: $ is not defined
    at http://localhost:5050/sport_files/sport_files/sport_files/sport_files/saved_resource:4190:1
[   10863ms] Unexpected token '<'
[   10877ms] Unexpected token '<'
[   10890ms] Unexpected token '<'
[   11143ms] Unexpected token '<'
[   11169ms] Unexpected token '<'
[   11217ms] Unexpected token '<'
[   11236ms] Unexpected token '<'
[   11253ms] Unexpected token '<'
[   11262ms] Unexpected token '<'
[   11375ms] Unexpected token '<'
[   11675ms] Unexpected token '<'
[   11680ms] Unexpected token '<'
[   11692ms] Unexpected token '<'
[   11726ms] [ERROR] Failed to find a valid digest in the 'integrity' attribute for resource 'http://localhost:5050/sport_files/sport_files/sport_files/sport_files/sport_files/v4513226cdae34746b4dedf0b4dfa099e1781791509496' with computed SHA-512 integrity 'LCq36gUlWQk+j+dlu8Qg0DMZr0H6DaIQ2lJYQV9q3rtlOPkoCIJfUOxPTdA11I66sW0recaQv5ZtvLQEj7RJuA=='. The resource has been blocked. @ http://localhost:5050/sport_files/sport_files/sport_files/sport_files/saved_resource:0
[   11733ms] Unexpected token '<'
[   12803ms] [ERROR] Failed to find a valid digest in the 'integrity' attribute for resource 'http://localhost:5050/sport_files/sport_files/sport_files/sport_files/sport_files/sport_files/jquery-3.5.1.min.js.download' with computed SHA-256 integrity '3Ek/bJnVu0c8MZPtKq6fgXkvR+sFEBk4WWGTfvBB8+Q='. The resource has been blocked. @ http://localhost:5050/sport_files/sport_files/sport_files/sport_files/sport_files/saved_resource:0
[   12819ms] Unexpected token '<'
[   13132ms] Unexpected token '<'
[   13148ms] ReferenceError: $ is not defined
    at http://localhost:5050/sport_files/sport_files/sport_files/sport_files/sport_files/saved_resource:4190:1
[   13157ms] Unexpected token '<'
[   13171ms] Unexpected token '<'
[   13416ms] Unexpected token '<'
[   13433ms] Unexpected token '<'
[   13444ms] Unexpected token '<'
[   13462ms] Unexpected token '<'
[   13585ms] Unexpected token '<'
[   13600ms] Unexpected token '<'
[   13622ms] Unexpected token '<'
[   13635ms] Unexpected token '<'
[   13941ms] Unexpected token '<'
[   13947ms] Unexpected token '<'
[   13961ms] Unexpected token '<'
[   13989ms] [ERROR] Failed to find a valid digest in the 'integrity' attribute for resource 'http://localhost:5050/sport_files/sport_files/sport_files/sport_files/sport_files/sport_files/v4513226cdae34746b4dedf0b4dfa099e1781791509496' with computed SHA-512 integrity 'LCq36gUlWQk+j+dlu8Qg0DMZr0H6DaIQ2lJYQV9q3rtlOPkoCIJfUOxPTdA11I66sW0recaQv5ZtvLQEj7RJuA=='. The resource has been blocked. @ http://localhost:5050/sport_files/sport_files/sport_files/sport_files/sport_files/saved_resource:0
[   13996ms] Unexpected token '<'
[   15122ms] [ERROR] Failed to find a valid digest in the 'integrity' attribute for resource 'http://localhost:5050/sport_files/sport_files/sport_files/sport_files/sport_files/sport_files/sport_files/jquery-3.5.1.min.js.download' with computed SHA-256 integrity '3Ek/bJnVu0c8MZPtKq6fgXkvR+sFEBk4WWGTfvBB8+Q='. The resource has been blocked. @ http://localhost:5050/sport_files/sport_files/sport_files/sport_files/sport_files/sport_files/saved_resource:0
[   15135ms] Unexpected token '<'
[   15357ms] Unexpected token '<'
[   15379ms] ReferenceError: $ is not defined
    at http://localhost:5050/sport_files/sport_files/sport_files/sport_files/sport_files/sport_files/saved_resource:4190:1
[   15384ms] Unexpected token '<'
[   15401ms] Unexpected token '<'
[   15408ms] Unexpected token '<'
[   15489ms] Unexpected token '<'
[   15502ms] Unexpected token '<'
[   15553ms] Unexpected token '<'
[   15562ms] Unexpected token '<'
[   15642ms] Unexpected token '<'
[   15655ms] Unexpected token '<'
[   15729ms] Unexpected token '<'
[   16000ms] Unexpected token '<'
[   16007ms] Unexpected token '<'
[   16023ms] Unexpected token '<'
[   16074ms] [ERROR] Failed to find a valid digest in the 'integrity' attribute for resource 'http://localhost:5050/sport_files/sport_files/sport_files/sport_files/sport_files/sport_files/sport_files/v4513226cdae34746b4dedf0b4dfa099e1781791509496' with computed SHA-512 integrity 'LCq36gUlWQk+j+dlu8Qg0DMZr0H6DaIQ2lJYQV9q3rtlOPkoCIJfUOxPTdA11I66sW0recaQv5ZtvLQEj7RJuA=='. The resource has been blocked. @ http://localhost:5050/sport_files/sport_files/sport_files/sport_files/sport_files/sport_files/saved_resource:0
[   16080ms] Unexpected token '<'
[   17137ms] [ERROR] Failed to find a valid digest in the 'integrity' attribute for resource 'http://localhost:5050/sport_files/sport_files/sport_files/sport_files/sport_files/sport_files/sport_files/sport_files/jquery-3.5.1.min.js.download' with computed SHA-256 integrity '3Ek/bJnVu0c8MZPtKq6fgXkvR+sFEBk4WWGTfvBB8+Q='. The resource has been blocked. @ http://localhost:5050/sport_files/sport_files/sport_files/sport_files/sport_files/sport_files/sport_files/saved_resource:0
[   17309ms] Unexpected token '<'
[   17798ms] Unexpected token '<'
[   17818ms] ReferenceError: $ is not defined
    at http://localhost:5050/sport_files/sport_files/sport_files/sport_files/sport_files/sport_files/sport_files/saved_resource:4190:1
[   17825ms] Unexpected token '<'
[   17832ms] Unexpected token '<'
[   17853ms] Unexpected token '<'
[   17860ms] Unexpected token '<'
[   17917ms] Unexpected token '<'
[   18045ms] Unexpected token '<'
[   18079ms] Unexpected token '<'
[   18199ms] Unexpected token '<'
[   18248ms] Unexpected token '<'
[   18277ms] Unexpected token '<'
[   18564ms] Unexpected token '<'
[   18567ms] Unexpected token '<'
[   18582ms] Unexpected token '<'
[   18610ms] [ERROR] Failed to find a valid digest in the 'integrity' attribute for resource 'http://localhost:5050/sport_files/sport_files/sport_files/sport_files/sport_files/sport_files/sport_files/sport_files/v4513226cdae34746b4dedf0b4dfa099e1781791509496' with computed SHA-512 integrity 'LCq36gUlWQk+j+dlu8Qg0DMZr0H6DaIQ2lJYQV9q3rtlOPkoCIJfUOxPTdA11I66sW0recaQv5ZtvLQEj7RJuA=='. The resource has been blocked. @ http://localhost:5050/sport_files/sport_files/sport_files/sport_files/sport_files/sport_files/sport_files/saved_resource:0
[   18627ms] Unexpected token '<'
[   19845ms] [ERROR] Failed to find a valid digest in the 'integrity' attribute for resource 'http://localhost:5050/sport_files/sport_files/sport_files/sport_files/sport_files/sport_files/sport_files/sport_files/sport_files/jquery-3.5.1.min.js.download' with computed SHA-256 integrity '3Ek/bJnVu0c8MZPtKq6fgXkvR+sFEBk4WWGTfvBB8+Q='. The resource has been blocked. @ http://localhost:5050/sport_files/sport_files/sport_files/sport_files/sport_files/sport_files/sport_files/sport_files/saved_resource:0
[   20000ms] Unexpected token '<'
[   20474ms] Unexpected token '<'
[   20474ms] ReferenceError: $ is not defined
    at http://localhost:5050/sport_files/sport_files/sport_files/sport_files/sport_files/sport_files/sport_files/sport_files/saved_resource:4190:1
[   20494ms] Unexpected token '<'
[   20517ms] Unexpected token '<'
[   20533ms] Unexpected token '<'
[   20542ms] Unexpected token '<'
[   20590ms] Unexpected token '<'
[   20794ms] Unexpected token '<'
[   20824ms] Unexpected token '<'
[   20833ms] Unexpected token '<'
[   20850ms] Unexpected token '<'
[   20857ms] Unexpected token '<'
[   21150ms] Unexpected token '<'
[   21156ms] Unexpected token '<'
[   21161ms] Unexpected token '<'
[   21176ms] [ERROR] Failed to find a valid digest in the 'integrity' attribute for resource 'http://localhost:5050/sport_files/sport_files/sport_files/sport_files/sport_files/sport_files/sport_files/sport_files/sport_files/v4513226cdae34746b4dedf0b4dfa099e1781791509496' with computed SHA-512 integrity 'LCq36gUlWQk+j+dlu8Qg0DMZr0H6DaIQ2lJYQV9q3rtlOPkoCIJfUOxPTdA11I66sW0recaQv5ZtvLQEj7RJuA=='. The resource has been blocked. @ http://localhost:5050/sport_files/sport_files/sport_files/sport_files/sport_files/sport_files/sport_files/sport_files/saved_resource:0
[   21181ms] Unexpected token '<'
[   22347ms] [ERROR] Failed to find a valid digest in the 'integrity' attribute for resource 'http://localhost:5050/sport_files/sport_files/sport_files/sport_files/sport_files/sport_files/sport_files/sport_files/sport_files/sport_files/jquery-3.5.1.min.js.download' with computed SHA-256 integrity '3Ek/bJnVu0c8MZPtKq6fgXkvR+sFEBk4WWGTfvBB8+Q='. The resource has been blocked. @ http://localhost:5050/sport_files/sport_files/sport_files/sport_files/sport_files/sport_files/sport_files/sport_files/sport_files/saved_resource:0
[   22362ms] Unexpected token '<'
[   22708ms] Unexpected token '<'
[   22717ms] ReferenceError: $ is not defined
    at http://localhost:5050/sport_files/sport_files/sport_files/sport_files/sport_files/sport_files/sport_files/sport_files/sport_files/saved_resource:4190:1
[   22724ms] Unexpected token '<'
[   22729ms] Unexpected token '<'
[   22733ms] Unexpected token '<'
[   22811ms] Unexpected token '<'
[   22868ms] Unexpected token '<'
[   22885ms] Unexpected token '<'
[   22939ms] Unexpected token '<'
[   22975ms] Unexpected token '<'
[   23042ms] Unexpected token '<'
[   23137ms] Unexpected token '<'
[   23379ms] Unexpected token '<'
[   23383ms] Unexpected token '<'
[   23396ms] Unexpected token '<'
[   23418ms] [ERROR] Failed to find a valid digest in the 'integrity' attribute for resource 'http://localhost:5050/sport_files/sport_files/sport_files/sport_files/sport_files/sport_files/sport_files/sport_files/sport_files/sport_files/v4513226cdae34746b4dedf0b4dfa099e1781791509496' with computed SHA-512 integrity 'LCq36gUlWQk+j+dlu8Qg0DMZr0H6DaIQ2lJYQV9q3rtlOPkoCIJfUOxPTdA11I66sW0recaQv5ZtvLQEj7RJuA=='. The resource has been blocked. @ http://localhost:5050/sport_files/sport_files/sport_files/sport_files/sport_files/sport_files/sport_files/sport_files/sport_files/saved_resource:0
[   23429ms] Unexpected token '<'
[   24384ms] [ERROR] Failed to find a valid digest in the 'integrity' attribute for resource 'http://localhost:5050/sport_files/sport_files/sport_files/sport_files/sport_files/sport_files/sport_files/sport_files/sport_files/sport_files/sport_files/jquery-3.5.1.min.js.download' with computed SHA-256 integrity '3Ek/bJnVu0c8MZPtKq6fgXkvR+sFEBk4WWGTfvBB8+Q='. The resource has been blocked. @ http://localhost:5050/sport_files/sport_files/sport_files/sport_files/sport_files/sport_files/sport_files/sport_files/sport_files/sport_files/saved_resource:0
[   24409ms] Unexpected token '<'
[   24772ms] Unexpected token '<'
[   24782ms] ReferenceError: $ is not defined
    at http://localhost:5050/sport_files/sport_files/sport_files/sport_files/sport_files/sport_files/sport_files/sport_files/sport_files/sport_files/saved_resource:4190:1
[   24789ms] Unexpected token '<'
[   24794ms] Unexpected token '<'
[   24810ms] Unexpected token '<'
[   24816ms] Unexpected token '<'
[   24845ms] Unexpected token '<'
[   25059ms] Unexpected token '<'
[   25077ms] Unexpected token '<'
[   25085ms] Unexpected token '<'
[   25110ms] Unexpected token '<'
[   25144ms] Unexpected token '<'
[   25586ms] Unexpected token '<'
[   25594ms] Unexpected token '<'
[   25612ms] Unexpected token '<'
[   25630ms] [ERROR] Failed to find a valid digest in the 'integrity' attribute for resource 'http://localhost:5050/sport_files/sport_files/sport_files/sport_files/sport_files/sport_files/sport_files/sport_files/sport_files/sport_files/sport_files/v4513226cdae34746b4dedf0b4dfa099e1781791509496' with computed SHA-512 integrity 'LCq36gUlWQk+j+dlu8Qg0DMZr0H6DaIQ2lJYQV9q3rtlOPkoCIJfUOxPTdA11I66sW0recaQv5ZtvLQEj7RJuA=='. The resource has been blocked. @ http://localhost:5050/sport_files/sport_files/sport_files/sport_files/sport_files/sport_files/sport_files/sport_files/sport_files/sport_files/saved_resource:0
[   25643ms] Unexpected token '<'
[   26576ms] [ERROR] Failed to find a valid digest in the 'integrity' attribute for resource 'http://localhost:5050/sport_files/sport_files/sport_files/sport_files/sport_files/sport_files/sport_files/sport_files/sport_files/sport_files/sport_files/sport_files/jquery-3.5.1.min.js.download' with computed SHA-256 integrity '3Ek/bJnVu0c8MZPtKq6fgXkvR+sFEBk4WWGTfvBB8+Q='. The resource has been blocked. @ http://localhost:5050/sport_files/sport_files/sport_files/sport_files/sport_files/sport_files/sport_files/sport_files/sport_files/sport_files/sport_files/saved_resource:0
[   26676ms] Unexpected token '<'
[   26941ms] Unexpected token '<'
[   26944ms] ReferenceError: $ is not defined
    at http://localhost:5050/sport_files/sport_files/sport_files/sport_files/sport_files/sport_files/sport_files/sport_files/sport_files/sport_files/sport_files/saved_resource:4190:1
[   27016ms] Unexpected token '<'
[   27150ms] Unexpected token '<'
[   27208ms] Unexpected token '<'
[   27234ms] Unexpected token '<'
[   27242ms] Unexpected token '<'
[   27260ms] Unexpected token '<'
[   27284ms] Unexpected token '<'
[   27400ms] Unexpected token '<'
[   27429ms] Unexpected token '<'
[   27469ms] Unexpected token '<'
[   27782ms] Unexpected token '<'
[   27796ms] Unexpected token '<'
[   27815ms] Unexpected token '<'
[   27852ms] [ERROR] Failed to find a valid digest in the 'integrity' attribute for resource 'http://localhost:5050/sport_files/sport_files/sport_files/sport_files/sport_files/sport_files/sport_files/sport_files/sport_files/sport_files/sport_files/sport_files/v4513226cdae34746b4dedf0b4dfa099e1781791509496' with computed SHA-512 integrity 'LCq36gUlWQk+j+dlu8Qg0DMZr0H6DaIQ2lJYQV9q3rtlOPkoCIJfUOxPTdA11I66sW0recaQv5ZtvLQEj7RJuA=='. The resource has been blocked. @ http://localhost:5050/sport_files/sport_files/sport_files/sport_files/sport_files/sport_files/sport_files/sport_files/sport_files/sport_files/sport_files/saved_resource:0
[   27864ms] Unexpected token '<'
[   28815ms] [ERROR] Failed to find a valid digest in the 'integrity' attribute for resource 'http://localhost:5050/sport_files/sport_files/sport_files/sport_files/sport_files/sport_files/sport_files/sport_files/sport_files/sport_files/sport_files/sport_files/sport_files/jquery-3.5.1.min.js.download' with computed SHA-256 integrity '3Ek/bJnVu0c8MZPtKq6fgXkvR+sFEBk4WWGTfvBB8+Q='. The resource has been blocked. @ http://localhost:5050/sport_files/sport_files/sport_files/sport_files/sport_files/sport_files/sport_files/sport_files/sport_files/sport_files/sport_files/sport_files/saved_resource:0
[   29068ms] Unexpected token '<'
[   29645ms] Unexpected token '<'
[   29661ms] ReferenceError: $ is not defined
    at http://localhost:5050/sport_files/sport_files/sport_files/sport_files/sport_files/sport_files/sport_files/sport_files/sport_files/sport_files/sport_files/sport_files/saved_resource:4190:1
[   29668ms] Unexpected token '<'
[   29683ms] Unexpected token '<'
[   29693ms] Unexpected token '<'
[   29712ms] Unexpected token '<'
[   29718ms] Unexpected token '<'
[   29867ms] Unexpected token '<'
[   29899ms] Unexpected token '<'
[   29914ms] Unexpected token '<'
[   30032ms] Unexpected token '<'
[   30059ms] Unexpected token '<'
[   30369ms] Unexpected token '<'
[   30419ms] Unexpected token '<'
[   30431ms] Unexpected token '<'
[   30467ms] [ERROR] Failed to find a valid digest in the 'integrity' attribute for resource 'http://localhost:5050/sport_files/sport_files/sport_files/sport_files/sport_files/sport_files/sport_files/sport_files/sport_files/sport_files/sport_files/sport_files/sport_files/v4513226cdae34746b4dedf0b4dfa099e1781791509496' with computed SHA-512 integrity 'LCq36gUlWQk+j+dlu8Qg0DMZr0H6DaIQ2lJYQV9q3rtlOPkoCIJfUOxPTdA11I66sW0recaQv5ZtvLQEj7RJuA=='. The resource has been blocked. @ http://localhost:5050/sport_files/sport_files/sport_files/sport_files/sport_files/sport_files/sport_files/sport_files/sport_files/sport_files/sport_files/sport_files/saved_resource:0
[   30475ms] Unexpected token '<'
[   31341ms] [ERROR] Failed to load resource: net::ERR_CONNECTION_RESET @ http://localhost:5050/sport_files/sport_files/sport_files/sport_files/sport_files/sport_files/sport_files/sport_files/sport_files/sport_files/sport_files/sport_files/sport_files/sport_files/color.css:0
[   31341ms] [ERROR] Failed to load resource: net::ERR_CONNECTION_RESET @ http://localhost:5050/sport_files/sport_files/sport_files/sport_files/sport_files/sport_files/sport_files/sport_files/sport_files/sport_files/sport_files/sport_files/sport_files/sport_files/animation.css:0
[   31342ms] [ERROR] Failed to load resource: net::ERR_CONNECTION_RESET @ http://localhost:5050/sport_files/sport_files/sport_files/sport_files/sport_files/sport_files/sport_files/sport_files/sport_files/sport_files/sport_files/sport_files/sport_files/sport_files/style.css:0
[   33630ms] [ERROR] Failed to load resource: net::ERR_CONNECTION_REFUSED @ http://localhost:5050/sport_files/sport_files/sport_files/sport_files/sport_files/sport_files/sport_files/sport_files/sport_files/sport_files/sport_files/sport_files/sport_files/sport_files/css2:0
[   33631ms] [ERROR] Failed to load resource: net::ERR_CONNECTION_REFUSED @ http://localhost:5050/sport_files/sport_files/sport_files/sport_files/sport_files/sport_files/sport_files/sport_files/sport_files/sport_files/sport_files/sport_files/sport_files/sport_files/point-custom.css:0
[   33631ms] [ERROR] Failed to load resource: net::ERR_CONNECTION_REFUSED @ http://localhost:5050/sport_files/sport_files/sport_files/sport_files/sport_files/sport_files/sport_files/sport_files/sport_files/sport_files/sport_files/sport_files/sport_files/sport_files/theme.css:0
[   33631ms] [ERROR] Failed to load resource: net::ERR_CONNECTION_REFUSED @ http://localhost:5050/sport_files/sport_files/sport_files/sport_files/sport_files/sport_files/sport_files/sport_files/sport_files/sport_files/sport_files/sport_files/sport_files/sport_files/custom.css:0
[   33631ms] [ERROR] Failed to load resource: net::ERR_CONNECTION_REFUSED @ http://localhost:5050/sport_files/sport_files/sport_files/sport_files/sport_files/sport_files/sport_files/sport_files/sport_files/sport_files/sport_files/sport_files/sport_files/sport_files/animation-mobile.css:0
[   33644ms] [ERROR] Failed to load resource: net::ERR_CONNECTION_REFUSED @ http://localhost:5050/sport_files/sport_files/sport_files/sport_files/sport_files/sport_files/sport_files/sport_files/sport_files/sport_files/sport_files/sport_files/sport_files/sport_files/responsive.css:0
[   35983ms] [ERROR] Failed to load resource: net::ERR_CONNECTION_REFUSED @ http://localhost:5050/sport_files/sport_files/sport_files/sport_files/sport_files/sport_files/sport_files/sport_files/sport_files/sport_files/sport_files/sport_files/sport_files/sport_files/main.css:0
[   35984ms] [ERROR] Failed to load resource: net::ERR_CONNECTION_REFUSED @ http://localhost:5050/sport_files/sport_files/sport_files/sport_files/sport_files/sport_files/sport_files/sport_files/sport_files/sport_files/sport_files/sport_files/sport_files/sport_files/jquery-3.5.1.min.js.download:0
[   35984ms] [ERROR] Failed to load resource: net::ERR_CONNECTION_REFUSED @ http://localhost:5050/sport_files/sport_files/sport_files/sport_files/sport_files/sport_files/sport_files/sport_files/sport_files/sport_files/sport_files/sport_files/sport_files/sport_files/loader3.gif:0
[   35984ms] [ERROR] Failed to load resource: net::ERR_CONNECTION_REFUSED @ http://localhost:5050/sport_files/sport_files/sport_files/sport_files/sport_files/sport_files/sport_files/sport_files/sport_files/sport_files/sport_files/sport_files/sport_files/sport_files/logo.png:0
[   35984ms] [ERROR] Failed to load resource: net::ERR_CONNECTION_REFUSED @ http://localhost:5050/sport_files/sport_files/sport_files/sport_files/sport_files/sport_files/sport_files/sport_files/sport_files/sport_files/sport_files/sport_files/sport_files/sport_files/lottie_svg.min.js.download:0
[   35984ms] [ERROR] Failed to load resource: net::ERR_CONNECTION_REFUSED @ http://localhost:5050/sport_files/sport_files/sport_files/sport_files/sport_files/sport_files/sport_files/sport_files/sport_files/sport_files/sport_files/sport_files/sport_files/sport_files/v4513226cdae34746b4dedf0b4dfa099e1781791509496:0
[   38346ms] [ERROR] Failed to load resource: net::ERR_CONNECTION_REFUSED @ http://localhost:5050/sport_files/sport_files/sport_files/sport_files/sport_files/sport_files/sport_files/sport_files/sport_files/sport_files/sport_files/sport_files/sport_files/sport_files/search.svg:0
[   38347ms] [ERROR] Failed to load resource: net::ERR_CONNECTION_REFUSED @ http://localhost:5050/sport_files/sport_files/sport_files/sport_files/sport_files/sport_files/sport_files/sport_files/sport_files/sport_files/sport_files/sport_files/sport_files/sport_files/sweetalert2@11:0
[   38347ms] [ERROR] Failed to load resource: net::ERR_CONNECTION_REFUSED @ http://localhost:5050/sport_files/sport_files/sport_files/sport_files/sport_files/sport_files/sport_files/sport_files/sport_files/sport_files/sport_files/sport_files/sport_files/sport_files/sdk.min.js.download:0
[   38347ms] [ERROR] Failed to load resource: net::ERR_CONNECTION_REFUSED @ http://localhost:5050/sport_files/sport_files/sport_files/sport_files/sport_files/sport_files/sport_files/sport_files/sport_files/sport_files/sport_files/sport_files/sport_files/sport_files/manifest.js.download:0
[   38347ms] [ERROR] Failed to load resource: net::ERR_CONNECTION_REFUSED @ http://localhost:5050/sport_files/sport_files/sport_files/sport_files/sport_files/sport_files/sport_files/sport_files/sport_files/sport_files/sport_files/sport_files/sport_files/sport_files/dev.js.download:0
[   38347ms] [ERROR] Failed to load resource: net::ERR_CONNECTION_REFUSED @ http://localhost:5050/sport_files/sport_files/sport_files/sport_files/sport_files/sport_files/sport_files/sport_files/sport_files/sport_files/sport_files/sport_files/sport_files/sport_files/vendor1.js.download:0
[   38349ms] ReferenceError: $ is not defined
    at http://localhost:5050/sport_files/sport_files/sport_files/sport_files/sport_files/sport_files/sport_files/sport_files/sport_files/sport_files/sport_files/sport_files/sport_files/saved_resource:4190:1
[   40693ms] [ERROR] Failed to load resource: net::ERR_CONNECTION_REFUSED @ http://localhost:5050/sport_files/sport_files/sport_files/sport_files/sport_files/sport_files/sport_files/sport_files/sport_files/sport_files/sport_files/sport_files/sport_files/sport_files/vendor2.js.download:0
[   40693ms] [ERROR] Failed to load resource: net::ERR_CONNECTION_REFUSED @ http://localhost:5050/sport_files/sport_files/sport_files/sport_files/sport_files/sport_files/sport_files/sport_files/sport_files/sport_files/sport_files/sport_files/sport_files/sport_files/vendor3.js.download:0
[   40693ms] [ERROR] Failed to load resource: net::ERR_CONNECTION_REFUSED @ http://localhost:5050/sport_files/sport_files/sport_files/sport_files/sport_files/sport_files/sport_files/sport_files/sport_files/sport_files/sport_files/sport_files/sport_files/sport_files/vendor4.js.download:0
[   40693ms] [ERROR] Failed to load resource: net::ERR_CONNECTION_REFUSED @ http://localhost:5050/sport_files/sport_files/sport_files/sport_files/sport_files/sport_files/sport_files/sport_files/sport_files/sport_files/sport_files/sport_files/sport_files/sport_files/vendor5.js.download:0
[   40693ms] [ERROR] Failed to load resource: net::ERR_CONNECTION_REFUSED @ http://localhost:5050/sport_files/sport_files/sport_files/sport_files/sport_files/sport_files/sport_files/sport_files/sport_files/sport_files/sport_files/sport_files/sport_files/sport_files/vendor6.js.download:0
[   40693ms] [ERROR] Failed to load resource: net::ERR_CONNECTION_REFUSED @ http://localhost:5050/sport_files/sport_files/sport_files/sport_files/sport_files/sport_files/sport_files/sport_files/sport_files/sport_files/sport_files/sport_files/sport_files/sport_files/vendor.js.download:0
[   43044ms] [ERROR] Failed to load resource: net::ERR_CONNECTION_REFUSED @ http://localhost:5050/sport_files/sport_files/sport_files/sport_files/sport_files/sport_files/sport_files/sport_files/sport_files/sport_files/sport_files/sport_files/sport_files/sport_files/typed.min.js.download:0
[   43046ms] [ERROR] Failed to load resource: net::ERR_CONNECTION_REFUSED @ http://localhost:5050/sport_files/sport_files/sport_files/sport_files/sport_files/sport_files/sport_files/sport_files/sport_files/sport_files/sport_files/sport_files/sport_files/sport_files/custom.js.download:0
[   43046ms] [ERROR] Failed to load resource: net::ERR_CONNECTION_REFUSED @ http://localhost:5050/sport_files/sport_files/sport_files/sport_files/sport_files/sport_files/sport_files/sport_files/sport_files/sport_files/sport_files/sport_files/telegram.png:0
[   43046ms] [ERROR] Failed to load resource: net::ERR_CONNECTION_REFUSED @ http://localhost:5050/sport_files/sport_files/sport_files/sport_files/sport_files/sport_files/sport_files/sport_files/sport_files/sport_files/sport_files/sport_files/twitter.png:0
[   43046ms] [ERROR] Failed to load resource: net::ERR_CONNECTION_REFUSED @ http://localhost:5050/sport_files/sport_files/sport_files/sport_files/sport_files/sport_files/sport_files/sport_files/sport_files/sport_files/sport_files/sport_files/sport_files/sport_files/sw.js.download:0
[   43047ms] [ERROR] Failed to load resource: net::ERR_CONNECTION_REFUSED @ http://localhost:5050/sport_files/sport_files/sport_files/sport_files/sport_files/sport_files/sport_files/sport_files/sport_files/sport_files/sport_files/sport_files/sport_files/navbar-inject.js:0
[   45398ms] [ERROR] Failed to load resource: net::ERR_CONNECTION_REFUSED @ http://localhost:5050/sport_files/sport_files/sport_files/sport_files/sport_files/sport_files/sport_files/sport_files/sport_files/sport_files/sport_files/sport_files/ssl.png:0
[   45398ms] [ERROR] Failed to load resource: net::ERR_CONNECTION_REFUSED @ http://localhost:5050/sport_files/sport_files/sport_files/sport_files/sport_files/sport_files/sport_files/sport_files/sport_files/sport_files/sport_files/sport_files/18plus.png:0
[   45398ms] [ERROR] Failed to load resource: net::ERR_CONNECTION_REFUSED @ http://localhost:5050/sport_files/sport_files/sport_files/sport_files/sport_files/sidebanners/1786268932607.png:0
[   45398ms] [ERROR] Failed to load resource: net::ERR_CONNECTION_REFUSED @ http://localhost:5050/sport_files/sport_files/sport_files/sport_files/sport_files/sidebanners/1778281410174.jpg:0
[   45398ms] [ERROR] Failed to load resource: net::ERR_CONNECTION_REFUSED @ http://localhost:5050/sport_files/sport_files/sport_files/sport_files/sport_files/sidebanners/1786895079723.png:0
[   47761ms] [ERROR] Failed to load resource: net::ERR_CONNECTION_REFUSED @ http://localhost:5050/sport_files/sport_files/sport_files/sport_files/sport_files/sidebanners/1786956861063.png:0
[   47761ms] [ERROR] Failed to load resource: net::ERR_CONNECTION_REFUSED @ http://localhost:5050/sport_files/sport_files/sport_files/sport_files/sport_files/sidebanners/1786895164801.png:0
[   47761ms] [ERROR] Failed to load resource: net::ERR_CONNECTION_REFUSED @ http://localhost:5050/sport_files/sport_files/sport_files/sport_files/sport_files/sidebanners/1786955165631.png:0
[   47761ms] [ERROR] Failed to load resource: net::ERR_CONNECTION_REFUSED @ http://localhost:5050/sport_files/sport_files/sport_files/sport_files/sport_files/sidebanners/1784278232340.png:0
[   47761ms] [ERROR] Failed to load resource: net::ERR_CONNECTION_REFUSED @ http://localhost:5050/sport_files/sport_files/sport_files/sport_files/sport_files/sidebanners/1786955295865.png:0
[   47761ms] [ERROR] Failed to load resource: net::ERR_CONNECTION_REFUSED @ http://localhost:5050/sport_files/sport_files/sport_files/sport_files/sport_files/sidebanners/1778281651447.jpg:0
[   50114ms] [ERROR] Failed to load resource: net::ERR_CONNECTION_REFUSED @ http://localhost:5050/sport_files/sport_files/sport_files/sport_files/sport_files/sidebanners/1778281818727.jpg:0
[   50114ms] [ERROR] Failed to load resource: net::ERR_CONNECTION_REFUSED @ http://localhost:5050/sport_files/sport_files/sport_files/sport_files/sport_files/sidebanners/1786954620167.png:0
[   50114ms] [ERROR] Failed to load resource: net::ERR_CONNECTION_REFUSED @ http://localhost:5050/sport_files/sport_files/sport_files/sport_files/sport_files/sidebanners/1786954661225.png:0
[   50114ms] [ERROR] Failed to load resource: net::ERR_CONNECTION_REFUSED @ http://localhost:5050/sport_files/sport_files/sport_files/sport_files/sport_files/sidebanners/1786954681257.png:0
[   50114ms] [ERROR] Failed to load resource: net::ERR_CONNECTION_REFUSED @ http://localhost:5050/sport_files/sport_files/sport_files/sport_files/sport_files/sidebanners/1786956817268.png:0
[   50114ms] [ERROR] Failed to load resource: net::ERR_CONNECTION_REFUSED @ http://localhost:5050/sport_files/sport_files/sport_files/sport_files/sport_files/sidebanners/1786956834836.png:0
[   52466ms] [ERROR] Failed to load resource: net::ERR_CONNECTION_REFUSED @ http://localhost:5050/sport_files/sport_files/sport_files/sport_files/sport_files/sidebanners/1786956880596.png:0
[   52467ms] [ERROR] Failed to load resource: net::ERR_CONNECTION_REFUSED @ http://localhost:5050/sport_files/sport_files/sport_files/sport_files/sport_files/sidebanners/1785664485511.webp:0
[   52467ms] [ERROR] Failed to load resource: net::ERR_CONNECTION_REFUSED @ http://localhost:5050/sport_files/sport_files/sport_files/sport_files/sport_files/sidebanners/1786955062370.png:0
[   52467ms] [ERROR] Failed to load resource: net::ERR_CONNECTION_REFUSED @ http://localhost:5050/sport_files/sport_files/sport_files/sport_files/sport_files/sport_files/banners/1787553144555.webp:0
[   52467ms] [ERROR] Failed to load resource: net::ERR_CONNECTION_REFUSED @ http://localhost:5050/sport_files/sport_files/sport_files/sport_files/sport_files/sport_files/banners/1787599619974.webp:0
[   52467ms] [ERROR] Failed to load resource: net::ERR_CONNECTION_REFUSED @ http://localhost:5050/sport_files/sport_files/sport_files/sport_files/sport_files/sport_files/banners/1787599192985.webp:0
[   54827ms] [ERROR] Failed to load resource: net::ERR_CONNECTION_REFUSED @ http://localhost:5050/sport_files/sport_files/sport_files/sport_files/sport_files/sport_files/banners/1787635044676.webp:0
[   54827ms] [ERROR] Failed to load resource: net::ERR_CONNECTION_REFUSED @ http://localhost:5050/sport_files/sport_files/sport_files/sport_files/sport_files/sport_files/sidebanners/1786268892004.png:0
[   54828ms] [ERROR] Failed to load resource: net::ERR_CONNECTION_REFUSED @ http://localhost:5050/sport_files/sport_files/sport_files/sport_files/sport_files/sport_files/sidebanners/1786956798302.png:0
[   54828ms] [ERROR] Failed to load resource: net::ERR_CONNECTION_REFUSED @ http://localhost:5050/sport_files/sport_files/sport_files/sport_files/sport_files/sport_files/sidebanners/1786268932607.png:0
[   54828ms] [ERROR] Failed to load resource: net::ERR_CONNECTION_REFUSED @ http://localhost:5050/sport_files/sport_files/sport_files/sport_files/sport_files/sport_files/sidebanners/1778281410174.jpg:0
[   54828ms] [ERROR] Failed to load resource: net::ERR_CONNECTION_REFUSED @ http://localhost:5050/cdn-cgi/challenge-platform/scripts/jsd/main.js:0
[   57179ms] [ERROR] Failed to load resource: net::ERR_CONNECTION_REFUSED @ http://localhost:5050/sport_files/sport_files/sport_files/sport_files/sport_files/sport_files/sidebanners/1786895079723.png:0
[   57180ms] [ERROR] Failed to load resource: net::ERR_CONNECTION_REFUSED @ http://localhost:5050/sport_files/sport_files/sport_files/sport_files/sport_files/sport_files/sidebanners/1786956861063.png:0
[   57180ms] [ERROR] Failed to load resource: net::ERR_CONNECTION_REFUSED @ http://localhost:5050/sport_files/sport_files/sport_files/sport_files/sport_files/sport_files/sidebanners/1786895164801.png:0
[   57180ms] [ERROR] Failed to load resource: net::ERR_CONNECTION_REFUSED @ http://localhost:5050/sport_files/sport_files/sport_files/sport_files/sport_files/sport_files/sidebanners/1786955165631.png:0
[   57195ms] [ERROR] Failed to load resource: net::ERR_CONNECTION_REFUSED @ http://localhost:5050/sport_files/sport_files/sport_files/sport_files/sport_files/sport_files/sidebanners/1784278232340.png:0
[   57195ms] [ERROR] Failed to load resource: net::ERR_CONNECTION_REFUSED @ http://localhost:5050/sport_files/sport_files/sport_files/sport_files/sport_files/sport_files/sidebanners/1786955295865.png:0
[   59528ms] [ERROR] Failed to load resource: net::ERR_CONNECTION_REFUSED @ http://localhost:5050/sport_files/sport_files/sport_files/sport_files/sport_files/sport_files/sidebanners/1778281651447.jpg:0
[   59529ms] [ERROR] Failed to load resource: net::ERR_CONNECTION_REFUSED @ http://localhost:5050/sport_files/sport_files/sport_files/sport_files/sport_files/sport_files/sidebanners/1778281818727.jpg:0
[   59529ms] [ERROR] Failed to load resource: net::ERR_CONNECTION_REFUSED @ http://localhost:5050/sport_files/sport_files/sport_files/sport_files/sport_files/sport_files/sidebanners/1786954620167.png:0
[   59529ms] [ERROR] Failed to load resource: net::ERR_CONNECTION_REFUSED @ http://localhost:5050/sport_files/sport_files/sport_files/sport_files/sport_files/sport_files/sidebanners/1786954661225.png:0
[   59543ms] [ERROR] Failed to load resource: net::ERR_CONNECTION_REFUSED @ http://localhost:5050/sport_files/sport_files/sport_files/sport_files/sport_files/sport_files/sidebanners/1786954681257.png:0
[   59543ms] [ERROR] Failed to load resource: net::ERR_CONNECTION_REFUSED @ http://localhost:5050/sport_files/sport_files/sport_files/sport_files/sport_files/sport_files/sidebanners/1786956817268.png:0
[   61869ms] [ERROR] Failed to load resource: net::ERR_CONNECTION_REFUSED @ http://localhost:5050/sport_files/sport_files/sport_files/sport_files/sport_files/sport_files/sidebanners/1786956834836.png:0
[   61869ms] [ERROR] Failed to load resource: net::ERR_CONNECTION_REFUSED @ http://localhost:5050/sport_files/sport_files/sport_files/sport_files/sport_files/sport_files/sidebanners/1786956880596.png:0
[   61869ms] [ERROR] Failed to load resource: net::ERR_CONNECTION_REFUSED @ http://localhost:5050/sport_files/sport_files/sport_files/sport_files/sport_files/sport_files/sidebanners/1785664485511.webp:0
[   61884ms] [ERROR] Failed to load resource: net::ERR_CONNECTION_REFUSED @ http://localhost:5050/sport_files/sport_files/sport_files/sport_files/sport_files/sport_files/sidebanners/1786955062370.png:0
[   61885ms] [ERROR] Failed to load resource: net::ERR_CONNECTION_REFUSED @ http://localhost:5050/sport_files/sport_files/sport_files/sport_files/sport_files/sport_files/sport_files/logo.png:0
[   61885ms] [ERROR] Failed to load resource: net::ERR_CONNECTION_REFUSED @ http://localhost:5050/sport_files/sport_files/sport_files/sport_files/sport_files/sport_files/sport_files/banners/1787598384490.webp:0
[   64208ms] [ERROR] Failed to load resource: net::ERR_CONNECTION_REFUSED @ http://localhost:5050/sport_files/sport_files/sport_files/sport_files/sport_files/sport_files/sport_files/sport_files/sport_files/sport_files/sport_files/gamecare.png:0
[   64229ms] [ERROR] Failed to load resource: net::ERR_CONNECTION_REFUSED @ http://localhost:5050/sport_files/sport_files/sport_files/sport_files/sport_files/sport_files/sport_files/sport_files/sport_files/sport_files/sport_files/gt.png:0
[   64229ms] [ERROR] Failed to load resource: net::ERR_CONNECTION_REFUSED @ http://localhost:5050/sport_files/sport_files/sport_files/sport_files/sport_files/sport_files/sport_files/sport_files/sport_files/sport_files/sport_files/gamble-aware.svg:0
[   64238ms] [ERROR] Failed to load resource: net::ERR_CONNECTION_REFUSED @ http://localhost:5050/sport_files/sport_files/sport_files/sport_files/sport_files/sport_files/sport_files/banners/1787628463829.webp:0
[   64238ms] [ERROR] Failed to load resource: net::ERR_CONNECTION_REFUSED @ http://localhost:5050/sport_files/sport_files/sport_files/sport_files/sport_files/sport_files/sport_files/sport_files/sport_files/sport_files/sport_files/game-stop.png:0
[   64238ms] [ERROR] Failed to load resource: net::ERR_CONNECTION_REFUSED @ http://localhost:5050/sport_files/sport_files/sport_files/sport_files/sport_files/sport_files/sport_files/sport_files/sport_files/sport_files/sport_files/1786268892004.png:0
[   66559ms] [ERROR] Failed to load resource: net::ERR_CONNECTION_REFUSED @ http://localhost:5050/sport_files/sport_files/sport_files/sport_files/sport_files/sport_files/sport_files/sport_files/sport_files/sport_files/sport_files/1786956798302.png:0
[   66572ms] [ERROR] Failed to load resource: net::ERR_CONNECTION_REFUSED @ http://localhost:5050/sport_files/sport_files/sport_files/sport_files/sport_files/sport_files/sport_files/banners/1787598250897.webp:0
[   66581ms] [ERROR] Failed to load resource: net::ERR_CONNECTION_REFUSED @ http://localhost:5050/sport_files/sport_files/sport_files/sport_files/sport_files/sport_files/sport_files/sport_files/1786954661225.png:0
[   66588ms] [ERROR] Failed to load resource: net::ERR_CONNECTION_REFUSED @ http://localhost:5050/sport_files/sport_files/sport_files/sport_files/sport_files/sport_files/sport_files/banners/1787428510867.webp:0
[   66588ms] [ERROR] Failed to load resource: net::ERR_CONNECTION_REFUSED @ http://localhost:5050/sport_files/sport_files/sport_files/sport_files/sport_files/sport_files/sport_files/sport_files/sport_files/sport_files/sport_files/sport_files/sport_files/speaker.svg:0
[   66588ms] [ERROR] Failed to load resource: net::ERR_CONNECTION_REFUSED @ http://localhost:5050/sport_files/sport_files/sport_files/sport_files/sport_files/sport_files/sport_files/sport_files/sport_files/sport_files/sport_files/sport_files/sport_files/arrow-down.svg:0
[   68921ms] [ERROR] Failed to load resource: net::ERR_CONNECTION_REFUSED @ http://localhost:5050/sport_files/sport_files/sport_files/sport_files/sport_files/sport_files/sport_files/sport_files/sport_files/sport_files/1786268932607.png:0
[   68930ms] [ERROR] Failed to load resource: net::ERR_CONNECTION_REFUSED @ http://localhost:5050/sport_files/sport_files/sport_files/sport_files/sport_files/sport_files/sport_files/sport_files/1786954681257.png:0
[   68930ms] [ERROR] Failed to load resource: net::ERR_CONNECTION_REFUSED @ http://localhost:5050/sport_files/sport_files/sport_files/sport_files/sport_files/sport_files/sport_files/sport_files/sport_files/sport_files/sport_files/sport_files/sport_files/telegram.png:0
[   68951ms] [ERROR] Failed to load resource: net::ERR_CONNECTION_REFUSED @ http://localhost:5050/sport_files/sport_files/sport_files/sport_files/sport_files/sport_files/sport_files/sport_files/sport_files/sport_files/sport_files/sport_files/sport_files/twitter.png:0
[   68951ms] [ERROR] Failed to load resource: net::ERR_CONNECTION_REFUSED @ http://localhost:5050/sport_files/sport_files/sport_files/sport_files/sport_files/sport_files/sport_files/sport_files/sport_files/sport_files/sport_files/sport_files/sport_files/ssl.png:0
[   68952ms] [ERROR] Failed to load resource: net::ERR_CONNECTION_REFUSED @ http://localhost:5050/sport_files/sport_files/sport_files/sport_files/sport_files/sport_files/sport_files/sport_files/sport_files/sport_files/1778281410174.jpg:0
[   71261ms] [ERROR] Failed to load resource: net::ERR_CONNECTION_REFUSED @ http://localhost:5050/sport_files/sport_files/sport_files/sport_files/sport_files/sport_files/sport_files/sport_files/sport_files/sport_files/sport_files/sport_files/sport_files/18plus.png:0
[   71261ms] [ERROR] Failed to load resource: net::ERR_CONNECTION_REFUSED @ http://localhost:5050/sport_files/sport_files/sport_files/sport_files/sport_files/sport_files/sport_files/sport_files/sport_files/sport_files/1786895079723.png:0
[   71261ms] [ERROR] Failed to load resource: net::ERR_CONNECTION_REFUSED @ http://localhost:5050/sport_files/sport_files/sport_files/sport_files/sport_files/sport_files/sport_files/sport_files/sport_files/sport_files/1786956861063.png:0
[   71289ms] [ERROR] Failed to load resource: net::ERR_CONNECTION_REFUSED @ http://localhost:5050/sport_files/sport_files/sport_files/sport_files/sport_files/sport_files/sport_files/sport_files/sport_files/sport_files/1786895164801.png:0
[   71297ms] [ERROR] Failed to load resource: net::ERR_CONNECTION_REFUSED @ http://localhost:5050/sport_files/sport_files/sport_files/sport_files/sport_files/sport_files/sport_files/sport_files/sport_files/sport_files/1786955165631.png:0
[   71298ms] [ERROR] Failed to load resource: net::ERR_CONNECTION_REFUSED @ http://localhost:5050/sport_files/sport_files/sport_files/sport_files/sport_files/sport_files/sport_files/sport_files/1786955062370.png:0
[   73602ms] [ERROR] Failed to load resource: net::ERR_CONNECTION_REFUSED @ http://localhost:5050/sport_files/sport_files/sport_files/sport_files/sport_files/sport_files/sport_files/sport_files/1786956817268.png:0
[   73614ms] [ERROR] Failed to load resource: net::ERR_CONNECTION_REFUSED @ http://localhost:5050/sport_files/sport_files/sport_files/sport_files/sport_files/sport_files/sport_files/banners/1787513921448.webp:0
[   73614ms] [ERROR] Failed to load resource: net::ERR_CONNECTION_REFUSED @ http://localhost:5050/sport_files/sport_files/sport_files/sport_files/sport_files/sport_files/sport_files/banners/1787553144555.webp:0
[   73646ms] [ERROR] Failed to load resource: net::ERR_CONNECTION_REFUSED @ http://localhost:5050/sport_files/sport_files/sport_files/sport_files/sport_files/sport_files/sport_files/banners/1787599619974.webp:0
[   73661ms] [ERROR] Failed to load resource: net::ERR_CONNECTION_REFUSED @ http://localhost:5050/sport_files/sport_files/sport_files/sport_files/sport_files/sport_files/sport_files/banners/1787599192985.webp:0
[   73661ms] [ERROR] Failed to load resource: net::ERR_CONNECTION_REFUSED @ http://localhost:5050/sport_files/sport_files/sport_files/sport_files/sport_files/sport_files/sport_files/banners/1787635044676.webp:0
[   75945ms] [ERROR] Failed to load resource: net::ERR_CONNECTION_REFUSED @ http://localhost:5050/sport_files/sport_files/sport_files/sport_files/sport_files/sport_files/sport_files/sidebanners/1786268892004.png:0
[   75961ms] [ERROR] Failed to load resource: net::ERR_CONNECTION_REFUSED @ http://localhost:5050/sport_files/sport_files/sport_files/sport_files/sport_files/sport_files/sport_files/sidebanners/1786956798302.png:0
[   75978ms] [ERROR] Failed to load resource: net::ERR_CONNECTION_REFUSED @ http://localhost:5050/sport_files/sport_files/sport_files/sport_files/sport_files/sport_files/sport_files/sidebanners/1786268932607.png:0
[   75994ms] [ERROR] Failed to load resource: net::ERR_CONNECTION_REFUSED @ http://localhost:5050/sport_files/sport_files/sport_files/sport_files/sport_files/sport_files/sport_files/sidebanners/1778281410174.jpg:0
[   76027ms] [ERROR] Failed to load resource: net::ERR_CONNECTION_REFUSED @ http://localhost:5050/sport_files/sport_files/sport_files/sport_files/sport_files/sport_files/sport_files/sidebanners/1786895079723.png:0
[   76027ms] [ERROR] Failed to load resource: net::ERR_CONNECTION_REFUSED @ http://localhost:5050/sport_files/sport_files/sport_files/sport_files/sport_files/sport_files/sport_files/sidebanners/1786956861063.png:0
[   78287ms] [ERROR] Failed to load resource: net::ERR_CONNECTION_REFUSED @ http://localhost:5050/sport_files/sport_files/sport_files/sport_files/sport_files/sport_files/sport_files/sidebanners/1786895164801.png:0
[   78318ms] [ERROR] Failed to load resource: net::ERR_CONNECTION_REFUSED @ http://localhost:5050/sport_files/sport_files/sport_files/sport_files/sport_files/sport_files/sport_files/sidebanners/1786955165631.png:0
[   78318ms] [ERROR] Failed to load resource: net::ERR_CONNECTION_REFUSED @ http://localhost:5050/sport_files/sport_files/sport_files/sport_files/sport_files/sport_files/sport_files/sidebanners/1784278232340.png:0
[   78348ms] [ERROR] Failed to load resource: net::ERR_CONNECTION_REFUSED @ http://localhost:5050/sport_files/sport_files/sport_files/sport_files/sport_files/sport_files/sport_files/sidebanners/1786955295865.png:0
[   78378ms] [ERROR] Failed to load resource: net::ERR_CONNECTION_REFUSED @ http://localhost:5050/sport_files/sport_files/sport_files/sport_files/sport_files/sport_files/sport_files/sidebanners/1778281651447.jpg:0
[   78380ms] [ERROR] Failed to load resource: net::ERR_CONNECTION_REFUSED @ http://localhost:5050/sport_files/sport_files/sport_files/sport_files/sport_files/sport_files/sport_files/sidebanners/1778281818727.jpg:0
[   80643ms] [ERROR] Failed to load resource: net::ERR_CONNECTION_REFUSED @ http://localhost:5050/sport_files/sport_files/sport_files/sport_files/sport_files/sport_files/sport_files/sidebanners/1786954620167.png:0
[   80676ms] [ERROR] Failed to load resource: net::ERR_CONNECTION_REFUSED @ http://localhost:5050/sport_files/sport_files/sport_files/sport_files/sport_files/sport_files/sport_files/sidebanners/1786954661225.png:0
[   80676ms] [ERROR] Failed to load resource: net::ERR_CONNECTION_REFUSED @ http://localhost:5050/sport_files/sport_files/sport_files/sport_files/sport_files/sport_files/sport_files/sidebanners/1786954681257.png:0
[   80704ms] [ERROR] Failed to load resource: net::ERR_CONNECTION_REFUSED @ http://localhost:5050/sport_files/sport_files/sport_files/sport_files/sport_files/sport_files/sport_files/sidebanners/1786956817268.png:0
[   80735ms] [ERROR] Failed to load resource: net::ERR_CONNECTION_REFUSED @ http://localhost:5050/sport_files/sport_files/sport_files/sport_files/sport_files/sport_files/sport_files/sidebanners/1786956834836.png:0
[   80735ms] [ERROR] Failed to load resource: net::ERR_CONNECTION_REFUSED @ http://localhost:5050/sport_files/sport_files/sport_files/sport_files/sport_files/sport_files/sport_files/sidebanners/1786956880596.png:0
[   83001ms] [ERROR] Failed to load resource: net::ERR_CONNECTION_REFUSED @ http://localhost:5050/sport_files/sport_files/sport_files/sport_files/sport_files/sport_files/sport_files/sidebanners/1785664485511.webp:0
[   83032ms] [ERROR] Failed to load resource: net::ERR_CONNECTION_REFUSED @ http://localhost:5050/sport_files/sport_files/sport_files/sport_files/sport_files/sport_files/sport_files/sidebanners/1786955062370.png:0
[   83032ms] [ERROR] Failed to load resource: net::ERR_CONNECTION_REFUSED @ http://localhost:5050/sport_files/sport_files/sport_files/sport_files/sport_files/sport_files/sport_files/sport_files/sport_files/1784278232340.png:0
[   83063ms] [ERROR] Failed to load resource: net::ERR_CONNECTION_REFUSED @ http://localhost:5050/sport_files/sport_files/sport_files/sport_files/sport_files/sport_files/sport_files/sport_files/sport_files/1786955295865.png:0
[   83094ms] [ERROR] Failed to load resource: net::ERR_CONNECTION_REFUSED @ http://localhost:5050/sport_files/sport_files/sport_files/sport_files/sport_files/sport_files/sport_files/sport_files/sport_files/1778281651447.jpg:0
[   83094ms] [ERROR] Failed to load resource: net::ERR_CONNECTION_REFUSED @ http://localhost:5050/sport_files/sport_files/sport_files/sport_files/sport_files/sport_files/sport_files/sport_files/1786956834836.png:0
[   85360ms] [ERROR] Failed to load resource: net::ERR_CONNECTION_REFUSED @ http://localhost:5050/sport_files/sport_files/sport_files/sport_files/sport_files/sport_files/sport_files/sport_files/1786956880596.png:0
[   85394ms] [ERROR] Failed to load resource: net::ERR_CONNECTION_REFUSED @ http://localhost:5050/sport_files/sport_files/sport_files/sport_files/sport_files/sport_files/sport_files/sport_files/sport_files/1778281818727.jpg:0
[   85394ms] [ERROR] Failed to load resource: net::ERR_CONNECTION_REFUSED @ http://localhost:5050/sport_files/sport_files/sport_files/sport_files/sport_files/sport_files/sport_files/sport_files/sport_files/1786954620167.png:0
[   85420ms] [ERROR] Failed to load resource: net::ERR_CONNECTION_REFUSED @ http://localhost:5050/sport_files/sport_files/sport_files/sport_files/sport_files/sport_files/sport_files/sport_files/sport_files/1785664485511.webp:0
[   85452ms] [ERROR] Failed to load resource: net::ERR_CONNECTION_REFUSED @ http://localhost:5050/sport_files/sport_files/sport_files/sport_files/sport_files/sport_files/sport_files/sport_files/sport_files/sport_files/sport_files/sport_files/gamecare.png:0
[   85452ms] [ERROR] Failed to load resource: net::ERR_CONNECTION_REFUSED @ http://localhost:5050/sport_files/sport_files/sport_files/sport_files/sport_files/sport_files/sport_files/sport_files/sport_files/sport_files/sport_files/sport_files/gt.png:0
[   87721ms] [ERROR] Failed to load resource: net::ERR_CONNECTION_REFUSED @ http://localhost:5050/sport_files/sport_files/sport_files/sport_files/sport_files/sport_files/sport_files/sport_files/logo.png:0
[   87751ms] [ERROR] Failed to load resource: net::ERR_CONNECTION_REFUSED @ http://localhost:5050/sport_files/sport_files/sport_files/sport_files/sport_files/sport_files/sport_files/sport_files/search.svg:0
[   87753ms] [ERROR] Failed to load resource: net::ERR_CONNECTION_REFUSED @ http://localhost:5050/sport_files/sport_files/sport_files/sport_files/sport_files/sport_files/sport_files/sport_files/banners/1787598384490.webp:0
[   87782ms] [ERROR] Failed to load resource: net::ERR_CONNECTION_REFUSED @ http://localhost:5050/sport_files/sport_files/sport_files/sport_files/sport_files/sport_files/sport_files/sport_files/banners/1787628463829.webp:0
[   87798ms] [ERROR] Failed to load resource: net::ERR_CONNECTION_REFUSED @ http://localhost:5050/sport_files/sport_files/sport_files/sport_files/sport_files/sport_files/sport_files/sport_files/banners/1787598250897.webp:0
[   87813ms] [ERROR] Failed to load resource: net::ERR_CONNECTION_REFUSED @ http://localhost:5050/sport_files/sport_files/sport_files/sport_files/sport_files/sport_files/sport_files/sport_files/banners/1787428510867.webp:0
[   90069ms] [ERROR] Failed to load resource: net::ERR_CONNECTION_REFUSED @ http://localhost:5050/sport_files/sport_files/sport_files/sport_files/sport_files/sport_files/sport_files/sport_files/banners/1787513921448.webp:0
[   90085ms] [ERROR] Failed to load resource: net::ERR_CONNECTION_REFUSED @ http://localhost:5050/sport_files/sport_files/sport_files/sport_files/sport_files/sport_files/sport_files/sport_files/banners/1787553144555.webp:0
[   90100ms] [ERROR] Failed to load resource: net::ERR_CONNECTION_REFUSED @ http://localhost:5050/sport_files/sport_files/sport_files/sport_files/sport_files/sport_files/sport_files/sport_files/banners/1787599619974.webp:0
[   90131ms] [ERROR] Failed to load resource: net::ERR_CONNECTION_REFUSED @ http://localhost:5050/sport_files/sport_files/sport_files/sport_files/sport_files/sport_files/sport_files/sport_files/banners/1787599192985.webp:0
[   90146ms] [ERROR] Failed to load resource: net::ERR_CONNECTION_REFUSED @ http://localhost:5050/sport_files/sport_files/sport_files/sport_files/sport_files/sport_files/sport_files/sport_files/banners/1787635044676.webp:0
[   90162ms] [ERROR] Failed to load resource: net::ERR_CONNECTION_REFUSED @ http://localhost:5050/sport_files/sport_files/sport_files/sport_files/sport_files/sport_files/sport_files/sport_files/sidebanners/1786268892004.png:0
[   92428ms] [ERROR] Failed to load resource: net::ERR_CONNECTION_REFUSED @ http://localhost:5050/sport_files/sport_files/sport_files/sport_files/sport_files/sport_files/sport_files/sport_files/sidebanners/1786956798302.png:0
[   92443ms] [ERROR] Failed to load resource: net::ERR_CONNECTION_REFUSED @ http://localhost:5050/sport_files/sport_files/sport_files/sport_files/sport_files/sport_files/sport_files/sport_files/sidebanners/1786268932607.png:0
[   92461ms] [ERROR] Failed to load resource: net::ERR_CONNECTION_REFUSED @ http://localhost:5050/sport_files/sport_files/sport_files/sport_files/sport_files/sport_files/sport_files/sport_files/sidebanners/1778281410174.jpg:0
[   92494ms] [ERROR] Failed to load resource: net::ERR_CONNECTION_REFUSED @ http://localhost:5050/sport_files/sport_files/sport_files/sport_files/sport_files/sport_files/sport_files/sport_files/sidebanners/1786895079723.png:0
[   92511ms] [ERROR] Failed to load resource: net::ERR_CONNECTION_REFUSED @ http://localhost:5050/sport_files/sport_files/sport_files/sport_files/sport_files/sport_files/sport_files/sport_files/sidebanners/1786956861063.png:0
[   92522ms] [ERROR] Failed to load resource: net::ERR_CONNECTION_REFUSED @ http://localhost:5050/sport_files/sport_files/sport_files/sport_files/sport_files/sport_files/sport_files/sport_files/sidebanners/1786895164801.png:0
[   94794ms] [ERROR] Failed to load resource: net::ERR_CONNECTION_REFUSED @ http://localhost:5050/sport_files/sport_files/sport_files/sport_files/sport_files/sport_files/sport_files/sport_files/sidebanners/1786955165631.png:0
[   94794ms] [ERROR] Failed to load resource: net::ERR_CONNECTION_REFUSED @ http://localhost:5050/sport_files/sport_files/sport_files/sport_files/sport_files/sport_files/sport_files/sport_files/sidebanners/1784278232340.png:0
[   94828ms] [ERROR] Failed to load resource: net::ERR_CONNECTION_REFUSED @ http://localhost:5050/sport_files/sport_files/sport_files/sport_files/sport_files/sport_files/sport_files/sport_files/sidebanners/1786955295865.png:0
[   94854ms] [ERROR] Failed to load resource: net::ERR_CONNECTION_REFUSED @ http://localhost:5050/sport_files/sport_files/sport_files/sport_files/sport_files/sport_files/sport_files/sport_files/sidebanners/1778281651447.jpg:0
[   94869ms] [ERROR] Failed to load resource: net::ERR_CONNECTION_REFUSED @ http://localhost:5050/sport_files/sport_files/sport_files/sport_files/sport_files/sport_files/sport_files/sport_files/sidebanners/1778281818727.jpg:0
[   94869ms] [ERROR] Failed to load resource: net::ERR_CONNECTION_REFUSED @ http://localhost:5050/sport_files/sport_files/sport_files/sport_files/sport_files/sport_files/sport_files/sport_files/sidebanners/1786954620167.png:0
[   97145ms] [ERROR] Failed to load resource: net::ERR_CONNECTION_REFUSED @ http://localhost:5050/sport_files/sport_files/sport_files/sport_files/sport_files/sport_files/sport_files/sport_files/sidebanners/1786954661225.png:0
[   97160ms] [ERROR] Failed to load resource: net::ERR_CONNECTION_REFUSED @ http://localhost:5050/sport_files/sport_files/sport_files/sport_files/sport_files/sport_files/sport_files/sport_files/sidebanners/1786954681257.png:0
[   97186ms] [ERROR] Failed to load resource: net::ERR_CONNECTION_REFUSED @ http://localhost:5050/sport_files/sport_files/sport_files/sport_files/sport_files/sport_files/sport_files/sport_files/sidebanners/1786956817268.png:0
[   97217ms] [ERROR] Failed to load resource: net::ERR_CONNECTION_REFUSED @ http://localhost:5050/sport_files/sport_files/sport_files/sport_files/sport_files/sport_files/sport_files/sport_files/sidebanners/1786956834836.png:0
[   97217ms] [ERROR] Failed to load resource: net::ERR_CONNECTION_REFUSED @ http://localhost:5050/sport_files/sport_files/sport_files/sport_files/sport_files/sport_files/sport_files/sport_files/sidebanners/1786956880596.png:0
[   97217ms] [ERROR] Failed to load resource: net::ERR_CONNECTION_REFUSED @ http://localhost:5050/sport_files/sport_files/sport_files/sport_files/sport_files/sport_files/sport_files/sport_files/sidebanners/1785664485511.webp:0
[   99502ms] [ERROR] Failed to load resource: net::ERR_CONNECTION_REFUSED @ http://localhost:5050/sport_files/sport_files/sport_files/sport_files/sport_files/sport_files/sport_files/sport_files/sidebanners/1786955062370.png:0
[   99517ms] [ERROR] Failed to load resource: net::ERR_CONNECTION_REFUSED @ http://localhost:5050/sport_files/sport_files/sport_files/sport_files/sport_files/sport_files/sport_files/sport_files/sport_files/1786954661225.png:0
[   99548ms] [ERROR] Failed to load resource: net::ERR_CONNECTION_REFUSED @ http://localhost:5050/sport_files/sport_files/sport_files/sport_files/sport_files/sport_files/sport_files/sport_files/sport_files/1786954681257.png:0
[   99565ms] [ERROR] Failed to load resource: net::ERR_CONNECTION_REFUSED @ http://localhost:5050/sport_files/sport_files/sport_files/sport_files/sport_files/sport_files/sport_files/sport_files/sport_files/1786955062370.png:0
[   99565ms] [ERROR] Failed to load resource: net::ERR_CONNECTION_REFUSED @ http://localhost:5050/sport_files/sport_files/sport_files/sport_files/sport_files/sport_files/sport_files/sport_files/sport_files/1786956817268.png:0
[   99565ms] [ERROR] Failed to load resource: net::ERR_CONNECTION_REFUSED @ http://localhost:5050/sport_files/sport_files/sport_files/sport_files/sport_files/sport_files/sport_files/sport_files/sport_files/1786956834836.png:0
[  101869ms] [ERROR] Failed to load resource: net::ERR_CONNECTION_REFUSED @ http://localhost:5050/sport_files/sport_files/sport_files/sport_files/sport_files/sport_files/sport_files/sport_files/sport_files/1786956880596.png:0
[  101885ms] [ERROR] Failed to load resource: net::ERR_CONNECTION_REFUSED @ http://localhost:5050/sport_files/sport_files/sport_files/sport_files/sport_files/sport_files/sport_files/sport_files/sport_files/logo.png:0
[  101901ms] [ERROR] Failed to load resource: net::ERR_CONNECTION_REFUSED @ http://localhost:5050/sport_files/sport_files/sport_files/sport_files/sport_files/sport_files/sport_files/sport_files/sport_files/banners/1787598384490.webp:0
[  101901ms] [ERROR] Failed to load resource: net::ERR_CONNECTION_REFUSED @ http://localhost:5050/sport_files/sport_files/sport_files/sport_files/sport_files/sport_files/sport_files/sport_files/sport_files/banners/1787628463829.webp:0
[  101915ms] [ERROR] Failed to load resource: net::ERR_CONNECTION_REFUSED @ http://localhost:5050/sport_files/sport_files/sport_files/sport_files/sport_files/sport_files/sport_files/sport_files/sport_files/banners/1787598250897.webp:0
[  101915ms] [ERROR] Failed to load resource: net::ERR_CONNECTION_REFUSED @ http://localhost:5050/sport_files/sport_files/sport_files/sport_files/sport_files/sport_files/sport_files/sport_files/sport_files/banners/1787428510867.webp:0
[  104236ms] [ERROR] Failed to load resource: net::ERR_CONNECTION_REFUSED @ http://localhost:5050/sport_files/sport_files/sport_files/sport_files/sport_files/sport_files/sport_files/sport_files/sport_files/banners/1787513921448.webp:0
[  104251ms] [ERROR] Failed to load resource: net::ERR_CONNECTION_REFUSED @ http://localhost:5050/sport_files/sport_files/sport_files/sport_files/sport_files/sport_files/sport_files/sport_files/sport_files/banners/1787553144555.webp:0
[  104267ms] [ERROR] Failed to load resource: net::ERR_CONNECTION_REFUSED @ http://localhost:5050/sport_files/sport_files/sport_files/sport_files/sport_files/sport_files/sport_files/sport_files/sport_files/banners/1787599619974.webp:0
[  104267ms] [ERROR] Failed to load resource: net::ERR_CONNECTION_REFUSED @ http://localhost:5050/sport_files/sport_files/sport_files/sport_files/sport_files/sport_files/sport_files/sport_files/sport_files/banners/1787599192985.webp:0
[  104282ms] [ERROR] Failed to load resource: net::ERR_CONNECTION_REFUSED @ http://localhost:5050/sport_files/sport_files/sport_files/sport_files/sport_files/sport_files/sport_files/sport_files/sport_files/banners/1787635044676.webp:0
[  104283ms] [ERROR] Failed to load resource: net::ERR_CONNECTION_REFUSED @ http://localhost:5050/sport_files/sport_files/sport_files/sport_files/sport_files/sport_files/sport_files/sport_files/sport_files/sidebanners/1786268892004.png:0
[  106595ms] [ERROR] Failed to load resource: net::ERR_CONNECTION_REFUSED @ http://localhost:5050/sport_files/sport_files/sport_files/sport_files/sport_files/sport_files/sport_files/sport_files/sport_files/sidebanners/1786956798302.png:0
[  106612ms] [ERROR] Failed to load resource: net::ERR_CONNECTION_REFUSED @ http://localhost:5050/sport_files/sport_files/sport_files/sport_files/sport_files/sport_files/sport_files/sport_files/sport_files/sidebanners/1786268932607.png:0
[  106612ms] [ERROR] Failed to load resource: net::ERR_CONNECTION_REFUSED @ http://localhost:5050/sport_files/sport_files/sport_files/sport_files/sport_files/sport_files/sport_files/sport_files/sport_files/sidebanners/1778281410174.jpg:0
[  106628ms] [ERROR] Failed to load resource: net::ERR_CONNECTION_REFUSED @ http://localhost:5050/sport_files/sport_files/sport_files/sport_files/sport_files/sport_files/sport_files/sport_files/sport_files/sidebanners/1786895079723.png:0
[  106628ms] [ERROR] Failed to load resource: net::ERR_CONNECTION_REFUSED @ http://localhost:5050/sport_files/sport_files/sport_files/sport_files/sport_files/sport_files/sport_files/sport_files/sport_files/sidebanners/1786956861063.png:0
[  106628ms] [ERROR] Failed to load resource: net::ERR_CONNECTION_REFUSED @ http://localhost:5050/sport_files/sport_files/sport_files/sport_files/sport_files/sport_files/sport_files/sport_files/sport_files/sidebanners/1786895164801.png:0
[  108945ms] [ERROR] Failed to load resource: net::ERR_CONNECTION_REFUSED @ http://localhost:5050/sport_files/sport_files/sport_files/sport_files/sport_files/sport_files/sport_files/sport_files/sport_files/sidebanners/1786955165631.png:0
[  108962ms] [ERROR] Failed to load resource: net::ERR_CONNECTION_REFUSED @ http://localhost:5050/sport_files/sport_files/sport_files/sport_files/sport_files/sport_files/sport_files/sport_files/sport_files/sidebanners/1784278232340.png:0
[  108962ms] [ERROR] Failed to load resource: net::ERR_CONNECTION_REFUSED @ http://localhost:5050/sport_files/sport_files/sport_files/sport_files/sport_files/sport_files/sport_files/sport_files/sport_files/sidebanners/1786955295865.png:0
[  108962ms] [ERROR] Failed to load resource: net::ERR_CONNECTION_REFUSED @ http://localhost:5050/sport_files/sport_files/sport_files/sport_files/sport_files/sport_files/sport_files/sport_files/sport_files/sidebanners/1778281651447.jpg:0
[  108962ms] [ERROR] Failed to load resource: net::ERR_CONNECTION_REFUSED @ http://localhost:5050/sport_files/sport_files/sport_files/sport_files/sport_files/sport_files/sport_files/sport_files/sport_files/sidebanners/1778281818727.jpg:0
[  108978ms] [ERROR] Failed to load resource: net::ERR_CONNECTION_REFUSED @ http://localhost:5050/sport_files/sport_files/sport_files/sport_files/sport_files/sport_files/sport_files/sport_files/sport_files/sidebanners/1786954620167.png:0
[  111310ms] [ERROR] Failed to load resource: net::ERR_CONNECTION_REFUSED @ http://localhost:5050/sport_files/sport_files/sport_files/sport_files/sport_files/sport_files/sport_files/sport_files/sport_files/sidebanners/1786954661225.png:0
[  111311ms] [ERROR] Failed to load resource: net::ERR_CONNECTION_REFUSED @ http://localhost:5050/sport_files/sport_files/sport_files/sport_files/sport_files/sport_files/sport_files/sport_files/sport_files/sidebanners/1786954681257.png:0
[  111311ms] [ERROR] Failed to load resource: net::ERR_CONNECTION_REFUSED @ http://localhost:5050/sport_files/sport_files/sport_files/sport_files/sport_files/sport_files/sport_files/sport_files/sport_files/sidebanners/1786956817268.png:0
[  111311ms] [ERROR] Failed to load resource: net::ERR_CONNECTION_REFUSED @ http://localhost:5050/sport_files/sport_files/sport_files/sport_files/sport_files/sport_files/sport_files/sport_files/sport_files/sidebanners/1786956834836.png:0
[  111321ms] [ERROR] Failed to load resource: net::ERR_CONNECTION_REFUSED @ http://localhost:5050/sport_files/sport_files/sport_files/sport_files/sport_files/sport_files/sport_files/sport_files/sport_files/sidebanners/1786956880596.png:0
[  111336ms] [ERROR] Failed to load resource: net::ERR_CONNECTION_REFUSED @ http://localhost:5050/sport_files/sport_files/sport_files/sport_files/sport_files/sport_files/sport_files/sport_files/sport_files/sidebanners/1785664485511.webp:0
[  113643ms] [ERROR] Failed to load resource: net::ERR_CONNECTION_REFUSED @ http://localhost:5050/sport_files/sport_files/sport_files/sport_files/sport_files/sport_files/sport_files/sport_files/sport_files/sidebanners/1786955062370.png:0
[  113643ms] [ERROR] Failed to load resource: net::ERR_CONNECTION_REFUSED @ http://localhost:5050/sport_files/sport_files/sport_files/sport_files/sport_files/sport_files/sport_files/sport_files/sport_files/sport_files/1784278232340.png:0
[  113643ms] [ERROR] Failed to load resource: net::ERR_CONNECTION_REFUSED @ http://localhost:5050/sport_files/sport_files/sport_files/sport_files/sport_files/sport_files/sport_files/sport_files/sport_files/sport_files/1786955295865.png:0
[  113663ms] [ERROR] Failed to load resource: net::ERR_CONNECTION_REFUSED @ http://localhost:5050/sport_files/sport_files/sport_files/sport_files/sport_files/sport_files/sport_files/sport_files/sport_files/sport_files/1778281651447.jpg:0
[  113663ms] [ERROR] Failed to load resource: net::ERR_CONNECTION_REFUSED @ http://localhost:5050/sport_files/sport_files/sport_files/sport_files/sport_files/sport_files/sport_files/sport_files/sport_files/sport_files/1778281818727.jpg:0
[  113673ms] [ERROR] Failed to load resource: net::ERR_CONNECTION_REFUSED @ http://localhost:5050/sport_files/sport_files/sport_files/sport_files/sport_files/sport_files/sport_files/sport_files/sport_files/sport_files/1786954620167.png:0
[  116011ms] [ERROR] Failed to load resource: net::ERR_CONNECTION_REFUSED @ http://localhost:5050/sport_files/sport_files/sport_files/sport_files/sport_files/sport_files/sport_files/sport_files/sport_files/sport_files/1785664485511.webp:0
[  116011ms] [ERROR] Failed to load resource: net::ERR_CONNECTION_REFUSED @ http://localhost:5050/sport_files/sport_files/sport_files/sport_files/sport_files/sport_files/sport_files/sport_files/sport_files/sport_files/1786954661225.png:0
[  116011ms] [ERROR] Failed to load resource: net::ERR_CONNECTION_REFUSED @ http://localhost:5050/sport_files/sport_files/sport_files/sport_files/sport_files/sport_files/sport_files/sport_files/sport_files/sport_files/1786954681257.png:0
[  116022ms] [ERROR] Failed to load resource: net::ERR_CONNECTION_REFUSED @ http://localhost:5050/sport_files/sport_files/sport_files/sport_files/sport_files/sport_files/sport_files/sport_files/sport_files/sport_files/1786955062370.png:0
[  116031ms] [ERROR] Failed to load resource: net::ERR_CONNECTION_REFUSED @ http://localhost:5050/sport_files/sport_files/sport_files/sport_files/sport_files/sport_files/sport_files/sport_files/sport_files/sport_files/1786956817268.png:0
[  116031ms] [ERROR] Failed to load resource: net::ERR_CONNECTION_REFUSED @ http://localhost:5050/sport_files/sport_files/sport_files/sport_files/sport_files/sport_files/sport_files/sport_files/sport_files/sport_files/1786956834836.png:0
[  118361ms] [ERROR] Failed to load resource: net::ERR_CONNECTION_REFUSED @ http://localhost:5050/sport_files/sport_files/sport_files/sport_files/sport_files/sport_files/sport_files/sport_files/sport_files/sport_files/1786956880596.png:0
[  118361ms] [ERROR] Failed to load resource: net::ERR_CONNECTION_REFUSED @ http://localhost:5050/sport_files/sport_files/sport_files/sport_files/sport_files/sport_files/sport_files/sport_files/sport_files/sport_files/banners/1787598384490.webp:0
[  118361ms] [ERROR] Failed to load resource: net::ERR_CONNECTION_REFUSED @ http://localhost:5050/sport_files/sport_files/sport_files/sport_files/sport_files/sport_files/sport_files/sport_files/sport_files/sport_files/banners/1787628463829.webp:0
[  118379ms] [ERROR] Failed to load resource: net::ERR_CONNECTION_REFUSED @ http://localhost:5050/sport_files/sport_files/sport_files/sport_files/sport_files/sport_files/sport_files/sport_files/sport_files/sport_files/banners/1787598250897.webp:0
[  118379ms] [ERROR] Failed to load resource: net::ERR_CONNECTION_REFUSED @ http://localhost:5050/sport_files/sport_files/sport_files/sport_files/sport_files/sport_files/sport_files/sport_files/sport_files/sport_files/banners/1787428510867.webp:0
[  118379ms] [ERROR] Failed to load resource: net::ERR_CONNECTION_REFUSED @ http://localhost:5050/sport_files/sport_files/sport_files/sport_files/sport_files/sport_files/sport_files/sport_files/sport_files/sport_files/banners/1787513921448.webp:0
[  120716ms] [ERROR] Failed to load resource: net::ERR_CONNECTION_REFUSED @ http://localhost:5050/sport_files/sport_files/sport_files/sport_files/sport_files/sport_files/sport_files/sport_files/sport_files/sport_files/banners/1787553144555.webp:0
[  120716ms] [ERROR] Failed to load resource: net::ERR_CONNECTION_REFUSED @ http://localhost:5050/sport_files/sport_files/sport_files/sport_files/sport_files/sport_files/sport_files/sport_files/sport_files/sport_files/banners/1787599619974.webp:0
[  120716ms] [ERROR] Failed to load resource: net::ERR_CONNECTION_REFUSED @ http://localhost:5050/sport_files/sport_files/sport_files/sport_files/sport_files/sport_files/sport_files/sport_files/sport_files/sport_files/banners/1787599192985.webp:0
[  120732ms] [ERROR] Failed to load resource: net::ERR_CONNECTION_REFUSED @ http://localhost:5050/sport_files/sport_files/sport_files/sport_files/sport_files/sport_files/sport_files/sport_files/sport_files/sport_files/banners/1787635044676.webp:0
[  120732ms] [ERROR] Failed to load resource: net::ERR_CONNECTION_REFUSED @ http://localhost:5050/sport_files/sport_files/sport_files/sport_files/sport_files/sport_files/sport_files/sport_files/sport_files/sport_files/sidebanners/1786268892004.png:0
[  120732ms] [ERROR] Failed to load resource: net::ERR_CONNECTION_REFUSED @ http://localhost:5050/sport_files/sport_files/sport_files/sport_files/sport_files/sport_files/sport_files/sport_files/sport_files/sport_files/sidebanners/1786956798302.png:0
[  123063ms] [ERROR] Failed to load resource: net::ERR_CONNECTION_REFUSED @ http://localhost:5050/sport_files/sport_files/sport_files/sport_files/sport_files/sport_files/sport_files/sport_files/sport_files/sport_files/sidebanners/1786268932607.png:0
[  123064ms] [ERROR] Failed to load resource: net::ERR_CONNECTION_REFUSED @ http://localhost:5050/sport_files/sport_files/sport_files/sport_files/sport_files/sport_files/sport_files/sport_files/sport_files/sport_files/sidebanners/1778281410174.jpg:0
[  123064ms] [ERROR] Failed to load resource: net::ERR_CONNECTION_REFUSED @ http://localhost:5050/sport_files/sport_files/sport_files/sport_files/sport_files/sport_files/sport_files/sport_files/sport_files/sport_files/sidebanners/1786895079723.png:0
[  123093ms] [ERROR] Failed to load resource: net::ERR_CONNECTION_REFUSED @ http://localhost:5050/sport_files/sport_files/sport_files/sport_files/sport_files/sport_files/sport_files/sport_files/sport_files/sport_files/sidebanners/1786956861063.png:0
[  123094ms] [ERROR] Failed to load resource: net::ERR_CONNECTION_REFUSED @ http://localhost:5050/sport_files/sport_files/sport_files/sport_files/sport_files/sport_files/sport_files/sport_files/sport_files/sport_files/sidebanners/1786895164801.png:0
[  123094ms] [ERROR] Failed to load resource: net::ERR_CONNECTION_REFUSED @ http://localhost:5050/sport_files/sport_files/sport_files/sport_files/sport_files/sport_files/sport_files/sport_files/sport_files/sport_files/sidebanners/1786955165631.png:0
[  125402ms] [ERROR] Failed to load resource: net::ERR_CONNECTION_REFUSED @ http://localhost:5050/sport_files/sport_files/sport_files/sport_files/sport_files/sport_files/sport_files/sport_files/sport_files/sport_files/sidebanners/1784278232340.png:0
[  125402ms] [ERROR] Failed to load resource: net::ERR_CONNECTION_REFUSED @ http://localhost:5050/sport_files/sport_files/sport_files/sport_files/sport_files/sport_files/sport_files/sport_files/sport_files/sport_files/sidebanners/1786955295865.png:0
[  125411ms] [ERROR] Failed to load resource: net::ERR_CONNECTION_REFUSED @ http://localhost:5050/sport_files/sport_files/sport_files/sport_files/sport_files/sport_files/sport_files/sport_files/sport_files/sport_files/sidebanners/1778281651447.jpg:0
[  125433ms] [ERROR] Failed to load resource: net::ERR_CONNECTION_REFUSED @ http://localhost:5050/sport_files/sport_files/sport_files/sport_files/sport_files/sport_files/sport_files/sport_files/sport_files/sport_files/sidebanners/1778281818727.jpg:0
[  125433ms] [ERROR] Failed to load resource: net::ERR_CONNECTION_REFUSED @ http://localhost:5050/sport_files/sport_files/sport_files/sport_files/sport_files/sport_files/sport_files/sport_files/sport_files/sport_files/sidebanners/1786954620167.png:0
[  125439ms] [ERROR] Failed to load resource: net::ERR_CONNECTION_REFUSED @ http://localhost:5050/sport_files/sport_files/sport_files/sport_files/sport_files/sport_files/sport_files/sport_files/sport_files/sport_files/sidebanners/1786954661225.png:0
[  127760ms] [ERROR] Failed to load resource: net::ERR_CONNECTION_REFUSED @ http://localhost:5050/sport_files/sport_files/sport_files/sport_files/sport_files/sport_files/sport_files/sport_files/sport_files/sport_files/sidebanners/1786954681257.png:0
[  127761ms] [ERROR] Failed to load resource: net::ERR_CONNECTION_REFUSED @ http://localhost:5050/sport_files/sport_files/sport_files/sport_files/sport_files/sport_files/sport_files/sport_files/sport_files/sport_files/sidebanners/1786956817268.png:0
[  127761ms] [ERROR] Failed to load resource: net::ERR_CONNECTION_REFUSED @ http://localhost:5050/sport_files/sport_files/sport_files/sport_files/sport_files/sport_files/sport_files/sport_files/sport_files/sport_files/sidebanners/1786956834836.png:0
[  127794ms] [ERROR] Failed to load resource: net::ERR_CONNECTION_REFUSED @ http://localhost:5050/sport_files/sport_files/sport_files/sport_files/sport_files/sport_files/sport_files/sport_files/sport_files/sport_files/sidebanners/1786956880596.png:0
[  127794ms] [ERROR] Failed to load resource: net::ERR_CONNECTION_REFUSED @ http://localhost:5050/sport_files/sport_files/sport_files/sport_files/sport_files/sport_files/sport_files/sport_files/sport_files/sport_files/sidebanners/1785664485511.webp:0
[  127794ms] [ERROR] Failed to load resource: net::ERR_CONNECTION_REFUSED @ http://localhost:5050/sport_files/sport_files/sport_files/sport_files/sport_files/sport_files/sport_files/sport_files/sport_files/sport_files/sidebanners/1786955062370.png:0
[  130116ms] [ERROR] Failed to load resource: net::ERR_CONNECTION_REFUSED @ http://localhost:5050/sport_files/sport_files/sport_files/sport_files/sport_files/sport_files/sport_files/sport_files/sport_files/sport_files/logo.png:0
[  130116ms] [ERROR] Failed to load resource: net::ERR_CONNECTION_REFUSED @ http://localhost:5050/sport_files/sport_files/sport_files/sport_files/sport_files/sport_files/sport_files/sport_files/sport_files/sport_files/sport_files/1786268932607.png:0
[  130117ms] [ERROR] Failed to load resource: net::ERR_CONNECTION_REFUSED @ http://localhost:5050/sport_files/sport_files/sport_files/sport_files/sport_files/sport_files/sport_files/sport_files/sport_files/sport_files/sport_files/1778281410174.jpg:0
[  130163ms] [ERROR] Failed to load resource: net::ERR_CONNECTION_REFUSED @ http://localhost:5050/sport_files/sport_files/sport_files/sport_files/sport_files/sport_files/sport_files/sport_files/sport_files/sport_files/sport_files/1786895079723.png:0
[  130163ms] [ERROR] Failed to load resource: net::ERR_CONNECTION_REFUSED @ http://localhost:5050/sport_files/sport_files/sport_files/sport_files/sport_files/sport_files/sport_files/sport_files/sport_files/sport_files/sport_files/1786956861063.png:0
[  130163ms] [ERROR] Failed to load resource: net::ERR_CONNECTION_REFUSED @ http://localhost:5050/sport_files/sport_files/sport_files/sport_files/sport_files/sport_files/sport_files/sport_files/sport_files/sport_files/sport_files/1786895164801.png:0
[  132464ms] [ERROR] Failed to load resource: net::ERR_CONNECTION_REFUSED @ http://localhost:5050/sport_files/sport_files/sport_files/sport_files/sport_files/sport_files/sport_files/sport_files/sport_files/sport_files/sport_files/1786955165631.png:0
[  132464ms] [ERROR] Failed to load resource: net::ERR_CONNECTION_REFUSED @ http://localhost:5050/sport_files/sport_files/sport_files/sport_files/sport_files/sport_files/sport_files/sport_files/sport_files/sport_files/sport_files/1784278232340.png:0
[  132464ms] [ERROR] Failed to load resource: net::ERR_CONNECTION_REFUSED @ http://localhost:5050/sport_files/sport_files/sport_files/sport_files/sport_files/sport_files/sport_files/sport_files/sport_files/sport_files/sport_files/1786955295865.png:0
[  132512ms] [ERROR] Failed to load resource: net::ERR_CONNECTION_REFUSED @ http://localhost:5050/sport_files/sport_files/sport_files/sport_files/sport_files/sport_files/sport_files/sport_files/sport_files/sport_files/sport_files/1778281651447.jpg:0
[  132512ms] [ERROR] Failed to load resource: net::ERR_CONNECTION_REFUSED @ http://localhost:5050/sport_files/sport_files/sport_files/sport_files/sport_files/sport_files/sport_files/sport_files/sport_files/sport_files/sport_files/1778281818727.jpg:0
[  132512ms] [ERROR] Failed to load resource: net::ERR_CONNECTION_REFUSED @ http://localhost:5050/sport_files/sport_files/sport_files/sport_files/sport_files/sport_files/sport_files/sport_files/sport_files/sport_files/sport_files/1786954620167.png:0
[  134834ms] [ERROR] Failed to load resource: net::ERR_CONNECTION_REFUSED @ http://localhost:5050/sport_files/sport_files/sport_files/sport_files/sport_files/sport_files/sport_files/sport_files/sport_files/sport_files/sport_files/1785664485511.webp:0
[  134834ms] [ERROR] Failed to load resource: net::ERR_CONNECTION_REFUSED @ http://localhost:5050/sport_files/sport_files/sport_files/sport_files/sport_files/sport_files/sport_files/sport_files/sport_files/sport_files/sport_files/1786954661225.png:0
[  134834ms] [ERROR] Failed to load resource: net::ERR_CONNECTION_REFUSED @ http://localhost:5050/sport_files/sport_files/sport_files/sport_files/sport_files/sport_files/sport_files/sport_files/sport_files/sport_files/sport_files/1786954681257.png:0
[  134865ms] [ERROR] Failed to load resource: net::ERR_CONNECTION_REFUSED @ http://localhost:5050/sport_files/sport_files/sport_files/sport_files/sport_files/sport_files/sport_files/sport_files/sport_files/sport_files/sport_files/1786955062370.png:0
[  134880ms] [ERROR] Failed to load resource: net::ERR_CONNECTION_REFUSED @ http://localhost:5050/sport_files/sport_files/sport_files/sport_files/sport_files/sport_files/sport_files/sport_files/sport_files/sport_files/sport_files/1786956817268.png:0
[  134881ms] [ERROR] Failed to load resource: net::ERR_CONNECTION_REFUSED @ http://localhost:5050/sport_files/sport_files/sport_files/sport_files/sport_files/sport_files/sport_files/sport_files/sport_files/sport_files/sport_files/1786956834836.png:0
[  137179ms] [ERROR] Failed to load resource: net::ERR_CONNECTION_REFUSED @ http://localhost:5050/sport_files/sport_files/sport_files/sport_files/sport_files/sport_files/sport_files/sport_files/sport_files/sport_files/sport_files/1786956880596.png:0
[  137180ms] [ERROR] Failed to load resource: net::ERR_CONNECTION_REFUSED @ http://localhost:5050/sport_files/sport_files/sport_files/sport_files/sport_files/sport_files/sport_files/sport_files/sport_files/sport_files/sport_files/logo.png:0
[  137201ms] [ERROR] Failed to load resource: net::ERR_CONNECTION_REFUSED @ http://localhost:5050/sport_files/sport_files/sport_files/sport_files/sport_files/sport_files/sport_files/sport_files/sport_files/sport_files/sport_files/banners/1787598384490.webp:0
[  137228ms] [ERROR] Failed to load resource: net::ERR_CONNECTION_REFUSED @ http://localhost:5050/sport_files/sport_files/sport_files/sport_files/sport_files/sport_files/sport_files/sport_files/sport_files/sport_files/sport_files/banners/1787628463829.webp:0
[  137245ms] [ERROR] Failed to load resource: net::ERR_CONNECTION_REFUSED @ http://localhost:5050/sport_files/sport_files/sport_files/sport_files/sport_files/sport_files/sport_files/sport_files/sport_files/sport_files/sport_files/banners/1787598250897.webp:0
[  137245ms] [ERROR] Failed to load resource: net::ERR_CONNECTION_REFUSED @ http://localhost:5050/sport_files/sport_files/sport_files/sport_files/sport_files/sport_files/sport_files/sport_files/sport_files/sport_files/sport_files/banners/1787428510867.webp:0
[  139548ms] [ERROR] Failed to load resource: net::ERR_CONNECTION_REFUSED @ http://localhost:5050/sport_files/sport_files/sport_files/sport_files/sport_files/sport_files/sport_files/sport_files/sport_files/sport_files/sport_files/banners/1787513921448.webp:0
[  139548ms] [ERROR] Failed to load resource: net::ERR_CONNECTION_REFUSED @ http://localhost:5050/sport_files/sport_files/sport_files/sport_files/sport_files/sport_files/sport_files/sport_files/sport_files/sport_files/sport_files/banners/1787553144555.webp:0
[  139564ms] [ERROR] Failed to load resource: net::ERR_CONNECTION_REFUSED @ http://localhost:5050/sport_files/sport_files/sport_files/sport_files/sport_files/sport_files/sport_files/sport_files/sport_files/sport_files/sport_files/banners/1787599619974.webp:0
[  139595ms] [ERROR] Failed to load resource: net::ERR_CONNECTION_REFUSED @ http://localhost:5050/sport_files/sport_files/sport_files/sport_files/sport_files/sport_files/sport_files/sport_files/sport_files/sport_files/sport_files/banners/1787599192985.webp:0
[  139611ms] [ERROR] Failed to load resource: net::ERR_CONNECTION_REFUSED @ http://localhost:5050/sport_files/sport_files/sport_files/sport_files/sport_files/sport_files/sport_files/sport_files/sport_files/sport_files/sport_files/banners/1787635044676.webp:0
[  139611ms] [ERROR] Failed to load resource: net::ERR_CONNECTION_REFUSED @ http://localhost:5050/sport_files/sport_files/sport_files/sport_files/sport_files/sport_files/sport_files/sport_files/sport_files/sport_files/sport_files/sidebanners/1786268892004.png:0
[  141912ms] [ERROR] Failed to load resource: net::ERR_CONNECTION_REFUSED @ http://localhost:5050/sport_files/sport_files/sport_files/sport_files/sport_files/sport_files/sport_files/sport_files/sport_files/sport_files/sport_files/sidebanners/1786956798302.png:0
[  141912ms] [ERROR] Failed to load resource: net::ERR_CONNECTION_REFUSED @ http://localhost:5050/sport_files/sport_files/sport_files/sport_files/sport_files/sport_files/sport_files/sport_files/sport_files/sport_files/sport_files/sidebanners/1786268932607.png:0
[  141927ms] [ERROR] Failed to load resource: net::ERR_CONNECTION_REFUSED @ http://localhost:5050/sport_files/sport_files/sport_files/sport_files/sport_files/sport_files/sport_files/sport_files/sport_files/sport_files/sport_files/sidebanners/1778281410174.jpg:0
[  141954ms] [ERROR] Failed to load resource: net::ERR_CONNECTION_REFUSED @ http://localhost:5050/sport_files/sport_files/sport_files/sport_files/sport_files/sport_files/sport_files/sport_files/sport_files/sport_files/sport_files/sidebanners/1786895079723.png:0
[  141969ms] [ERROR] Failed to load resource: net::ERR_CONNECTION_REFUSED @ http://localhost:5050/sport_files/sport_files/sport_files/sport_files/sport_files/sport_files/sport_files/sport_files/sport_files/sport_files/sport_files/sidebanners/1786956861063.png:0
[  141969ms] [ERROR] Failed to load resource: net::ERR_CONNECTION_REFUSED @ http://localhost:5050/sport_files/sport_files/sport_files/sport_files/sport_files/sport_files/sport_files/sport_files/sport_files/sport_files/sport_files/sidebanners/1786895164801.png:0
[  144266ms] [ERROR] Failed to load resource: net::ERR_CONNECTION_REFUSED @ http://localhost:5050/sport_files/sport_files/sport_files/sport_files/sport_files/sport_files/sport_files/sport_files/sport_files/sport_files/sport_files/sidebanners/1786955165631.png:0
[  144266ms] [ERROR] Failed to load resource: net::ERR_CONNECTION_REFUSED @ http://localhost:5050/sport_files/sport_files/sport_files/sport_files/sport_files/sport_files/sport_files/sport_files/sport_files/sport_files/sport_files/sidebanners/1784278232340.png:0
[  144281ms] [ERROR] Failed to load resource: net::ERR_CONNECTION_REFUSED @ http://localhost:5050/sport_files/sport_files/sport_files/sport_files/sport_files/sport_files/sport_files/sport_files/sport_files/sport_files/sport_files/sidebanners/1786955295865.png:0
[  144312ms] [ERROR] Failed to load resource: net::ERR_CONNECTION_REFUSED @ http://localhost:5050/sport_files/sport_files/sport_files/sport_files/sport_files/sport_files/sport_files/sport_files/sport_files/sport_files/sport_files/sidebanners/1778281651447.jpg:0
[  144328ms] [ERROR] Failed to load resource: net::ERR_CONNECTION_REFUSED @ http://localhost:5050/sport_files/sport_files/sport_files/sport_files/sport_files/sport_files/sport_files/sport_files/sport_files/sport_files/sport_files/sidebanners/1778281818727.jpg:0
[  144329ms] [ERROR] Failed to load resource: net::ERR_CONNECTION_REFUSED @ http://localhost:5050/sport_files/sport_files/sport_files/sport_files/sport_files/sport_files/sport_files/sport_files/sport_files/sport_files/sport_files/sidebanners/1786954620167.png:0
[  146629ms] [ERROR] Failed to load resource: net::ERR_CONNECTION_REFUSED @ http://localhost:5050/sport_files/sport_files/sport_files/sport_files/sport_files/sport_files/sport_files/sport_files/sport_files/sport_files/sport_files/sidebanners/1786954661225.png:0
[  146629ms] [ERROR] Failed to load resource: net::ERR_CONNECTION_REFUSED @ http://localhost:5050/sport_files/sport_files/sport_files/sport_files/sport_files/sport_files/sport_files/sport_files/sport_files/sport_files/sport_files/sidebanners/1786954681257.png:0
[  146645ms] [ERROR] Failed to load resource: net::ERR_CONNECTION_REFUSED @ http://localhost:5050/sport_files/sport_files/sport_files/sport_files/sport_files/sport_files/sport_files/sport_files/sport_files/sport_files/sport_files/sidebanners/1786956817268.png:0
[  146678ms] [ERROR] Failed to load resource: net::ERR_CONNECTION_REFUSED @ http://localhost:5050/sport_files/sport_files/sport_files/sport_files/sport_files/sport_files/sport_files/sport_files/sport_files/sport_files/sport_files/sidebanners/1786956834836.png:0
[  146695ms] [ERROR] Failed to load resource: net::ERR_CONNECTION_REFUSED @ http://localhost:5050/sport_files/sport_files/sport_files/sport_files/sport_files/sport_files/sport_files/sport_files/sport_files/sport_files/sport_files/sidebanners/1786956880596.png:0
[  146695ms] [ERROR] Failed to load resource: net::ERR_CONNECTION_REFUSED @ http://localhost:5050/sport_files/sport_files/sport_files/sport_files/sport_files/sport_files/sport_files/sport_files/sport_files/sport_files/sport_files/sidebanners/1785664485511.webp:0
[  148996ms] [ERROR] Failed to load resource: net::ERR_CONNECTION_REFUSED @ http://localhost:5050/sport_files/sport_files/sport_files/sport_files/sport_files/sport_files/sport_files/sport_files/sport_files/sport_files/sport_files/sidebanners/1786955062370.png:0
[  148996ms] [ERROR] Failed to load resource: net::ERR_CONNECTION_REFUSED @ http://localhost:5050/sport_files/sport_files/sport_files/sport_files/sport_files/sport_files/sport_files/sport_files/sport_files/sport_files/sport_files/sport_files/sport_files/sport_files/speaker.svg:0
[  149017ms] [ERROR] Failed to load resource: net::ERR_CONNECTION_REFUSED @ http://localhost:5050/sport_files/sport_files/sport_files/sport_files/sport_files/sport_files/sport_files/sport_files/sport_files/sport_files/sport_files/sport_files/sport_files/sport_files/arrow-down.svg:0
[  149044ms] [ERROR] Failed to load resource: net::ERR_CONNECTION_REFUSED @ http://localhost:5050/sport_files/sport_files/sport_files/sport_files/sport_files/sport_files/sport_files/sport_files/sport_files/sport_files/sport_files/sport_files/sport_files/sport_files/telegram.png:0
[  149065ms] [ERROR] Failed to load resource: net::ERR_CONNECTION_REFUSED @ http://localhost:5050/sport_files/sport_files/sport_files/sport_files/sport_files/sport_files/sport_files/sport_files/sport_files/sport_files/sport_files/sport_files/sport_files/sport_files/twitter.png:0
[  149066ms] [ERROR] Failed to load resource: net::ERR_CONNECTION_REFUSED @ http://localhost:5050/sport_files/sport_files/sport_files/sport_files/sport_files/sport_files/sport_files/sport_files/sport_files/sport_files/sport_files/sport_files/sport_files/sport_files/ssl.png:0
[  151349ms] [ERROR] Failed to load resource: net::ERR_CONNECTION_REFUSED @ http://localhost:5050/sport_files/sport_files/sport_files/sport_files/sport_files/sport_files/sport_files/sport_files/sport_files/sport_files/sport_files/sport_files/sport_files/sport_files/18plus.png:0
[  151349ms] [ERROR] Failed to load resource: net::ERR_CONNECTION_REFUSED @ http://localhost:5050/sport_files/sport_files/sport_files/sport_files/sport_files/sport_files/sport_files/sport_files/sport_files/sport_files/sport_files/sport_files/gamble-aware.svg:0
[  151367ms] [ERROR] Failed to load resource: net::ERR_CONNECTION_REFUSED @ http://localhost:5050/sport_files/sport_files/sport_files/sport_files/sport_files/sport_files/sport_files/sport_files/sport_files/sport_files/sport_files/sport_files/game-stop.png:0
[  151396ms] [ERROR] Failed to load resource: net::ERR_CONNECTION_REFUSED @ http://localhost:5050/sport_files/sport_files/sport_files/sport_files/sport_files/sport_files/sport_files/sport_files/sport_files/sport_files/sport_files/sport_files/1786268892004.png:0
[  151397ms] [ERROR] Failed to load resource: net::ERR_CONNECTION_REFUSED @ http://localhost:5050/sport_files/sport_files/sport_files/sport_files/sport_files/sport_files/sport_files/sport_files/sport_files/sport_files/sport_files/sport_files/1786956798302.png:0
[  151415ms] [ERROR] Failed to load resource: net::ERR_CONNECTION_REFUSED @ http://localhost:5050/sport_files/sport_files/sport_files/sport_files/sport_files/sport_files/sport_files/sport_files/sport_files/sport_files/sport_files/sport_files/1786268932607.png:0
[  153698ms] [ERROR] Failed to load resource: net::ERR_CONNECTION_REFUSED @ http://localhost:5050/sport_files/sport_files/sport_files/sport_files/sport_files/sport_files/sport_files/sport_files/sport_files/sport_files/sport_files/sport_files/1778281410174.jpg:0
[  153699ms] [ERROR] Failed to load resource: net::ERR_CONNECTION_REFUSED @ http://localhost:5050/sport_files/sport_files/sport_files/sport_files/sport_files/sport_files/sport_files/sport_files/sport_files/sport_files/sport_files/sport_files/1786895079723.png:0
[  153699ms] [ERROR] Failed to load resource: net::ERR_CONNECTION_REFUSED @ http://localhost:5050/sport_files/sport_files/sport_files/sport_files/sport_files/sport_files/sport_files/sport_files/sport_files/sport_files/sport_files/sport_files/1786956861063.png:0
[  153746ms] [ERROR] Failed to load resource: net::ERR_CONNECTION_REFUSED @ http://localhost:5050/sport_files/sport_files/sport_files/sport_files/sport_files/sport_files/sport_files/sport_files/sport_files/sport_files/sport_files/sport_files/1786895164801.png:0
[  153746ms] [ERROR] Failed to load resource: net::ERR_CONNECTION_REFUSED @ http://localhost:5050/sport_files/sport_files/sport_files/sport_files/sport_files/sport_files/sport_files/sport_files/sport_files/sport_files/sport_files/sport_files/1786955165631.png:0
[  153766ms] [ERROR] Failed to load resource: net::ERR_CONNECTION_REFUSED @ http://localhost:5050/sport_files/sport_files/sport_files/sport_files/sport_files/sport_files/sport_files/sport_files/sport_files/sport_files/sport_files/sport_files/1784278232340.png:0
[  156062ms] [ERROR] Failed to load resource: net::ERR_CONNECTION_REFUSED @ http://localhost:5050/sport_files/sport_files/sport_files/sport_files/sport_files/sport_files/sport_files/sport_files/sport_files/sport_files/sport_files/sport_files/1786955295865.png:0
[  156063ms] [ERROR] Failed to load resource: net::ERR_CONNECTION_REFUSED @ http://localhost:5050/sport_files/sport_files/sport_files/sport_files/sport_files/sport_files/sport_files/sport_files/sport_files/sport_files/sport_files/sport_files/1778281651447.jpg:0
[  156063ms] [ERROR] Failed to load resource: net::ERR_CONNECTION_REFUSED @ http://localhost:5050/sport_files/sport_files/sport_files/sport_files/sport_files/sport_files/sport_files/sport_files/sport_files/sport_files/sport_files/sport_files/1778281818727.jpg:0
[  156112ms] [ERROR] Failed to load resource: net::ERR_CONNECTION_REFUSED @ http://localhost:5050/sport_files/sport_files/sport_files/sport_files/sport_files/sport_files/sport_files/sport_files/sport_files/sport_files/sport_files/sport_files/1786954620167.png:0
[  156112ms] [ERROR] Failed to load resource: net::ERR_CONNECTION_REFUSED @ http://localhost:5050/sport_files/sport_files/sport_files/sport_files/sport_files/sport_files/sport_files/sport_files/sport_files/sport_files/sport_files/sport_files/1785664485511.webp:0
[  156131ms] [ERROR] Failed to load resource: net::ERR_CONNECTION_REFUSED @ http://localhost:5050/sport_files/sport_files/sport_files/sport_files/sport_files/sport_files/sport_files/sport_files/sport_files/sport_files/sport_files/sport_files/1786954661225.png:0
[  158432ms] [ERROR] Failed to load resource: net::ERR_CONNECTION_REFUSED @ http://localhost:5050/sport_files/sport_files/sport_files/sport_files/sport_files/sport_files/sport_files/sport_files/sport_files/sport_files/sport_files/sport_files/1786954681257.png:0
[  158432ms] [ERROR] Failed to load resource: net::ERR_CONNECTION_REFUSED @ http://localhost:5050/sport_files/sport_files/sport_files/sport_files/sport_files/sport_files/sport_files/sport_files/sport_files/sport_files/sport_files/sport_files/1786955062370.png:0
[  158432ms] [ERROR] Failed to load resource: net::ERR_CONNECTION_REFUSED @ http://localhost:5050/sport_files/sport_files/sport_files/sport_files/sport_files/sport_files/sport_files/sport_files/sport_files/sport_files/sport_files/sport_files/1786956817268.png:0
[  158470ms] [ERROR] Failed to load resource: net::ERR_CONNECTION_REFUSED @ http://localhost:5050/sport_files/sport_files/sport_files/sport_files/sport_files/sport_files/sport_files/sport_files/sport_files/sport_files/sport_files/sport_files/1786956834836.png:0
[  158470ms] [ERROR] Failed to load resource: net::ERR_CONNECTION_REFUSED @ http://localhost:5050/sport_files/sport_files/sport_files/sport_files/sport_files/sport_files/sport_files/sport_files/sport_files/sport_files/sport_files/sport_files/1786956880596.png:0
[  158485ms] [ERROR] Failed to load resource: net::ERR_CONNECTION_REFUSED @ http://localhost:5050/sport_files/sport_files/sport_files/sport_files/sport_files/sport_files/sport_files/sport_files/sport_files/sport_files/sport_files/sport_files/logo.png:0
[  160778ms] [ERROR] Failed to load resource: net::ERR_CONNECTION_REFUSED @ http://localhost:5050/sport_files/sport_files/sport_files/sport_files/sport_files/sport_files/sport_files/sport_files/sport_files/sport_files/sport_files/sport_files/banners/1787598384490.webp:0
[  160795ms] [ERROR] Failed to load resource: net::ERR_CONNECTION_REFUSED @ http://localhost:5050/sport_files/sport_files/sport_files/sport_files/sport_files/sport_files/sport_files/sport_files/sport_files/sport_files/sport_files/sport_files/banners/1787628463829.webp:0
[  160795ms] [ERROR] Failed to load resource: net::ERR_CONNECTION_REFUSED @ http://localhost:5050/sport_files/sport_files/sport_files/sport_files/sport_files/sport_files/sport_files/sport_files/sport_files/sport_files/sport_files/sport_files/banners/1787598250897.webp:0
[  160823ms] [ERROR] Failed to load resource: net::ERR_CONNECTION_REFUSED @ http://localhost:5050/sport_files/sport_files/sport_files/sport_files/sport_files/sport_files/sport_files/sport_files/sport_files/sport_files/sport_files/sport_files/banners/1787428510867.webp:0
[  160838ms] [ERROR] Failed to load resource: net::ERR_CONNECTION_REFUSED @ http://localhost:5050/sport_files/sport_files/sport_files/sport_files/sport_files/sport_files/sport_files/sport_files/sport_files/sport_files/sport_files/sport_files/banners/1787513921448.webp:0
[  160854ms] [ERROR] Failed to load resource: net::ERR_CONNECTION_REFUSED @ http://localhost:5050/sport_files/sport_files/sport_files/sport_files/sport_files/sport_files/sport_files/sport_files/sport_files/sport_files/sport_files/sport_files/banners/1787553144555.webp:0
[  163128ms] [ERROR] Failed to load resource: net::ERR_CONNECTION_REFUSED @ http://localhost:5050/sport_files/sport_files/sport_files/sport_files/sport_files/sport_files/sport_files/sport_files/sport_files/sport_files/sport_files/sport_files/banners/1787599619974.webp:0
[  163128ms] [ERROR] Failed to load resource: net::ERR_CONNECTION_REFUSED @ http://localhost:5050/sport_files/sport_files/sport_files/sport_files/sport_files/sport_files/sport_files/sport_files/sport_files/sport_files/sport_files/sport_files/banners/1787599192985.webp:0
[  163146ms] [ERROR] Failed to load resource: net::ERR_CONNECTION_REFUSED @ http://localhost:5050/sport_files/sport_files/sport_files/sport_files/sport_files/sport_files/sport_files/sport_files/sport_files/sport_files/sport_files/sport_files/banners/1787635044676.webp:0
[  163189ms] [ERROR] Failed to load resource: net::ERR_CONNECTION_REFUSED @ http://localhost:5050/sport_files/sport_files/sport_files/sport_files/sport_files/sport_files/sport_files/sport_files/sport_files/sport_files/sport_files/sport_files/sidebanners/1786268892004.png:0
[  163205ms] [ERROR] Failed to load resource: net::ERR_CONNECTION_REFUSED @ http://localhost:5050/sport_files/sport_files/sport_files/sport_files/sport_files/sport_files/sport_files/sport_files/sport_files/sport_files/sport_files/sport_files/sidebanners/1786956798302.png:0
[  163220ms] [ERROR] Failed to load resource: net::ERR_CONNECTION_REFUSED @ http://localhost:5050/sport_files/sport_files/sport_files/sport_files/sport_files/sport_files/sport_files/sport_files/sport_files/sport_files/sport_files/sport_files/sidebanners/1786268932607.png:0
[  165481ms] [ERROR] Failed to load resource: net::ERR_CONNECTION_REFUSED @ http://localhost:5050/sport_files/sport_files/sport_files/sport_files/sport_files/sport_files/sport_files/sport_files/sport_files/sport_files/sport_files/sport_files/sidebanners/1778281410174.jpg:0
[  165481ms] [ERROR] Failed to load resource: net::ERR_CONNECTION_REFUSED @ http://localhost:5050/sport_files/sport_files/sport_files/sport_files/sport_files/sport_files/sport_files/sport_files/sport_files/sport_files/sport_files/sport_files/sidebanners/1786895079723.png:0
[  165496ms] [ERROR] Failed to load resource: net::ERR_CONNECTION_REFUSED @ http://localhost:5050/sport_files/sport_files/sport_files/sport_files/sport_files/sport_files/sport_files/sport_files/sport_files/sport_files/sport_files/sport_files/sidebanners/1786956861063.png:0
[  165545ms] [ERROR] Failed to load resource: net::ERR_CONNECTION_REFUSED @ http://localhost:5050/sport_files/sport_files/sport_files/sport_files/sport_files/sport_files/sport_files/sport_files/sport_files/sport_files/sport_files/sport_files/sidebanners/1786895164801.png:0
[  165561ms] [ERROR] Failed to load resource: net::ERR_CONNECTION_REFUSED @ http://localhost:5050/sport_files/sport_files/sport_files/sport_files/sport_files/sport_files/sport_files/sport_files/sport_files/sport_files/sport_files/sport_files/sidebanners/1786955165631.png:0
[  165579ms] [ERROR] Failed to load resource: net::ERR_CONNECTION_REFUSED @ http://localhost:5050/sport_files/sport_files/sport_files/sport_files/sport_files/sport_files/sport_files/sport_files/sport_files/sport_files/sport_files/sport_files/sidebanners/1784278232340.png:0
[  167853ms] [ERROR] Failed to load resource: net::ERR_CONNECTION_REFUSED @ http://localhost:5050/sport_files/sport_files/sport_files/sport_files/sport_files/sport_files/sport_files/sport_files/sport_files/sport_files/sport_files/sport_files/sidebanners/1786955295865.png:0
[  167853ms] [ERROR] Failed to load resource: net::ERR_CONNECTION_REFUSED @ http://localhost:5050/sport_files/sport_files/sport_files/sport_files/sport_files/sport_files/sport_files/sport_files/sport_files/sport_files/sport_files/sport_files/sidebanners/1778281651447.jpg:0
[  167853ms] [ERROR] Failed to load resource: net::ERR_CONNECTION_REFUSED @ http://localhost:5050/sport_files/sport_files/sport_files/sport_files/sport_files/sport_files/sport_files/sport_files/sport_files/sport_files/sport_files/sport_files/sidebanners/1778281818727.jpg:0
[  167898ms] [ERROR] Failed to load resource: net::ERR_CONNECTION_REFUSED @ http://localhost:5050/sport_files/sport_files/sport_files/sport_files/sport_files/sport_files/sport_files/sport_files/sport_files/sport_files/sport_files/sport_files/sidebanners/1786954620167.png:0
[  167914ms] [ERROR] Failed to load resource: net::ERR_CONNECTION_REFUSED @ http://localhost:5050/sport_files/sport_files/sport_files/sport_files/sport_files/sport_files/sport_files/sport_files/sport_files/sport_files/sport_files/sport_files/sidebanners/1786954661225.png:0
[  167930ms] [ERROR] Failed to load resource: net::ERR_CONNECTION_REFUSED @ http://localhost:5050/sport_files/sport_files/sport_files/sport_files/sport_files/sport_files/sport_files/sport_files/sport_files/sport_files/sport_files/sport_files/sidebanners/1786954681257.png:0
[  170202ms] [ERROR] Failed to load resource: net::ERR_CONNECTION_REFUSED @ http://localhost:5050/sport_files/sport_files/sport_files/sport_files/sport_files/sport_files/sport_files/sport_files/sport_files/sport_files/sport_files/sport_files/sidebanners/1786956817268.png:0
[  170217ms] [ERROR] Failed to load resource: net::ERR_CONNECTION_REFUSED @ http://localhost:5050/sport_files/sport_files/sport_files/sport_files/sport_files/sport_files/sport_files/sport_files/sport_files/sport_files/sport_files/sport_files/sidebanners/1786956834836.png:0
[  170217ms] [ERROR] Failed to load resource: net::ERR_CONNECTION_REFUSED @ http://localhost:5050/sport_files/sport_files/sport_files/sport_files/sport_files/sport_files/sport_files/sport_files/sport_files/sport_files/sport_files/sport_files/sidebanners/1786956880596.png:0
[  170250ms] [ERROR] Failed to load resource: net::ERR_CONNECTION_REFUSED @ http://localhost:5050/sport_files/sport_files/sport_files/sport_files/sport_files/sport_files/sport_files/sport_files/sport_files/sport_files/sport_files/sport_files/sidebanners/1785664485511.webp:0
[  170264ms] [ERROR] Failed to load resource: net::ERR_CONNECTION_REFUSED @ http://localhost:5050/sport_files/sport_files/sport_files/sport_files/sport_files/sport_files/sport_files/sport_files/sport_files/sport_files/sport_files/sport_files/sidebanners/1786955062370.png:0
[  170280ms] [ERROR] Failed to load resource: net::ERR_CONNECTION_REFUSED @ http://localhost:5050/sport_files/sport_files/sport_files/sport_files/sport_files/sport_files/sport_files/sport_files/sport_files/sport_files/sport_files/sport_files/sport_files/gamecare.png:0
[  172563ms] [ERROR] Failed to load resource: net::ERR_CONNECTION_REFUSED @ http://localhost:5050/sport_files/sport_files/sport_files/sport_files/sport_files/sport_files/sport_files/sport_files/sport_files/sport_files/sport_files/sport_files/sport_files/gt.png:0
[  172584ms] [ERROR] Failed to load resource: net::ERR_CONNECTION_REFUSED @ http://localhost:5050/sport_files/sport_files/sport_files/sport_files/sport_files/sport_files/sport_files/sport_files/sport_files/sport_files/sport_files/sport_files/sport_files/gamble-aware.svg:0
[  172584ms] [ERROR] Failed to load resource: net::ERR_CONNECTION_REFUSED @ http://localhost:5050/sport_files/sport_files/sport_files/sport_files/sport_files/sport_files/sport_files/sport_files/sport_files/sport_files/sport_files/sport_files/sport_files/game-stop.png:0
[  172613ms] [ERROR] Failed to load resource: net::ERR_CONNECTION_REFUSED @ http://localhost:5050/sport_files/sport_files/sport_files/sport_files/sport_files/sport_files/sport_files/sport_files/sport_files/sport_files/sport_files/sport_files/sport_files/1786268892004.png:0
[  172633ms] [ERROR] Failed to load resource: net::ERR_CONNECTION_REFUSED @ http://localhost:5050/sport_files/sport_files/sport_files/sport_files/sport_files/sport_files/sport_files/sport_files/sport_files/sport_files/sport_files/sport_files/sport_files/1786956798302.png:0
[  172640ms] [ERROR] Failed to load resource: net::ERR_CONNECTION_REFUSED @ http://localhost:5050/sport_files/sport_files/sport_files/sport_files/sport_files/sport_files/sport_files/sport_files/sport_files/sport_files/sport_files/sport_files/sport_files/1786268932607.png:0
[  174929ms] [ERROR] Failed to load resource: net::ERR_CONNECTION_REFUSED @ http://localhost:5050/sport_files/sport_files/sport_files/sport_files/sport_files/sport_files/sport_files/sport_files/sport_files/sport_files/sport_files/sport_files/sport_files/1778281410174.jpg:0
[  174929ms] [ERROR] Failed to load resource: net::ERR_CONNECTION_REFUSED @ http://localhost:5050/sport_files/sport_files/sport_files/sport_files/sport_files/sport_files/sport_files/sport_files/sport_files/sport_files/sport_files/sport_files/sport_files/1786895079723.png:0
[  174950ms] [ERROR] Failed to load resource: net::ERR_CONNECTION_REFUSED @ http://localhost:5050/sport_files/sport_files/sport_files/sport_files/sport_files/sport_files/sport_files/sport_files/sport_files/sport_files/sport_files/sport_files/sport_files/1786956861063.png:0
[  174968ms] [ERROR] Failed to load resource: net::ERR_CONNECTION_REFUSED @ http://localhost:5050/sport_files/sport_files/sport_files/sport_files/sport_files/sport_files/sport_files/sport_files/sport_files/sport_files/sport_files/sport_files/sport_files/1786895164801.png:0
[  174968ms] [ERROR] Failed to load resource: net::ERR_CONNECTION_REFUSED @ http://localhost:5050/sport_files/sport_files/sport_files/sport_files/sport_files/sport_files/sport_files/sport_files/sport_files/sport_files/sport_files/sport_files/sport_files/1786955165631.png:0
[  174988ms] [ERROR] Failed to load resource: net::ERR_CONNECTION_REFUSED @ http://localhost:5050/sport_files/sport_files/sport_files/sport_files/sport_files/sport_files/sport_files/sport_files/sport_files/sport_files/sport_files/sport_files/sport_files/1784278232340.png:0
[  177270ms] [ERROR] Failed to load resource: net::ERR_CONNECTION_REFUSED @ http://localhost:5050/sport_files/sport_files/sport_files/sport_files/sport_files/sport_files/sport_files/sport_files/sport_files/sport_files/sport_files/sport_files/sport_files/1786955295865.png:0
[  177286ms] [ERROR] Failed to load resource: net::ERR_CONNECTION_REFUSED @ http://localhost:5050/sport_files/sport_files/sport_files/sport_files/sport_files/sport_files/sport_files/sport_files/sport_files/sport_files/sport_files/sport_files/sport_files/1778281651447.jpg:0
[  177301ms] [ERROR] Failed to load resource: net::ERR_CONNECTION_REFUSED @ http://localhost:5050/sport_files/sport_files/sport_files/sport_files/sport_files/sport_files/sport_files/sport_files/sport_files/sport_files/sport_files/sport_files/sport_files/1778281818727.jpg:0
[  177317ms] [ERROR] Failed to load resource: net::ERR_CONNECTION_REFUSED @ http://localhost:5050/sport_files/sport_files/sport_files/sport_files/sport_files/sport_files/sport_files/sport_files/sport_files/sport_files/sport_files/sport_files/sport_files/1786954620167.png:0
[  177317ms] [ERROR] Failed to load resource: net::ERR_CONNECTION_REFUSED @ http://localhost:5050/sport_files/sport_files/sport_files/sport_files/sport_files/sport_files/sport_files/sport_files/sport_files/sport_files/sport_files/sport_files/sport_files/1785664485511.webp:0
[  177333ms] [ERROR] Failed to load resource: net::ERR_CONNECTION_REFUSED @ http://localhost:5050/sport_files/sport_files/sport_files/sport_files/sport_files/sport_files/sport_files/sport_files/sport_files/sport_files/sport_files/sport_files/sport_files/1786954661225.png:0
[  179638ms] [ERROR] Failed to load resource: net::ERR_CONNECTION_REFUSED @ http://localhost:5050/sport_files/sport_files/sport_files/sport_files/sport_files/sport_files/sport_files/sport_files/sport_files/sport_files/sport_files/sport_files/sport_files/1786954681257.png:0
[  179653ms] [ERROR] Failed to load resource: net::ERR_CONNECTION_REFUSED @ http://localhost:5050/sport_files/sport_files/sport_files/sport_files/sport_files/sport_files/sport_files/sport_files/sport_files/sport_files/sport_files/sport_files/sport_files/1786955062370.png:0
[  179668ms] [ERROR] Failed to load resource: net::ERR_CONNECTION_REFUSED @ http://localhost:5050/sport_files/sport_files/sport_files/sport_files/sport_files/sport_files/sport_files/sport_files/sport_files/sport_files/sport_files/sport_files/sport_files/1786956817268.png:0
[  179669ms] [ERROR] Failed to load resource: net::ERR_CONNECTION_REFUSED @ http://localhost:5050/sport_files/sport_files/sport_files/sport_files/sport_files/sport_files/sport_files/sport_files/sport_files/sport_files/sport_files/sport_files/sport_files/1786956834836.png:0
[  179669ms] [ERROR] Failed to load resource: net::ERR_CONNECTION_REFUSED @ http://localhost:5050/sport_files/sport_files/sport_files/sport_files/sport_files/sport_files/sport_files/sport_files/sport_files/sport_files/sport_files/sport_files/sport_files/1786956880596.png:0
[  179683ms] [ERROR] Failed to load resource: net::ERR_CONNECTION_REFUSED @ http://localhost:5050/sport_files/sport_files/sport_files/sport_files/sport_files/sport_files/sport_files/sport_files/sport_files/sport_files/sport_files/sport_files/sport_files/logo.png:0
[  181979ms] [ERROR] Failed to load resource: net::ERR_CONNECTION_REFUSED @ http://localhost:5050/sport_files/sport_files/sport_files/sport_files/sport_files/sport_files/sport_files/sport_files/sport_files/sport_files/sport_files/sport_files/sport_files/banners/1787598384490.webp:0
[  181996ms] [ERROR] Failed to load resource: net::ERR_CONNECTION_REFUSED @ http://localhost:5050/sport_files/sport_files/sport_files/sport_files/sport_files/sport_files/sport_files/sport_files/sport_files/sport_files/sport_files/sport_files/sport_files/banners/1787628463829.webp:0
[  182008ms] [ERROR] Failed to load resource: net::ERR_CONNECTION_REFUSED @ http://localhost:5050/sport_files/sport_files/sport_files/sport_files/sport_files/sport_files/sport_files/sport_files/sport_files/sport_files/sport_files/sport_files/sport_files/banners/1787598250897.webp:0
[  182023ms] [ERROR] Failed to load resource: net::ERR_CONNECTION_REFUSED @ http://localhost:5050/sport_files/sport_files/sport_files/sport_files/sport_files/sport_files/sport_files/sport_files/sport_files/sport_files/sport_files/sport_files/sport_files/banners/1787428510867.webp:0
[  182023ms] [ERROR] Failed to load resource: net::ERR_CONNECTION_REFUSED @ http://localhost:5050/sport_files/sport_files/sport_files/sport_files/sport_files/sport_files/sport_files/sport_files/sport_files/sport_files/sport_files/sport_files/sport_files/banners/1787513921448.webp:0
[  182038ms] [ERROR] Failed to load resource: net::ERR_CONNECTION_REFUSED @ http://localhost:5050/sport_files/sport_files/sport_files/sport_files/sport_files/sport_files/sport_files/sport_files/sport_files/sport_files/sport_files/sport_files/sport_files/banners/1787553144555.webp:0
[  184301ms] [ERROR] Failed to load resource: net::ERR_CONNECTION_REFUSED @ http://localhost:5050/sport_files/sport_files/sport_files/sport_files/sport_files/sport_files/sport_files/sport_files/sport_files/sport_files/sport_files/sport_files/sport_files/banners/1787599619974.webp:0
[  184317ms] [ERROR] Failed to load resource: net::ERR_CONNECTION_REFUSED @ http://localhost:5050/sport_files/sport_files/sport_files/sport_files/sport_files/sport_files/sport_files/sport_files/sport_files/sport_files/sport_files/sport_files/sport_files/banners/1787599192985.webp:0
[  184332ms] [ERROR] Failed to load resource: net::ERR_CONNECTION_REFUSED @ http://localhost:5050/sport_files/sport_files/sport_files/sport_files/sport_files/sport_files/sport_files/sport_files/sport_files/sport_files/sport_files/sport_files/sport_files/banners/1787635044676.webp:0
[  184348ms] [ERROR] Failed to load resource: net::ERR_CONNECTION_REFUSED @ http://localhost:5050/sport_files/sport_files/sport_files/sport_files/sport_files/sport_files/sport_files/sport_files/sport_files/sport_files/sport_files/sport_files/sport_files/sidebanners/1786268892004.png:0
[  184348ms] [ERROR] Failed to load resource: net::ERR_CONNECTION_REFUSED @ http://localhost:5050/sport_files/sport_files/sport_files/sport_files/sport_files/sport_files/sport_files/sport_files/sport_files/sport_files/sport_files/sport_files/sport_files/sidebanners/1786956798302.png:0
[  184378ms] [ERROR] Failed to load resource: net::ERR_CONNECTION_REFUSED @ http://localhost:5050/sport_files/sport_files/sport_files/sport_files/sport_files/sport_files/sport_files/sport_files/sport_files/sport_files/sport_files/sport_files/sport_files/sidebanners/1786268932607.png:0
[  186672ms] [ERROR] Failed to load resource: net::ERR_CONNECTION_REFUSED @ http://localhost:5050/sport_files/sport_files/sport_files/sport_files/sport_files/sport_files/sport_files/sport_files/sport_files/sport_files/sport_files/sport_files/sport_files/sidebanners/1778281410174.jpg:0
[  186672ms] [ERROR] Failed to load resource: net::ERR_CONNECTION_REFUSED @ http://localhost:5050/sport_files/sport_files/sport_files/sport_files/sport_files/sport_files/sport_files/sport_files/sport_files/sport_files/sport_files/sport_files/sport_files/sidebanners/1786895079723.png:0
[  186703ms] [ERROR] Failed to load resource: net::ERR_CONNECTION_REFUSED @ http://localhost:5050/sport_files/sport_files/sport_files/sport_files/sport_files/sport_files/sport_files/sport_files/sport_files/sport_files/sport_files/sport_files/sport_files/sidebanners/1786956861063.png:0
[  186703ms] [ERROR] Failed to load resource: net::ERR_CONNECTION_REFUSED @ http://localhost:5050/sport_files/sport_files/sport_files/sport_files/sport_files/sport_files/sport_files/sport_files/sport_files/sport_files/sport_files/sport_files/sport_files/sidebanners/1786895164801.png:0
[  186703ms] [ERROR] Failed to load resource: net::ERR_CONNECTION_REFUSED @ http://localhost:5050/sport_files/sport_files/sport_files/sport_files/sport_files/sport_files/sport_files/sport_files/sport_files/sport_files/sport_files/sport_files/sport_files/sidebanners/1786955165631.png:0
[  186733ms] [ERROR] Failed to load resource: net::ERR_CONNECTION_REFUSED @ http://localhost:5050/sport_files/sport_files/sport_files/sport_files/sport_files/sport_files/sport_files/sport_files/sport_files/sport_files/sport_files/sport_files/sport_files/sidebanners/1784278232340.png:0
[  189036ms] [ERROR] Failed to load resource: net::ERR_CONNECTION_REFUSED @ http://localhost:5050/sport_files/sport_files/sport_files/sport_files/sport_files/sport_files/sport_files/sport_files/sport_files/sport_files/sport_files/sport_files/sport_files/sidebanners/1786955295865.png:0
[  189036ms] [ERROR] Failed to load resource: net::ERR_CONNECTION_REFUSED @ http://localhost:5050/sport_files/sport_files/sport_files/sport_files/sport_files/sport_files/sport_files/sport_files/sport_files/sport_files/sport_files/sport_files/sport_files/sidebanners/1778281651447.jpg:0
[  189068ms] [ERROR] Failed to load resource: net::ERR_CONNECTION_REFUSED @ http://localhost:5050/sport_files/sport_files/sport_files/sport_files/sport_files/sport_files/sport_files/sport_files/sport_files/sport_files/sport_files/sport_files/sport_files/sidebanners/1778281818727.jpg:0
[  189068ms] [ERROR] Failed to load resource: net::ERR_CONNECTION_REFUSED @ http://localhost:5050/sport_files/sport_files/sport_files/sport_files/sport_files/sport_files/sport_files/sport_files/sport_files/sport_files/sport_files/sport_files/sport_files/sidebanners/1786954620167.png:0
[  189068ms] [ERROR] Failed to load resource: net::ERR_CONNECTION_REFUSED @ http://localhost:5050/sport_files/sport_files/sport_files/sport_files/sport_files/sport_files/sport_files/sport_files/sport_files/sport_files/sport_files/sport_files/sport_files/sidebanners/1786954661225.png:0
[  189083ms] [ERROR] Failed to load resource: net::ERR_CONNECTION_REFUSED @ http://localhost:5050/sport_files/sport_files/sport_files/sport_files/sport_files/sport_files/sport_files/sport_files/sport_files/sport_files/sport_files/sport_files/sport_files/sidebanners/1786954681257.png:0
[  191379ms] [ERROR] Failed to load resource: net::ERR_CONNECTION_REFUSED @ http://localhost:5050/sport_files/sport_files/sport_files/sport_files/sport_files/sport_files/sport_files/sport_files/sport_files/sport_files/sport_files/sport_files/sport_files/sidebanners/1786956817268.png:0
[  191379ms] [ERROR] Failed to load resource: net::ERR_CONNECTION_REFUSED @ http://localhost:5050/sport_files/sport_files/sport_files/sport_files/sport_files/sport_files/sport_files/sport_files/sport_files/sport_files/sport_files/sport_files/sport_files/sidebanners/1786956834836.png:0
[  191412ms] [ERROR] Failed to load resource: net::ERR_CONNECTION_REFUSED @ http://localhost:5050/sport_files/sport_files/sport_files/sport_files/sport_files/sport_files/sport_files/sport_files/sport_files/sport_files/sport_files/sport_files/sport_files/sidebanners/1786956880596.png:0
[  191412ms] [ERROR] Failed to load resource: net::ERR_CONNECTION_REFUSED @ http://localhost:5050/sport_files/sport_files/sport_files/sport_files/sport_files/sport_files/sport_files/sport_files/sport_files/sport_files/sport_files/sport_files/sport_files/sidebanners/1785664485511.webp:0
[  191412ms] [ERROR] Failed to load resource: net::ERR_CONNECTION_REFUSED @ http://localhost:5050/sport_files/sport_files/sport_files/sport_files/sport_files/sport_files/sport_files/sport_files/sport_files/sport_files/sport_files/sport_files/sport_files/sidebanners/1786955062370.png:0
[  191412ms] [ERROR] Failed to load resource: net::ERR_CONNECTION_REFUSED @ http://localhost:5050/cdn-cgi/challenge-platform/scripts/jsd/main.js:0
[  193714ms] [ERROR] Failed to load resource: net::ERR_CONNECTION_REFUSED @ http://localhost:5050/cdn-cgi/challenge-platform/scripts/jsd/main.js:0
[  193714ms] [ERROR] Failed to load resource: net::ERR_CONNECTION_REFUSED @ http://localhost:5050/cdn-cgi/challenge-platform/scripts/jsd/main.js:0
[  193761ms] [ERROR] Failed to load resource: net::ERR_CONNECTION_REFUSED @ http://localhost:5050/sport_files/sport_files/sport_files/sport_files/sport_files/sport_files/sport_files/sport_files/sport_files/sport_files/sport_files/sport_files/sport_files/sport_files/gamecare.png:0
[  193761ms] [ERROR] Failed to load resource: net::ERR_CONNECTION_REFUSED @ http://localhost:5050/sport_files/sport_files/sport_files/sport_files/sport_files/sport_files/sport_files/sport_files/sport_files/sport_files/sport_files/sport_files/sport_files/sport_files/gt.png:0
[  193761ms] [ERROR] Failed to load resource: net::ERR_CONNECTION_REFUSED @ http://localhost:5050/sport_files/sport_files/sport_files/sport_files/sport_files/sport_files/sport_files/sport_files/sport_files/sport_files/sport_files/sport_files/sport_files/sport_files/gamble-aware.svg:0
[  193761ms] [ERROR] Failed to load resource: net::ERR_CONNECTION_REFUSED @ http://localhost:5050/sport_files/sport_files/sport_files/sport_files/sport_files/sport_files/sport_files/sport_files/sport_files/sport_files/sport_files/sport_files/sport_files/sport_files/game-stop.png:0
[  196075ms] [ERROR] Failed to load resource: net::ERR_CONNECTION_REFUSED @ http://localhost:5050/sport_files/sport_files/sport_files/sport_files/sport_files/sport_files/sport_files/sport_files/sport_files/sport_files/sport_files/sport_files/sport_files/sport_files/1786268892004.png:0
[  196083ms] [ERROR] Failed to load resource: net::ERR_CONNECTION_REFUSED @ http://localhost:5050/sport_files/sport_files/sport_files/sport_files/sport_files/sport_files/sport_files/sport_files/sport_files/sport_files/sport_files/sport_files/sport_files/sport_files/1786956798302.png:0
[  196105ms] [ERROR] Failed to load resource: net::ERR_CONNECTION_REFUSED @ http://localhost:5050/sport_files/sport_files/sport_files/sport_files/sport_files/sport_files/sport_files/sport_files/sport_files/sport_files/sport_files/sport_files/sport_files/sport_files/1786268932607.png:0
[  196121ms] [ERROR] Failed to load resource: net::ERR_CONNECTION_REFUSED @ http://localhost:5050/sport_files/sport_files/sport_files/sport_files/sport_files/sport_files/sport_files/sport_files/sport_files/sport_files/sport_files/sport_files/sport_files/sport_files/1778281410174.jpg:0
[  196121ms] [ERROR] Failed to load resource: net::ERR_CONNECTION_REFUSED @ http://localhost:5050/sport_files/sport_files/sport_files/sport_files/sport_files/sport_files/sport_files/sport_files/sport_files/sport_files/sport_files/sport_files/sport_files/sport_files/1786895079723.png:0
[  196121ms] [ERROR] Failed to load resource: net::ERR_CONNECTION_REFUSED @ http://localhost:5050/sport_files/sport_files/sport_files/sport_files/sport_files/sport_files/sport_files/sport_files/sport_files/sport_files/sport_files/sport_files/sport_files/sport_files/1786956861063.png:0
[  198413ms] [ERROR] Failed to load resource: net::ERR_CONNECTION_REFUSED @ http://localhost:5050/sport_files/sport_files/sport_files/sport_files/sport_files/sport_files/sport_files/sport_files/sport_files/sport_files/sport_files/sport_files/sport_files/sport_files/1786895164801.png:0
[  198433ms] [ERROR] Failed to load resource: net::ERR_CONNECTION_REFUSED @ http://localhost:5050/sport_files/sport_files/sport_files/sport_files/sport_files/sport_files/sport_files/sport_files/sport_files/sport_files/sport_files/sport_files/sport_files/sport_files/1786955165631.png:0
[  198463ms] [ERROR] Failed to load resource: net::ERR_CONNECTION_REFUSED @ http://localhost:5050/sport_files/sport_files/sport_files/sport_files/sport_files/sport_files/sport_files/sport_files/sport_files/sport_files/sport_files/sport_files/sport_files/sport_files/1784278232340.png:0
[  198463ms] [ERROR] Failed to load resource: net::ERR_CONNECTION_REFUSED @ http://localhost:5050/sport_files/sport_files/sport_files/sport_files/sport_files/sport_files/sport_files/sport_files/sport_files/sport_files/sport_files/sport_files/sport_files/sport_files/1786955295865.png:0
[  198463ms] [ERROR] Failed to load resource: net::ERR_CONNECTION_REFUSED @ http://localhost:5050/sport_files/sport_files/sport_files/sport_files/sport_files/sport_files/sport_files/sport_files/sport_files/sport_files/sport_files/sport_files/sport_files/sport_files/1778281651447.jpg:0
[  198482ms] [ERROR] Failed to load resource: net::ERR_CONNECTION_REFUSED @ http://localhost:5050/sport_files/sport_files/sport_files/sport_files/sport_files/sport_files/sport_files/sport_files/sport_files/sport_files/sport_files/sport_files/sport_files/sport_files/1778281818727.jpg:0
[  200779ms] [ERROR] Failed to load resource: net::ERR_CONNECTION_REFUSED @ http://localhost:5050/sport_files/sport_files/sport_files/sport_files/sport_files/sport_files/sport_files/sport_files/sport_files/sport_files/sport_files/sport_files/sport_files/sport_files/1786954620167.png:0
[  200799ms] [ERROR] Failed to load resource: net::ERR_CONNECTION_REFUSED @ http://localhost:5050/sport_files/sport_files/sport_files/sport_files/sport_files/sport_files/sport_files/sport_files/sport_files/sport_files/sport_files/sport_files/sport_files/sport_files/1785664485511.webp:0
[  200830ms] [ERROR] Failed to load resource: net::ERR_CONNECTION_REFUSED @ http://localhost:5050/sport_files/sport_files/sport_files/sport_files/sport_files/sport_files/sport_files/sport_files/sport_files/sport_files/sport_files/sport_files/sport_files/sport_files/1786954661225.png:0
[  200830ms] [ERROR] Failed to load resource: net::ERR_CONNECTION_REFUSED @ http://localhost:5050/sport_files/sport_files/sport_files/sport_files/sport_files/sport_files/sport_files/sport_files/sport_files/sport_files/sport_files/sport_files/sport_files/sport_files/1786954681257.png:0
[  200830ms] [ERROR] Failed to load resource: net::ERR_CONNECTION_REFUSED @ http://localhost:5050/sport_files/sport_files/sport_files/sport_files/sport_files/sport_files/sport_files/sport_files/sport_files/sport_files/sport_files/sport_files/sport_files/sport_files/1786955062370.png:0
[  200849ms] [ERROR] Failed to load resource: net::ERR_CONNECTION_REFUSED @ http://localhost:5050/sport_files/sport_files/sport_files/sport_files/sport_files/sport_files/sport_files/sport_files/sport_files/sport_files/sport_files/sport_files/sport_files/sport_files/1786956817268.png:0
[  203133ms] [ERROR] Failed to load resource: net::ERR_CONNECTION_REFUSED @ http://localhost:5050/sport_files/sport_files/sport_files/sport_files/sport_files/sport_files/sport_files/sport_files/sport_files/sport_files/sport_files/sport_files/sport_files/sport_files/1786956834836.png:0
[  203150ms] [ERROR] Failed to load resource: net::ERR_CONNECTION_REFUSED @ http://localhost:5050/sport_files/sport_files/sport_files/sport_files/sport_files/sport_files/sport_files/sport_files/sport_files/sport_files/sport_files/sport_files/sport_files/sport_files/1786956880596.png:0
[  203180ms] [ERROR] Failed to load resource: net::ERR_CONNECTION_REFUSED @ http://localhost:5050/sport_files/sport_files/sport_files/sport_files/sport_files/sport_files/sport_files/sport_files/sport_files/sport_files/sport_files/sport_files/sport_files/sport_files/logo.png:0
[  203203ms] [ERROR] Failed to load resource: net::ERR_CONNECTION_REFUSED @ http://localhost:5050/sport_files/sport_files/sport_files/sport_files/sport_files/sport_files/sport_files/sport_files/sport_files/sport_files/sport_files/sport_files/sport_files/sport_files/banners/1787598384490.webp:0
[  203203ms] [ERROR] Failed to load resource: net::ERR_CONNECTION_REFUSED @ http://localhost:5050/sport_files/sport_files/sport_files/sport_files/sport_files/sport_files/sport_files/sport_files/sport_files/sport_files/sport_files/sport_files/sport_files/sport_files/banners/1787628463829.webp:0
[  203214ms] [ERROR] Failed to load resource: net::ERR_CONNECTION_REFUSED @ http://localhost:5050/sport_files/sport_files/sport_files/sport_files/sport_files/sport_files/sport_files/sport_files/sport_files/sport_files/sport_files/sport_files/sport_files/sport_files/banners/1787598250897.webp:0
[  205481ms] [ERROR] Failed to load resource: net::ERR_CONNECTION_REFUSED @ http://localhost:5050/sport_files/sport_files/sport_files/sport_files/sport_files/sport_files/sport_files/sport_files/sport_files/sport_files/sport_files/sport_files/sport_files/sport_files/banners/1787428510867.webp:0
[  205496ms] [ERROR] Failed to load resource: net::ERR_CONNECTION_REFUSED @ http://localhost:5050/sport_files/sport_files/sport_files/sport_files/sport_files/sport_files/sport_files/sport_files/sport_files/sport_files/sport_files/sport_files/sport_files/sport_files/banners/1787513921448.webp:0
[  205539ms] [ERROR] Failed to load resource: net::ERR_CONNECTION_REFUSED @ http://localhost:5050/sport_files/sport_files/sport_files/sport_files/sport_files/sport_files/sport_files/sport_files/sport_files/sport_files/sport_files/sport_files/sport_files/sport_files/banners/1787553144555.webp:0
[  205539ms] [ERROR] Failed to load resource: net::ERR_CONNECTION_REFUSED @ http://localhost:5050/sport_files/sport_files/sport_files/sport_files/sport_files/sport_files/sport_files/sport_files/sport_files/sport_files/sport_files/sport_files/sport_files/sport_files/banners/1787599619974.webp:0
[  205554ms] [ERROR] Failed to load resource: net::ERR_CONNECTION_REFUSED @ http://localhost:5050/sport_files/sport_files/sport_files/sport_files/sport_files/sport_files/sport_files/sport_files/sport_files/sport_files/sport_files/sport_files/sport_files/sport_files/banners/1787599192985.webp:0
[  205554ms] [ERROR] Failed to load resource: net::ERR_CONNECTION_REFUSED @ http://localhost:5050/sport_files/sport_files/sport_files/sport_files/sport_files/sport_files/sport_files/sport_files/sport_files/sport_files/sport_files/sport_files/sport_files/sport_files/banners/1787635044676.webp:0
[  207845ms] [ERROR] Failed to load resource: net::ERR_CONNECTION_REFUSED @ http://localhost:5050/sport_files/sport_files/sport_files/sport_files/sport_files/sport_files/sport_files/sport_files/sport_files/sport_files/sport_files/sport_files/sport_files/sport_files/sidebanners/1786268892004.png:0
[  207863ms] [ERROR] Failed to load resource: net::ERR_CONNECTION_REFUSED @ http://localhost:5050/sport_files/sport_files/sport_files/sport_files/sport_files/sport_files/sport_files/sport_files/sport_files/sport_files/sport_files/sport_files/sport_files/sport_files/sidebanners/1786956798302.png:0
[  207905ms] [ERROR] Failed to load resource: net::ERR_CONNECTION_REFUSED @ http://localhost:5050/sport_files/sport_files/sport_files/sport_files/sport_files/sport_files/sport_files/sport_files/sport_files/sport_files/sport_files/sport_files/sport_files/sport_files/sidebanners/1786268932607.png:0
[  207905ms] [ERROR] Failed to load resource: net::ERR_CONNECTION_REFUSED @ http://localhost:5050/sport_files/sport_files/sport_files/sport_files/sport_files/sport_files/sport_files/sport_files/sport_files/sport_files/sport_files/sport_files/sport_files/sport_files/sidebanners/1778281410174.jpg:0
[  207920ms] [ERROR] Failed to load resource: net::ERR_CONNECTION_REFUSED @ http://localhost:5050/sport_files/sport_files/sport_files/sport_files/sport_files/sport_files/sport_files/sport_files/sport_files/sport_files/sport_files/sport_files/sport_files/sport_files/sidebanners/1786895079723.png:0
[  207920ms] [ERROR] Failed to load resource: net::ERR_CONNECTION_REFUSED @ http://localhost:5050/sport_files/sport_files/sport_files/sport_files/sport_files/sport_files/sport_files/sport_files/sport_files/sport_files/sport_files/sport_files/sport_files/sport_files/sidebanners/1786956861063.png:0
[  210213ms] [ERROR] Failed to load resource: net::ERR_CONNECTION_REFUSED @ http://localhost:5050/sport_files/sport_files/sport_files/sport_files/sport_files/sport_files/sport_files/sport_files/sport_files/sport_files/sport_files/sport_files/sport_files/sport_files/sidebanners/1786895164801.png:0
[  210231ms] [ERROR] Failed to load resource: net::ERR_CONNECTION_REFUSED @ http://localhost:5050/sport_files/sport_files/sport_files/sport_files/sport_files/sport_files/sport_files/sport_files/sport_files/sport_files/sport_files/sport_files/sport_files/sport_files/sidebanners/1786955165631.png:0
[  210257ms] [ERROR] Failed to load resource: net::ERR_CONNECTION_REFUSED @ http://localhost:5050/sport_files/sport_files/sport_files/sport_files/sport_files/sport_files/sport_files/sport_files/sport_files/sport_files/sport_files/sport_files/sport_files/sport_files/sidebanners/1784278232340.png:0
[  210273ms] [ERROR] Failed to load resource: net::ERR_CONNECTION_REFUSED @ http://localhost:5050/sport_files/sport_files/sport_files/sport_files/sport_files/sport_files/sport_files/sport_files/sport_files/sport_files/sport_files/sport_files/sport_files/sport_files/sidebanners/1786955295865.png:0
[  210273ms] [ERROR] Failed to load resource: net::ERR_CONNECTION_REFUSED @ http://localhost:5050/sport_files/sport_files/sport_files/sport_files/sport_files/sport_files/sport_files/sport_files/sport_files/sport_files/sport_files/sport_files/sport_files/sport_files/sidebanners/1778281651447.jpg:0
[  210288ms] [ERROR] Failed to load resource: net::ERR_CONNECTION_REFUSED @ http://localhost:5050/sport_files/sport_files/sport_files/sport_files/sport_files/sport_files/sport_files/sport_files/sport_files/sport_files/sport_files/sport_files/sport_files/sport_files/sidebanners/1778281818727.jpg:0
[  212572ms] [ERROR] Failed to load resource: net::ERR_CONNECTION_REFUSED @ http://localhost:5050/sport_files/sport_files/sport_files/sport_files/sport_files/sport_files/sport_files/sport_files/sport_files/sport_files/sport_files/sport_files/sport_files/sport_files/sidebanners/1786954620167.png:0
[  212587ms] [ERROR] Failed to load resource: net::ERR_CONNECTION_REFUSED @ http://localhost:5050/sport_files/sport_files/sport_files/sport_files/sport_files/sport_files/sport_files/sport_files/sport_files/sport_files/sport_files/sport_files/sport_files/sport_files/sidebanners/1786954661225.png:0
[  212618ms] [ERROR] Failed to load resource: net::ERR_CONNECTION_REFUSED @ http://localhost:5050/sport_files/sport_files/sport_files/sport_files/sport_files/sport_files/sport_files/sport_files/sport_files/sport_files/sport_files/sport_files/sport_files/sport_files/sidebanners/1786954681257.png:0
[  212633ms] [ERROR] Failed to load resource: net::ERR_CONNECTION_REFUSED @ http://localhost:5050/sport_files/sport_files/sport_files/sport_files/sport_files/sport_files/sport_files/sport_files/sport_files/sport_files/sport_files/sport_files/sport_files/sport_files/sidebanners/1786956817268.png:0
[  212633ms] [ERROR] Failed to load resource: net::ERR_CONNECTION_REFUSED @ http://localhost:5050/sport_files/sport_files/sport_files/sport_files/sport_files/sport_files/sport_files/sport_files/sport_files/sport_files/sport_files/sport_files/sport_files/sport_files/sidebanners/1786956834836.png:0
[  212650ms] [ERROR] Failed to load resource: net::ERR_CONNECTION_REFUSED @ http://localhost:5050/sport_files/sport_files/sport_files/sport_files/sport_files/sport_files/sport_files/sport_files/sport_files/sport_files/sport_files/sport_files/sport_files/sport_files/sidebanners/1786956880596.png:0
[  214940ms] [ERROR] Failed to load resource: net::ERR_CONNECTION_REFUSED @ http://localhost:5050/sport_files/sport_files/sport_files/sport_files/sport_files/sport_files/sport_files/sport_files/sport_files/sport_files/sport_files/sport_files/sport_files/sport_files/sidebanners/1785664485511.webp:0
[  214956ms] [ERROR] Failed to load resource: net::ERR_CONNECTION_REFUSED @ http://localhost:5050/sport_files/sport_files/sport_files/sport_files/sport_files/sport_files/sport_files/sport_files/sport_files/sport_files/sport_files/sport_files/sport_files/sport_files/sidebanners/1786955062370.png:0
[  214987ms] [ERROR] Failed to load resource: net::ERR_CONNECTION_REFUSED @ http://localhost:5050/cdn-cgi/challenge-platform/scripts/jsd/main.js:0
[  215004ms] [ERROR] Failed to load resource: net::ERR_CONNECTION_REFUSED @ http://localhost:5050/cdn-cgi/challenge-platform/scripts/jsd/main.js:0
[  215004ms] [ERROR] Failed to load resource: net::ERR_CONNECTION_REFUSED @ http://localhost:5050/cdn-cgi/challenge-platform/scripts/jsd/main.js:0
[  215021ms] [ERROR] Failed to load resource: net::ERR_CONNECTION_REFUSED @ http://localhost:5050/cdn-cgi/challenge-platform/scripts/jsd/main.js:0
[  217301ms] [ERROR] Failed to load resource: net::ERR_CONNECTION_REFUSED @ http://localhost:5050/cdn-cgi/challenge-platform/scripts/jsd/main.js:0
[  217317ms] [ERROR] Failed to load resource: net::ERR_CONNECTION_REFUSED @ http://localhost:5050/cdn-cgi/challenge-platform/scripts/jsd/main.js:0
