[     884ms] Unexpected token '<'
[    2431ms] [ERROR] Failed to find a valid digest in the 'integrity' attribute for resource 'http://localhost:5050/sport_files/v4513226cdae34746b4dedf0b4dfa099e1781791509496' with computed SHA-512 integrity 'RlxibSLd45WeTbABSI29znqr4dvAD8YYgHbVxoB+339OCT/GLnVlwUeXWYgJVft8G3EiNN2vDBS9S9imF69qtA=='. The resource has been blocked. @ http://localhost:5050/sport:0
[    2891ms] [ERROR] Failed to find a valid digest in the 'integrity' attribute for resource 'http://localhost:5050/sport_files/sport_files/jquery-3.5.1.min.js.download' with computed SHA-256 integrity '3HAq70adgMAKMyRRMoIKHlA/woNydpSfAHMD4n4cl70='. The resource has been blocked. @ http://localhost:5050/sport_files/saved_resource:0
[    3121ms] Unexpected token '<'
[    4075ms] Unexpected token '<'
[    4076ms] ReferenceError: $ is not defined
    at http://localhost:5050/sport_files/saved_resource:4190:1
[    4096ms] Unexpected token '<'
[    4127ms] Unexpected token '<'
[    4144ms] Unexpected token '<'
[    4177ms] Unexpected token '<'
[    4236ms] Unexpected token '<'
[    4240ms] Unexpected token '<'
[    4273ms] Unexpected token '<'
[    4283ms] Unexpected token '<'
[    4317ms] Unexpected token '<'
[    4441ms] Unexpected token '<'
[    4810ms] Unexpected token '<'
[    4810ms] Unexpected token '<'
[    4817ms] Unexpected token '<'
[    4836ms] [ERROR] Failed to find a valid digest in the 'integrity' attribute for resource 'http://localhost:5050/sport_files/sport_files/v4513226cdae34746b4dedf0b4dfa099e1781791509496' with computed SHA-512 integrity 'RlxibSLd45WeTbABSI29znqr4dvAD8YYgHbVxoB+339OCT/GLnVlwUeXWYgJVft8G3EiNN2vDBS9S9imF69qtA=='. The resource has been blocked. @ http://localhost:5050/sport_files/saved_resource:0
[    4850ms] Unexpected token '<'
[    6066ms] [ERROR] Failed to find a valid digest in the 'integrity' attribute for resource 'http://localhost:5050/sport_files/sport_files/sport_files/jquery-3.5.1.min.js.download' with computed SHA-256 integrity '3HAq70adgMAKMyRRMoIKHlA/woNydpSfAHMD4n4cl70='. The resource has been blocked. @ http://localhost:5050/sport_files/sport_files/saved_resource:0
[    6083ms] Unexpected token '<'
[    6289ms] Unexpected token '<'
[    6308ms] ReferenceError: $ is not defined
    at http://localhost:5050/sport_files/sport_files/saved_resource:4190:1
[    6319ms] Unexpected token '<'
[    6489ms] Unexpected token '<'
[    6519ms] Unexpected token '<'
[    6532ms] Unexpected token '<'
[    6538ms] Unexpected token '<'
[    6606ms] Unexpected token '<'
[    6616ms] Unexpected token '<'
[    6734ms] Unexpected token '<'
[    6750ms] Unexpected token '<'
[    6857ms] Unexpected token '<'
[    7111ms] Unexpected token '<'
[    7117ms] Unexpected token '<'
[    7128ms] Unexpected token '<'
[    7152ms] [ERROR] Failed to find a valid digest in the 'integrity' attribute for resource 'http://localhost:5050/sport_files/sport_files/sport_files/v4513226cdae34746b4dedf0b4dfa099e1781791509496' with computed SHA-512 integrity 'RlxibSLd45WeTbABSI29znqr4dvAD8YYgHbVxoB+339OCT/GLnVlwUeXWYgJVft8G3EiNN2vDBS9S9imF69qtA=='. The resource has been blocked. @ http://localhost:5050/sport_files/sport_files/saved_resource:0
[    7161ms] Unexpected token '<'
[    8727ms] [ERROR] Failed to find a valid digest in the 'integrity' attribute for resource 'http://localhost:5050/sport_files/sport_files/sport_files/sport_files/jquery-3.5.1.min.js.download' with computed SHA-256 integrity '3HAq70adgMAKMyRRMoIKHlA/woNydpSfAHMD4n4cl70='. The resource has been blocked. @ http://localhost:5050/sport_files/sport_files/sport_files/saved_resource:0
[    8745ms] Unexpected token '<'
[    9193ms] Unexpected token '<'
[    9218ms] ReferenceError: $ is not defined
    at http://localhost:5050/sport_files/sport_files/sport_files/saved_resource:4190:1
[    9234ms] Unexpected token '<'
[    9257ms] Unexpected token '<'
[    9267ms] Unexpected token '<'
[    9282ms] Unexpected token '<'
[    9368ms] Unexpected token '<'
[    9550ms] Unexpected token '<'
[    9567ms] Unexpected token '<'
[    9587ms] Unexpected token '<'
[    9636ms] Unexpected token '<'
[    9654ms] Unexpected token '<'
[    9952ms] Unexpected token '<'
[    9960ms] Unexpected token '<'
[    9975ms] Unexpected token '<'
[   10003ms] [ERROR] Failed to find a valid digest in the 'integrity' attribute for resource 'http://localhost:5050/sport_files/sport_files/sport_files/sport_files/v4513226cdae34746b4dedf0b4dfa099e1781791509496' with computed SHA-512 integrity 'RlxibSLd45WeTbABSI29znqr4dvAD8YYgHbVxoB+339OCT/GLnVlwUeXWYgJVft8G3EiNN2vDBS9S9imF69qtA=='. The resource has been blocked. @ http://localhost:5050/sport_files/sport_files/sport_files/saved_resource:0
[   10009ms] Unexpected token '<'
[   10761ms] [ERROR] Failed to find a valid digest in the 'integrity' attribute for resource 'http://localhost:5050/sport_files/sport_files/sport_files/sport_files/sport_files/jquery-3.5.1.min.js.download' with computed SHA-256 integrity '3HAq70adgMAKMyRRMoIKHlA/woNydpSfAHMD4n4cl70='. The resource has been blocked. @ http://localhost:5050/sport_files/sport_files/sport_files/sport_files/saved_resource:0
[   11375ms] Unexpected token '<'
[   11621ms] Unexpected token '<'
[   11646ms] ReferenceError: $ is not defined
    at http://localhost:5050/sport_files/sport_files/sport_files/sport_files/saved_resource:4190:1
[   11721ms] Unexpected token '<'
[   11836ms] Unexpected token '<'
[   11855ms] Unexpected token '<'
[   11861ms] Unexpected token '<'
[   11874ms] Unexpected token '<'
[   11918ms] Unexpected token '<'
[   11987ms] Unexpected token '<'
[   12121ms] Unexpected token '<'
[   12142ms] Unexpected token '<'
[   12159ms] Unexpected token '<'
[   12437ms] Unexpected token '<'
[   12443ms] Unexpected token '<'
[   12458ms] Unexpected token '<'
[   12487ms] [ERROR] Failed to find a valid digest in the 'integrity' attribute for resource 'http://localhost:5050/sport_files/sport_files/sport_files/sport_files/sport_files/v4513226cdae34746b4dedf0b4dfa099e1781791509496' with computed SHA-512 integrity 'RlxibSLd45WeTbABSI29znqr4dvAD8YYgHbVxoB+339OCT/GLnVlwUeXWYgJVft8G3EiNN2vDBS9S9imF69qtA=='. The resource has been blocked. @ http://localhost:5050/sport_files/sport_files/sport_files/sport_files/saved_resource:0
[   12493ms] Unexpected token '<'
[   13405ms] [ERROR] Failed to find a valid digest in the 'integrity' attribute for resource 'http://localhost:5050/sport_files/sport_files/sport_files/sport_files/sport_files/sport_files/jquery-3.5.1.min.js.download' with computed SHA-256 integrity '3HAq70adgMAKMyRRMoIKHlA/woNydpSfAHMD4n4cl70='. The resource has been blocked. @ http://localhost:5050/sport_files/sport_files/sport_files/sport_files/sport_files/saved_resource:0
[   13601ms] Unexpected token '<'
[   14008ms] Unexpected token '<'
[   14021ms] ReferenceError: $ is not defined
    at http://localhost:5050/sport_files/sport_files/sport_files/sport_files/sport_files/saved_resource:4190:1
[   14042ms] Unexpected token '<'
[   14055ms] Unexpected token '<'
[   14059ms] Unexpected token '<'
[   14065ms] Unexpected token '<'
[   14293ms] Unexpected token '<'
[   14386ms] Unexpected token '<'
[   14404ms] Unexpected token '<'
[   14409ms] Unexpected token '<'
[   14423ms] Unexpected token '<'
[   14550ms] Unexpected token '<'
[   14883ms] Unexpected token '<'
[   14889ms] Unexpected token '<'
[   14905ms] Unexpected token '<'
[   14912ms] [ERROR] Failed to find a valid digest in the 'integrity' attribute for resource 'http://localhost:5050/sport_files/sport_files/sport_files/sport_files/sport_files/sport_files/v4513226cdae34746b4dedf0b4dfa099e1781791509496' with computed SHA-512 integrity 'RlxibSLd45WeTbABSI29znqr4dvAD8YYgHbVxoB+339OCT/GLnVlwUeXWYgJVft8G3EiNN2vDBS9S9imF69qtA=='. The resource has been blocked. @ http://localhost:5050/sport_files/sport_files/sport_files/sport_files/sport_files/saved_resource:0
[   14919ms] Unexpected token '<'
[   15960ms] [ERROR] Failed to find a valid digest in the 'integrity' attribute for resource 'http://localhost:5050/sport_files/sport_files/sport_files/sport_files/sport_files/sport_files/sport_files/jquery-3.5.1.min.js.download' with computed SHA-256 integrity '3HAq70adgMAKMyRRMoIKHlA/woNydpSfAHMD4n4cl70='. The resource has been blocked. @ http://localhost:5050/sport_files/sport_files/sport_files/sport_files/sport_files/sport_files/saved_resource:0
[   15976ms] Unexpected token '<'
[   16120ms] Unexpected token '<'
[   16159ms] ReferenceError: $ is not defined
    at http://localhost:5050/sport_files/sport_files/sport_files/sport_files/sport_files/sport_files/saved_resource:4190:1
[   16200ms] Unexpected token '<'
[   16373ms] Unexpected token '<'
[   16390ms] Unexpected token '<'
[   16402ms] Unexpected token '<'
[   16407ms] Unexpected token '<'
[   16420ms] Unexpected token '<'
[   16500ms] Unexpected token '<'
[   16635ms] Unexpected token '<'
[   16643ms] Unexpected token '<'
[   16651ms] Unexpected token '<'
[   17060ms] Unexpected token '<'
[   17088ms] Unexpected token '<'
[   17095ms] Unexpected token '<'
[   17238ms] [ERROR] Failed to find a valid digest in the 'integrity' attribute for resource 'http://localhost:5050/sport_files/sport_files/sport_files/sport_files/sport_files/sport_files/sport_files/v4513226cdae34746b4dedf0b4dfa099e1781791509496' with computed SHA-512 integrity 'RlxibSLd45WeTbABSI29znqr4dvAD8YYgHbVxoB+339OCT/GLnVlwUeXWYgJVft8G3EiNN2vDBS9S9imF69qtA=='. The resource has been blocked. @ http://localhost:5050/sport_files/sport_files/sport_files/sport_files/sport_files/sport_files/saved_resource:0
[   17252ms] Unexpected token '<'
[   18697ms] [ERROR] Failed to find a valid digest in the 'integrity' attribute for resource 'http://localhost:5050/sport_files/sport_files/sport_files/sport_files/sport_files/sport_files/sport_files/sport_files/jquery-3.5.1.min.js.download' with computed SHA-256 integrity '3HAq70adgMAKMyRRMoIKHlA/woNydpSfAHMD4n4cl70='. The resource has been blocked. @ http://localhost:5050/sport_files/sport_files/sport_files/sport_files/sport_files/sport_files/sport_files/saved_resource:0
[   18970ms] Unexpected token '<'
[   19377ms] Unexpected token '<'
[   19393ms] ReferenceError: $ is not defined
    at http://localhost:5050/sport_files/sport_files/sport_files/sport_files/sport_files/sport_files/sport_files/saved_resource:4190:1
[   19578ms] Unexpected token '<'
[   19625ms] Unexpected token '<'
[   19704ms] Unexpected token '<'
[   19750ms] Unexpected token '<'
[   19781ms] Unexpected token '<'
[   19888ms] Unexpected token '<'
[   20117ms] Unexpected token '<'
[   20152ms] Unexpected token '<'
[   20156ms] Unexpected token '<'
[   20178ms] Unexpected token '<'
[   20536ms] Unexpected token '<'
[   20542ms] Unexpected token '<'
[   20567ms] Unexpected token '<'
[   20596ms] [ERROR] Failed to find a valid digest in the 'integrity' attribute for resource 'http://localhost:5050/sport_files/sport_files/sport_files/sport_files/sport_files/sport_files/sport_files/sport_files/v4513226cdae34746b4dedf0b4dfa099e1781791509496' with computed SHA-512 integrity 'RlxibSLd45WeTbABSI29znqr4dvAD8YYgHbVxoB+339OCT/GLnVlwUeXWYgJVft8G3EiNN2vDBS9S9imF69qtA=='. The resource has been blocked. @ http://localhost:5050/sport_files/sport_files/sport_files/sport_files/sport_files/sport_files/sport_files/saved_resource:0
[   20604ms] Unexpected token '<'
[   21480ms] [ERROR] Failed to find a valid digest in the 'integrity' attribute for resource 'http://localhost:5050/sport_files/sport_files/sport_files/sport_files/sport_files/sport_files/sport_files/sport_files/sport_files/jquery-3.5.1.min.js.download' with computed SHA-256 integrity '3HAq70adgMAKMyRRMoIKHlA/woNydpSfAHMD4n4cl70='. The resource has been blocked. @ http://localhost:5050/sport_files/sport_files/sport_files/sport_files/sport_files/sport_files/sport_files/sport_files/saved_resource:0
[   21717ms] Unexpected token '<'
[   22271ms] Unexpected token '<'
[   22289ms] ReferenceError: $ is not defined
    at http://localhost:5050/sport_files/sport_files/sport_files/sport_files/sport_files/sport_files/sport_files/sport_files/saved_resource:4190:1
[   22302ms] Unexpected token '<'
[   22311ms] Unexpected token '<'
[   22319ms] Unexpected token '<'
[   22340ms] Unexpected token '<'
[   22454ms] Unexpected token '<'
[   22541ms] Unexpected token '<'
[   22622ms] Unexpected token '<'
[   22656ms] Unexpected token '<'
[   22667ms] Unexpected token '<'
[   22825ms] Unexpected token '<'
[   23165ms] Unexpected token '<'
[   23171ms] Unexpected token '<'
[   23177ms] Unexpected token '<'
[   23198ms] [ERROR] Failed to find a valid digest in the 'integrity' attribute for resource 'http://localhost:5050/sport_files/sport_files/sport_files/sport_files/sport_files/sport_files/sport_files/sport_files/sport_files/v4513226cdae34746b4dedf0b4dfa099e1781791509496' with computed SHA-512 integrity 'RlxibSLd45WeTbABSI29znqr4dvAD8YYgHbVxoB+339OCT/GLnVlwUeXWYgJVft8G3EiNN2vDBS9S9imF69qtA=='. The resource has been blocked. @ http://localhost:5050/sport_files/sport_files/sport_files/sport_files/sport_files/sport_files/sport_files/sport_files/saved_resource:0
[   23206ms] Unexpected token '<'
[   24759ms] [ERROR] Failed to find a valid digest in the 'integrity' attribute for resource 'http://localhost:5050/sport_files/sport_files/sport_files/sport_files/sport_files/sport_files/sport_files/sport_files/sport_files/sport_files/jquery-3.5.1.min.js.download' with computed SHA-256 integrity '3HAq70adgMAKMyRRMoIKHlA/woNydpSfAHMD4n4cl70='. The resource has been blocked. @ http://localhost:5050/sport_files/sport_files/sport_files/sport_files/sport_files/sport_files/sport_files/sport_files/sport_files/saved_resource:0
[   24784ms] Unexpected token '<'
[   25161ms] Unexpected token '<'
[   25193ms] ReferenceError: $ is not defined
    at http://localhost:5050/sport_files/sport_files/sport_files/sport_files/sport_files/sport_files/sport_files/sport_files/sport_files/saved_resource:4190:1
[   25200ms] Unexpected token '<'
[   25254ms] Unexpected token '<'
[   25372ms] Unexpected token '<'
[   25469ms] Unexpected token '<'
[   25499ms] Unexpected token '<'
[   25519ms] Unexpected token '<'
[   25553ms] Unexpected token '<'
[   25688ms] Unexpected token '<'
[   25740ms] Unexpected token '<'
[   25792ms] Unexpected token '<'
[   26148ms] Unexpected token '<'
[   26183ms] Unexpected token '<'
[   26211ms] Unexpected token '<'
[   26255ms] [ERROR] Failed to find a valid digest in the 'integrity' attribute for resource 'http://localhost:5050/sport_files/sport_files/sport_files/sport_files/sport_files/sport_files/sport_files/sport_files/sport_files/sport_files/v4513226cdae34746b4dedf0b4dfa099e1781791509496' with computed SHA-512 integrity 'RlxibSLd45WeTbABSI29znqr4dvAD8YYgHbVxoB+339OCT/GLnVlwUeXWYgJVft8G3EiNN2vDBS9S9imF69qtA=='. The resource has been blocked. @ http://localhost:5050/sport_files/sport_files/sport_files/sport_files/sport_files/sport_files/sport_files/sport_files/sport_files/saved_resource:0
[   26275ms] Unexpected token '<'
[   27830ms] [ERROR] Failed to find a valid digest in the 'integrity' attribute for resource 'http://localhost:5050/sport_files/sport_files/sport_files/sport_files/sport_files/sport_files/sport_files/sport_files/sport_files/sport_files/sport_files/jquery-3.5.1.min.js.download' with computed SHA-256 integrity '3HAq70adgMAKMyRRMoIKHlA/woNydpSfAHMD4n4cl70='. The resource has been blocked. @ http://localhost:5050/sport_files/sport_files/sport_files/sport_files/sport_files/sport_files/sport_files/sport_files/sport_files/sport_files/saved_resource:0
[   27871ms] Unexpected token '<'
[   28266ms] Unexpected token '<'
[   28304ms] ReferenceError: $ is not defined
    at http://localhost:5050/sport_files/sport_files/sport_files/sport_files/sport_files/sport_files/sport_files/sport_files/sport_files/sport_files/saved_resource:4190:1
[   28311ms] Unexpected token '<'
[   28334ms] Unexpected token '<'
[   28546ms] Unexpected token '<'
[   28732ms] Unexpected token '<'
[   28759ms] Unexpected token '<'
[   28775ms] Unexpected token '<'
[   28975ms] Unexpected token '<'
[   29107ms] Unexpected token '<'
[   29154ms] Unexpected token '<'
[   29184ms] Unexpected token '<'
[   29577ms] Unexpected token '<'
[   29579ms] Unexpected token '<'
[   29586ms] Unexpected token '<'
[   29618ms] [ERROR] Failed to find a valid digest in the 'integrity' attribute for resource 'http://localhost:5050/sport_files/sport_files/sport_files/sport_files/sport_files/sport_files/sport_files/sport_files/sport_files/sport_files/sport_files/v4513226cdae34746b4dedf0b4dfa099e1781791509496' with computed SHA-512 integrity 'RlxibSLd45WeTbABSI29znqr4dvAD8YYgHbVxoB+339OCT/GLnVlwUeXWYgJVft8G3EiNN2vDBS9S9imF69qtA=='. The resource has been blocked. @ http://localhost:5050/sport_files/sport_files/sport_files/sport_files/sport_files/sport_files/sport_files/sport_files/sport_files/sport_files/saved_resource:0
[   29630ms] Unexpected token '<'
[   31383ms] [ERROR] Failed to find a valid digest in the 'integrity' attribute for resource 'http://localhost:5050/sport_files/sport_files/sport_files/sport_files/sport_files/sport_files/sport_files/sport_files/sport_files/sport_files/sport_files/sport_files/jquery-3.5.1.min.js.download' with computed SHA-256 integrity '3HAq70adgMAKMyRRMoIKHlA/woNydpSfAHMD4n4cl70='. The resource has been blocked. @ http://localhost:5050/sport_files/sport_files/sport_files/sport_files/sport_files/sport_files/sport_files/sport_files/sport_files/sport_files/sport_files/saved_resource:0
[   31408ms] Unexpected token '<'
[   32037ms] Unexpected token '<'
[   32058ms] ReferenceError: $ is not defined
    at http://localhost:5050/sport_files/sport_files/sport_files/sport_files/sport_files/sport_files/sport_files/sport_files/sport_files/sport_files/sport_files/saved_resource:4190:1
[   32059ms] Unexpected token '<'
[   32085ms] Unexpected token '<'
[   32100ms] Unexpected token '<'
[   32152ms] Unexpected token '<'
[   32189ms] Unexpected token '<'
[   32338ms] Unexpected token '<'
[   32357ms] Unexpected token '<'
[   32406ms] Unexpected token '<'
[   32424ms] Unexpected token '<'
[   32470ms] Unexpected token '<'
[   32786ms] Unexpected token '<'
[   32793ms] Unexpected token '<'
[   32823ms] Unexpected token '<'
[   32842ms] [ERROR] Failed to find a valid digest in the 'integrity' attribute for resource 'http://localhost:5050/sport_files/sport_files/sport_files/sport_files/sport_files/sport_files/sport_files/sport_files/sport_files/sport_files/sport_files/sport_files/v4513226cdae34746b4dedf0b4dfa099e1781791509496' with computed SHA-512 integrity 'RlxibSLd45WeTbABSI29znqr4dvAD8YYgHbVxoB+339OCT/GLnVlwUeXWYgJVft8G3EiNN2vDBS9S9imF69qtA=='. The resource has been blocked. @ http://localhost:5050/sport_files/sport_files/sport_files/sport_files/sport_files/sport_files/sport_files/sport_files/sport_files/sport_files/sport_files/saved_resource:0
[   32849ms] Unexpected token '<'
[   33967ms] [ERROR] Failed to find a valid digest in the 'integrity' attribute for resource 'http://localhost:5050/sport_files/sport_files/sport_files/sport_files/sport_files/sport_files/sport_files/sport_files/sport_files/sport_files/sport_files/sport_files/sport_files/jquery-3.5.1.min.js.download' with computed SHA-256 integrity '3HAq70adgMAKMyRRMoIKHlA/woNydpSfAHMD4n4cl70='. The resource has been blocked. @ http://localhost:5050/sport_files/sport_files/sport_files/sport_files/sport_files/sport_files/sport_files/sport_files/sport_files/sport_files/sport_files/sport_files/saved_resource:0
[   33985ms] Unexpected token '<'
[   34390ms] Unexpected token '<'
[   34410ms] ReferenceError: $ is not defined
    at http://localhost:5050/sport_files/sport_files/sport_files/sport_files/sport_files/sport_files/sport_files/sport_files/sport_files/sport_files/sport_files/sport_files/saved_resource:4190:1
[   34416ms] Unexpected token '<'
[   34428ms] Unexpected token '<'
[   34445ms] Unexpected token '<'
[   34452ms] Unexpected token '<'
[   34694ms] Unexpected token '<'
[   34710ms] Unexpected token '<'
[   34716ms] Unexpected token '<'
[   34805ms] Unexpected token '<'
[   34908ms] Unexpected token '<'
[   34927ms] Unexpected token '<'
[   35203ms] Unexpected token '<'
[   35212ms] Unexpected token '<'
[   35306ms] Unexpected token '<'
[   35369ms] [ERROR] Failed to find a valid digest in the 'integrity' attribute for resource 'http://localhost:5050/sport_files/sport_files/sport_files/sport_files/sport_files/sport_files/sport_files/sport_files/sport_files/sport_files/sport_files/sport_files/sport_files/v4513226cdae34746b4dedf0b4dfa099e1781791509496' with computed SHA-512 integrity 'RlxibSLd45WeTbABSI29znqr4dvAD8YYgHbVxoB+339OCT/GLnVlwUeXWYgJVft8G3EiNN2vDBS9S9imF69qtA=='. The resource has been blocked. @ http://localhost:5050/sport_files/sport_files/sport_files/sport_files/sport_files/sport_files/sport_files/sport_files/sport_files/sport_files/sport_files/sport_files/saved_resource:0
[   35377ms] Unexpected token '<'
[   36988ms] [ERROR] Failed to find a valid digest in the 'integrity' attribute for resource 'http://localhost:5050/sport_files/sport_files/sport_files/sport_files/sport_files/sport_files/sport_files/sport_files/sport_files/sport_files/sport_files/sport_files/sport_files/sport_files/jquery-3.5.1.min.js.download' with computed SHA-256 integrity '3HAq70adgMAKMyRRMoIKHlA/woNydpSfAHMD4n4cl70='. The resource has been blocked. @ http://localhost:5050/sport_files/sport_files/sport_files/sport_files/sport_files/sport_files/sport_files/sport_files/sport_files/sport_files/sport_files/sport_files/sport_files/saved_resource:0
[   37038ms] Unexpected token '<'
[   37260ms] Unexpected token '<'
[   37269ms] ReferenceError: $ is not defined
    at http://localhost:5050/sport_files/sport_files/sport_files/sport_files/sport_files/sport_files/sport_files/sport_files/sport_files/sport_files/sport_files/sport_files/sport_files/saved_resource:4190:1
[   37369ms] Unexpected token '<'
[   37488ms] Unexpected token '<'
[   37508ms] Unexpected token '<'
[   37553ms] Unexpected token '<'
[   37572ms] Unexpected token '<'
[   37604ms] Unexpected token '<'
[   37655ms] Unexpected token '<'
[   37702ms] Unexpected token '<'
[   37721ms] Unexpected token '<'
[   37791ms] Unexpected token '<'
[   38099ms] Unexpected token '<'
[   38106ms] Unexpected token '<'
[   38122ms] Unexpected token '<'
[   38156ms] [ERROR] Failed to find a valid digest in the 'integrity' attribute for resource 'http://localhost:5050/sport_files/sport_files/sport_files/sport_files/sport_files/sport_files/sport_files/sport_files/sport_files/sport_files/sport_files/sport_files/sport_files/sport_files/v4513226cdae34746b4dedf0b4dfa099e1781791509496' with computed SHA-512 integrity 'RlxibSLd45WeTbABSI29znqr4dvAD8YYgHbVxoB+339OCT/GLnVlwUeXWYgJVft8G3EiNN2vDBS9S9imF69qtA=='. The resource has been blocked. @ http://localhost:5050/sport_files/sport_files/sport_files/sport_files/sport_files/sport_files/sport_files/sport_files/sport_files/sport_files/sport_files/sport_files/sport_files/saved_resource:0
[   38162ms] Unexpected token '<'
[   39424ms] [ERROR] Failed to find a valid digest in the 'integrity' attribute for resource 'http://localhost:5050/sport_files/sport_files/sport_files/sport_files/sport_files/sport_files/sport_files/sport_files/sport_files/sport_files/sport_files/sport_files/sport_files/sport_files/sport_files/jquery-3.5.1.min.js.download' with computed SHA-256 integrity '3HAq70adgMAKMyRRMoIKHlA/woNydpSfAHMD4n4cl70='. The resource has been blocked. @ http://localhost:5050/sport_files/sport_files/sport_files/sport_files/sport_files/sport_files/sport_files/sport_files/sport_files/sport_files/sport_files/sport_files/sport_files/sport_files/saved_resource:0
[   39443ms] Unexpected token '<'
[   39874ms] Unexpected token '<'
[   39894ms] ReferenceError: $ is not defined
    at http://localhost:5050/sport_files/sport_files/sport_files/sport_files/sport_files/sport_files/sport_files/sport_files/sport_files/sport_files/sport_files/sport_files/sport_files/sport_files/saved_resource:4190:1
[   39901ms] Unexpected token '<'
[   39921ms] Unexpected token '<'
[   39927ms] Unexpected token '<'
[   39945ms] Unexpected token '<'
[   40112ms] Unexpected token '<'
[   40131ms] Unexpected token '<'
[   40153ms] Unexpected token '<'
[   40174ms] Unexpected token '<'
[   40211ms] Unexpected token '<'
[   40298ms] Unexpected token '<'
[   40609ms] Unexpected token '<'
[   40616ms] Unexpected token '<'
[   40630ms] Unexpected token '<'
[   40640ms] [ERROR] Failed to find a valid digest in the 'integrity' attribute for resource 'http://localhost:5050/sport_files/sport_files/sport_files/sport_files/sport_files/sport_files/sport_files/sport_files/sport_files/sport_files/sport_files/sport_files/sport_files/sport_files/sport_files/v4513226cdae34746b4dedf0b4dfa099e1781791509496' with computed SHA-512 integrity 'RlxibSLd45WeTbABSI29znqr4dvAD8YYgHbVxoB+339OCT/GLnVlwUeXWYgJVft8G3EiNN2vDBS9S9imF69qtA=='. The resource has been blocked. @ http://localhost:5050/sport_files/sport_files/sport_files/sport_files/sport_files/sport_files/sport_files/sport_files/sport_files/sport_files/sport_files/sport_files/sport_files/sport_files/saved_resource:0
[   40668ms] Unexpected token '<'
[   41748ms] [ERROR] Failed to find a valid digest in the 'integrity' attribute for resource 'http://localhost:5050/sport_files/sport_files/sport_files/sport_files/sport_files/sport_files/sport_files/sport_files/sport_files/sport_files/sport_files/sport_files/sport_files/sport_files/sport_files/sport_files/jquery-3.5.1.min.js.download' with computed SHA-256 integrity '3HAq70adgMAKMyRRMoIKHlA/woNydpSfAHMD4n4cl70='. The resource has been blocked. @ http://localhost:5050/sport_files/sport_files/sport_files/sport_files/sport_files/sport_files/sport_files/sport_files/sport_files/sport_files/sport_files/sport_files/sport_files/sport_files/sport_files/saved_resource:0
[   41770ms] Unexpected token '<'
[   42229ms] Unexpected token '<'
[   42260ms] ReferenceError: $ is not defined
    at http://localhost:5050/sport_files/sport_files/sport_files/sport_files/sport_files/sport_files/sport_files/sport_files/sport_files/sport_files/sport_files/sport_files/sport_files/sport_files/sport_files/saved_resource:4190:1
[   42267ms] Unexpected token '<'
[   42291ms] Unexpected token '<'
[   42295ms] Unexpected token '<'
[   42494ms] Unexpected token '<'
[   42513ms] Unexpected token '<'
[   42522ms] Unexpected token '<'
[   42545ms] Unexpected token '<'
[   42604ms] Unexpected token '<'
[   42655ms] Unexpected token '<'
[   42720ms] Unexpected token '<'
[   43052ms] Unexpected token '<'
[   43052ms] Unexpected token '<'
[   43052ms] Unexpected token '<'
[   43074ms] [ERROR] Failed to find a valid digest in the 'integrity' attribute for resource 'http://localhost:5050/sport_files/sport_files/sport_files/sport_files/sport_files/sport_files/sport_files/sport_files/sport_files/sport_files/sport_files/sport_files/sport_files/sport_files/sport_files/sport_files/v4513226cdae34746b4dedf0b4dfa099e1781791509496' with computed SHA-512 integrity 'RlxibSLd45WeTbABSI29znqr4dvAD8YYgHbVxoB+339OCT/GLnVlwUeXWYgJVft8G3EiNN2vDBS9S9imF69qtA=='. The resource has been blocked. @ http://localhost:5050/sport_files/sport_files/sport_files/sport_files/sport_files/sport_files/sport_files/sport_files/sport_files/sport_files/sport_files/sport_files/sport_files/sport_files/sport_files/saved_resource:0
[   43085ms] Unexpected token '<'
[   44386ms] [ERROR] Failed to find a valid digest in the 'integrity' attribute for resource 'http://localhost:5050/sport_files/sport_files/sport_files/sport_files/sport_files/sport_files/sport_files/sport_files/sport_files/sport_files/sport_files/sport_files/sport_files/sport_files/sport_files/sport_files/sport_files/jquery-3.5.1.min.js.download' with computed SHA-256 integrity '3HAq70adgMAKMyRRMoIKHlA/woNydpSfAHMD4n4cl70='. The resource has been blocked. @ http://localhost:5050/sport_files/sport_files/sport_files/sport_files/sport_files/sport_files/sport_files/sport_files/sport_files/sport_files/sport_files/sport_files/sport_files/sport_files/sport_files/sport_files/saved_resource:0
[   44402ms] Unexpected token '<'
[   44795ms] Unexpected token '<'
[   44807ms] ReferenceError: $ is not defined
    at http://localhost:5050/sport_files/sport_files/sport_files/sport_files/sport_files/sport_files/sport_files/sport_files/sport_files/sport_files/sport_files/sport_files/sport_files/sport_files/sport_files/sport_files/saved_resource:4190:1
[   44812ms] Unexpected token '<'
[   44819ms] Unexpected token '<'
[   44929ms] Unexpected token '<'
[   44964ms] Unexpected token '<'
[   44981ms] Unexpected token '<'
[   44996ms] Unexpected token '<'
[   45160ms] Unexpected token '<'
[   45190ms] Unexpected token '<'
[   45228ms] Unexpected token '<'
[   45228ms] Unexpected token '<'
[   45551ms] Unexpected token '<'
[   45562ms] Unexpected token '<'
[   45595ms] Unexpected token '<'
[   45655ms] [ERROR] Failed to find a valid digest in the 'integrity' attribute for resource 'http://localhost:5050/sport_files/sport_files/sport_files/sport_files/sport_files/sport_files/sport_files/sport_files/sport_files/sport_files/sport_files/sport_files/sport_files/sport_files/sport_files/sport_files/sport_files/v4513226cdae34746b4dedf0b4dfa099e1781791509496' with computed SHA-512 integrity 'RlxibSLd45WeTbABSI29znqr4dvAD8YYgHbVxoB+339OCT/GLnVlwUeXWYgJVft8G3EiNN2vDBS9S9imF69qtA=='. The resource has been blocked. @ http://localhost:5050/sport_files/sport_files/sport_files/sport_files/sport_files/sport_files/sport_files/sport_files/sport_files/sport_files/sport_files/sport_files/sport_files/sport_files/sport_files/sport_files/saved_resource:0
[   45660ms] Unexpected token '<'
[   47133ms] [ERROR] Failed to find a valid digest in the 'integrity' attribute for resource 'http://localhost:5050/sport_files/sport_files/sport_files/sport_files/sport_files/sport_files/sport_files/sport_files/sport_files/sport_files/sport_files/sport_files/sport_files/sport_files/sport_files/sport_files/sport_files/sport_files/jquery-3.5.1.min.js.download' with computed SHA-256 integrity '3HAq70adgMAKMyRRMoIKHlA/woNydpSfAHMD4n4cl70='. The resource has been blocked. @ http://localhost:5050/sport_files/sport_files/sport_files/sport_files/sport_files/sport_files/sport_files/sport_files/sport_files/sport_files/sport_files/sport_files/sport_files/sport_files/sport_files/sport_files/sport_files/saved_resource:0
[   47173ms] Unexpected token '<'
[   47484ms] Unexpected token '<'
[   47524ms] ReferenceError: $ is not defined
    at http://localhost:5050/sport_files/sport_files/sport_files/sport_files/sport_files/sport_files/sport_files/sport_files/sport_files/sport_files/sport_files/sport_files/sport_files/sport_files/sport_files/sport_files/sport_files/saved_resource:4190:1
[   47531ms] Unexpected token '<'
[   47550ms] Unexpected token '<'
[   47693ms] Unexpected token '<'
[   47710ms] Unexpected token '<'
[   47728ms] Unexpected token '<'
[   47735ms] Unexpected token '<'
[   47851ms] Unexpected token '<'
[   47983ms] Unexpected token '<'
[   48001ms] Unexpected token '<'
[   48007ms] Unexpected token '<'
[   48294ms] Unexpected token '<'
[   48300ms] Unexpected token '<'
[   48307ms] Unexpected token '<'
[   48327ms] [ERROR] Failed to find a valid digest in the 'integrity' attribute for resource 'http://localhost:5050/sport_files/sport_files/sport_files/sport_files/sport_files/sport_files/sport_files/sport_files/sport_files/sport_files/sport_files/sport_files/sport_files/sport_files/sport_files/sport_files/sport_files/sport_files/v4513226cdae34746b4dedf0b4dfa099e1781791509496' with computed SHA-512 integrity 'RlxibSLd45WeTbABSI29znqr4dvAD8YYgHbVxoB+339OCT/GLnVlwUeXWYgJVft8G3EiNN2vDBS9S9imF69qtA=='. The resource has been blocked. @ http://localhost:5050/sport_files/sport_files/sport_files/sport_files/sport_files/sport_files/sport_files/sport_files/sport_files/sport_files/sport_files/sport_files/sport_files/sport_files/sport_files/sport_files/sport_files/saved_resource:0
[   48333ms] Unexpected token '<'
[   49474ms] [ERROR] Failed to find a valid digest in the 'integrity' attribute for resource 'http://localhost:5050/sport_files/sport_files/sport_files/sport_files/sport_files/sport_files/sport_files/sport_files/sport_files/sport_files/sport_files/sport_files/sport_files/sport_files/sport_files/sport_files/sport_files/sport_files/sport_files/jquery-3.5.1.min.js.download' with computed SHA-256 integrity '3HAq70adgMAKMyRRMoIKHlA/woNydpSfAHMD4n4cl70='. The resource has been blocked. @ http://localhost:5050/sport_files/sport_files/sport_files/sport_files/sport_files/sport_files/sport_files/sport_files/sport_files/sport_files/sport_files/sport_files/sport_files/sport_files/sport_files/sport_files/sport_files/sport_files/saved_resource:0
[   49511ms] Unexpected token '<'
[   49786ms] Unexpected token '<'
[   49792ms] ReferenceError: $ is not defined
    at http://localhost:5050/sport_files/sport_files/sport_files/sport_files/sport_files/sport_files/sport_files/sport_files/sport_files/sport_files/sport_files/sport_files/sport_files/sport_files/sport_files/sport_files/sport_files/sport_files/saved_resource:4190:1
[   49817ms] Unexpected token '<'
[   49837ms] Unexpected token '<'
[   49903ms] Unexpected token '<'
[   49920ms] Unexpected token '<'
[   49921ms] [ERROR] Failed to load resource: net::ERR_CONNECTION_RESET @ http://localhost:5050/sport_files/sport_files/sport_files/sport_files/sport_files/sport_files/sport_files/sport_files/sport_files/sport_files/sport_files/sport_files/sport_files/sport_files/sport_files/sport_files/sport_files/sport_files/sport_files/vendor5.js.download:0
[   49927ms] [ERROR] Failed to load resource: net::ERR_CONNECTION_RESET @ http://localhost:5050/sport_files/sport_files/sport_files/sport_files/sport_files/sport_files/sport_files/sport_files/sport_files/sport_files/sport_files/sport_files/sport_files/sport_files/sport_files/sport_files/sport_files/sport_files/sport_files/vendor2.js.download:0
[   49927ms] [ERROR] Failed to load resource: net::ERR_CONNECTION_RESET @ http://localhost:5050/sport_files/sport_files/sport_files/sport_files/sport_files/sport_files/sport_files/sport_files/sport_files/sport_files/sport_files/sport_files/sport_files/sport_files/sport_files/sport_files/sport_files/sport_files/sport_files/vendor3.js.download:0
[   52263ms] [ERROR] Failed to load resource: net::ERR_CONNECTION_REFUSED @ http://localhost:5050/sport_files/sport_files/sport_files/sport_files/sport_files/sport_files/sport_files/sport_files/sport_files/sport_files/sport_files/sport_files/sport_files/sport_files/sport_files/sport_files/sport_files/sport_files/sport_files/vendor.js.download:0
[   52271ms] [ERROR] Failed to load resource: net::ERR_CONNECTION_REFUSED @ http://localhost:5050/sport_files/sport_files/sport_files/sport_files/sport_files/sport_files/sport_files/sport_files/sport_files/sport_files/sport_files/sport_files/sport_files/sport_files/sport_files/sport_files/sport_files/sport_files/sport_files/vendor6.js.download:0
[   52271ms] [ERROR] Failed to load resource: net::ERR_CONNECTION_REFUSED @ http://localhost:5050/sport_files/sport_files/sport_files/sport_files/sport_files/sport_files/sport_files/sport_files/sport_files/sport_files/sport_files/sport_files/sport_files/sport_files/sport_files/sport_files/sport_files/sport_files/sport_files/vendor4.js.download:0
[   52271ms] [ERROR] Failed to load resource: net::ERR_CONNECTION_REFUSED @ http://localhost:5050/sport_files/sport_files/sport_files/sport_files/sport_files/sport_files/sport_files/sport_files/sport_files/sport_files/sport_files/sport_files/sport_files/sport_files/sport_files/sport_files/sport_files/sport_files/sport_files/typed.min.js.download:0
[   52271ms] [ERROR] Failed to load resource: net::ERR_CONNECTION_REFUSED @ http://localhost:5050/sport_files/sport_files/sport_files/sport_files/sport_files/sport_files/sport_files/sport_files/sport_files/sport_files/sport_files/sport_files/sport_files/sport_files/sport_files/sport_files/sport_files/sport_files/sport_files/custom.js.download:0
[   52271ms] [ERROR] Failed to load resource: net::ERR_CONNECTION_REFUSED @ http://localhost:5050/sport_files/sport_files/sport_files/sport_files/sport_files/sport_files/sport_files/sport_files/sport_files/sport_files/sport_files/sport_files/sport_files/sport_files/sport_files/sport_files/sport_files/sport_files/sport_files/sw.js.download:0
[   52440ms] [ERROR] Failed to find a valid digest in the 'integrity' attribute for resource 'http://localhost:5050/sport_files/sport_files/sport_files/sport_files/sport_files/sport_files/sport_files/sport_files/sport_files/sport_files/sport_files/sport_files/sport_files/sport_files/sport_files/sport_files/sport_files/sport_files/sport_files/v4513226cdae34746b4dedf0b4dfa099e1781791509496' with computed SHA-512 integrity 'RlxibSLd45WeTbABSI29znqr4dvAD8YYgHbVxoB+339OCT/GLnVlwUeXWYgJVft8G3EiNN2vDBS9S9imF69qtA=='. The resource has been blocked. @ http://localhost:5050/sport_files/sport_files/sport_files/sport_files/sport_files/sport_files/sport_files/sport_files/sport_files/sport_files/sport_files/sport_files/sport_files/sport_files/sport_files/sport_files/sport_files/sport_files/saved_resource:0
[   54627ms] [ERROR] Failed to load resource: net::ERR_CONNECTION_REFUSED @ http://localhost:5050/sport_files/sport_files/sport_files/sport_files/sport_files/sport_files/sport_files/sport_files/sport_files/sport_files/sport_files/sport_files/sport_files/sport_files/sport_files/sport_files/sport_files/sport_files/navbar-inject.js:0
[   54633ms] [ERROR] Failed to load resource: net::ERR_CONNECTION_REFUSED @ http://localhost:5050/sport_files/sport_files/sport_files/sport_files/sport_files/sport_files/sport_files/sport_files/sport_files/sport_files/1786895079723.png:0
[   54633ms] [ERROR] Failed to load resource: net::ERR_CONNECTION_REFUSED @ http://localhost:5050/sport_files/sport_files/sport_files/sport_files/sport_files/sport_files/sport_files/sport_files/sport_files/sport_files/1786956861063.png:0
[   54633ms] [ERROR] Failed to load resource: net::ERR_CONNECTION_REFUSED @ http://localhost:5050/sport_files/sport_files/sport_files/sport_files/sport_files/sport_files/sport_files/sport_files/sport_files/sport_files/1786895164801.png:0
[   54633ms] [ERROR] Failed to load resource: net::ERR_CONNECTION_REFUSED @ http://localhost:5050/sport_files/sport_files/sport_files/sport_files/sport_files/sport_files/sport_files/sport_files/sport_files/sport_files/1786955165631.png:0
[   56986ms] [ERROR] Failed to load resource: net::ERR_CONNECTION_REFUSED @ http://localhost:5050/sport_files/sport_files/sport_files/sport_files/sport_files/sport_files/sport_files/sport_files/sport_files/sport_files/1784278232340.png:0
[   56986ms] [ERROR] Failed to load resource: net::ERR_CONNECTION_REFUSED @ http://localhost:5050/sport_files/sport_files/sport_files/sport_files/sport_files/sport_files/sport_files/sport_files/sport_files/sport_files/1786955295865.png:0
[   56987ms] [ERROR] Failed to load resource: net::ERR_CONNECTION_REFUSED @ http://localhost:5050/sport_files/sport_files/sport_files/sport_files/sport_files/sport_files/sport_files/sport_files/sport_files/sport_files/1778281651447.jpg:0
[   56987ms] [ERROR] Failed to load resource: net::ERR_CONNECTION_REFUSED @ http://localhost:5050/sport_files/sport_files/sport_files/sport_files/sport_files/sport_files/sport_files/sport_files/sport_files/sport_files/1778281818727.jpg:0
[   56987ms] [ERROR] Failed to load resource: net::ERR_CONNECTION_REFUSED @ http://localhost:5050/sport_files/sport_files/sport_files/sport_files/sport_files/sport_files/sport_files/sport_files/sport_files/sport_files/1786954620167.png:0
[   56987ms] [ERROR] Failed to load resource: net::ERR_CONNECTION_REFUSED @ http://localhost:5050/sport_files/sport_files/sport_files/sport_files/sport_files/sport_files/sport_files/sport_files/sport_files/sport_files/1785664485511.webp:0
[   59339ms] [ERROR] Failed to load resource: net::ERR_CONNECTION_REFUSED @ http://localhost:5050/sport_files/sport_files/sport_files/sport_files/sport_files/sport_files/sport_files/sport_files/sport_files/sport_files/1786954661225.png:0
[   59340ms] [ERROR] Failed to load resource: net::ERR_CONNECTION_REFUSED @ http://localhost:5050/sport_files/sport_files/sport_files/sport_files/sport_files/sport_files/sport_files/sport_files/sport_files/sport_files/1786954681257.png:0
[   59340ms] [ERROR] Failed to load resource: net::ERR_CONNECTION_REFUSED @ http://localhost:5050/sport_files/sport_files/sport_files/sport_files/sport_files/sport_files/sport_files/sport_files/sport_files/sport_files/1786955062370.png:0
[   59340ms] [ERROR] Failed to load resource: net::ERR_CONNECTION_REFUSED @ http://localhost:5050/sport_files/sport_files/sport_files/sport_files/sport_files/sport_files/sport_files/sport_files/sport_files/sport_files/1786956817268.png:0
[   59340ms] [ERROR] Failed to load resource: net::ERR_CONNECTION_REFUSED @ http://localhost:5050/sport_files/sport_files/sport_files/sport_files/sport_files/sport_files/sport_files/sport_files/sport_files/sport_files/1786956834836.png:0
[   59340ms] [ERROR] Failed to load resource: net::ERR_CONNECTION_REFUSED @ http://localhost:5050/sport_files/sport_files/sport_files/sport_files/sport_files/sport_files/sport_files/sport_files/sport_files/sport_files/1786956880596.png:0
[   61677ms] [ERROR] Failed to load resource: net::ERR_CONNECTION_REFUSED @ http://localhost:5050/sport_files/sport_files/sport_files/sport_files/sport_files/sport_files/sport_files/sport_files/sport_files/sport_files/banners/1787598384490.webp:0
[   61678ms] [ERROR] Failed to load resource: net::ERR_CONNECTION_REFUSED @ http://localhost:5050/sport_files/sport_files/sport_files/sport_files/sport_files/sport_files/sport_files/sport_files/sport_files/sport_files/banners/1787628463829.webp:0
[   61678ms] [ERROR] Failed to load resource: net::ERR_CONNECTION_REFUSED @ http://localhost:5050/sport_files/sport_files/sport_files/sport_files/sport_files/sport_files/sport_files/sport_files/sport_files/sport_files/banners/1787598250897.webp:0
[   61678ms] [ERROR] Failed to load resource: net::ERR_CONNECTION_REFUSED @ http://localhost:5050/sport_files/sport_files/sport_files/sport_files/sport_files/sport_files/sport_files/sport_files/sport_files/sport_files/banners/1787428510867.webp:0
[   61678ms] [ERROR] Failed to load resource: net::ERR_CONNECTION_REFUSED @ http://localhost:5050/sport_files/sport_files/sport_files/sport_files/sport_files/sport_files/sport_files/sport_files/sport_files/sport_files/banners/1787513921448.webp:0
[   61678ms] [ERROR] Failed to load resource: net::ERR_CONNECTION_REFUSED @ http://localhost:5050/sport_files/sport_files/sport_files/sport_files/sport_files/sport_files/sport_files/sport_files/sport_files/sport_files/banners/1787553144555.webp:0
[   64040ms] [ERROR] Failed to load resource: net::ERR_CONNECTION_REFUSED @ http://localhost:5050/sport_files/sport_files/sport_files/sport_files/sport_files/sport_files/sport_files/sport_files/sport_files/sport_files/banners/1787599619974.webp:0
[   64041ms] [ERROR] Failed to load resource: net::ERR_CONNECTION_REFUSED @ http://localhost:5050/sport_files/sport_files/sport_files/sport_files/sport_files/sport_files/sport_files/sport_files/sport_files/sport_files/banners/1787599192985.webp:0
[   64041ms] [ERROR] Failed to load resource: net::ERR_CONNECTION_REFUSED @ http://localhost:5050/sport_files/sport_files/sport_files/sport_files/sport_files/sport_files/sport_files/sport_files/sport_files/sport_files/banners/1787635044676.webp:0
[   64041ms] [ERROR] Failed to load resource: net::ERR_CONNECTION_REFUSED @ http://localhost:5050/sport_files/sport_files/sport_files/sport_files/sport_files/sport_files/sport_files/sport_files/sport_files/sport_files/sidebanners/1786268892004.png:0
[   64041ms] [ERROR] Failed to load resource: net::ERR_CONNECTION_REFUSED @ http://localhost:5050/sport_files/sport_files/sport_files/sport_files/sport_files/sport_files/sport_files/sport_files/sport_files/sport_files/sidebanners/1786956798302.png:0
[   64041ms] [ERROR] Failed to load resource: net::ERR_CONNECTION_REFUSED @ http://localhost:5050/sport_files/sport_files/sport_files/sport_files/sport_files/sport_files/sport_files/sport_files/sport_files/sport_files/sidebanners/1786268932607.png:0
[   66393ms] [ERROR] Failed to load resource: net::ERR_CONNECTION_REFUSED @ http://localhost:5050/sport_files/sport_files/sport_files/sport_files/sport_files/sport_files/sport_files/sport_files/sport_files/sport_files/sidebanners/1778281410174.jpg:0
[   66394ms] [ERROR] Failed to load resource: net::ERR_CONNECTION_REFUSED @ http://localhost:5050/sport_files/sport_files/sport_files/sport_files/sport_files/sport_files/sport_files/sport_files/sport_files/sport_files/sidebanners/1786895079723.png:0
[   66394ms] [ERROR] Failed to load resource: net::ERR_CONNECTION_REFUSED @ http://localhost:5050/sport_files/sport_files/sport_files/sport_files/sport_files/sport_files/sport_files/sport_files/sport_files/sport_files/sidebanners/1786956861063.png:0
[   66394ms] [ERROR] Failed to load resource: net::ERR_CONNECTION_REFUSED @ http://localhost:5050/sport_files/sport_files/sport_files/sport_files/sport_files/sport_files/sport_files/sport_files/sport_files/sport_files/sidebanners/1786895164801.png:0
[   66394ms] [ERROR] Failed to load resource: net::ERR_CONNECTION_REFUSED @ http://localhost:5050/sport_files/sport_files/sport_files/sport_files/sport_files/sport_files/sport_files/sport_files/sport_files/sport_files/sidebanners/1786955165631.png:0
[   66394ms] [ERROR] Failed to load resource: net::ERR_CONNECTION_REFUSED @ http://localhost:5050/sport_files/sport_files/sport_files/sport_files/sport_files/sport_files/sport_files/sport_files/sport_files/sport_files/sidebanners/1784278232340.png:0
[   68741ms] [ERROR] Failed to load resource: net::ERR_CONNECTION_REFUSED @ http://localhost:5050/sport_files/sport_files/sport_files/sport_files/sport_files/sport_files/sport_files/sport_files/sport_files/sport_files/sidebanners/1786955295865.png:0
[   68741ms] [ERROR] Failed to load resource: net::ERR_CONNECTION_REFUSED @ http://localhost:5050/sport_files/sport_files/sport_files/sport_files/sport_files/sport_files/sport_files/sport_files/sport_files/sport_files/sidebanners/1778281651447.jpg:0
[   68741ms] [ERROR] Failed to load resource: net::ERR_CONNECTION_REFUSED @ http://localhost:5050/sport_files/sport_files/sport_files/sport_files/sport_files/sport_files/sport_files/sport_files/sport_files/sport_files/sidebanners/1778281818727.jpg:0
[   68755ms] [ERROR] Failed to load resource: net::ERR_CONNECTION_REFUSED @ http://localhost:5050/sport_files/sport_files/sport_files/sport_files/sport_files/sport_files/sport_files/sport_files/sport_files/sport_files/sidebanners/1786954620167.png:0
[   68756ms] [ERROR] Failed to load resource: net::ERR_CONNECTION_REFUSED @ http://localhost:5050/sport_files/sport_files/sport_files/sport_files/sport_files/sport_files/sport_files/sport_files/sport_files/sport_files/sidebanners/1786954661225.png:0
[   68756ms] [ERROR] Failed to load resource: net::ERR_CONNECTION_REFUSED @ http://localhost:5050/sport_files/sport_files/sport_files/sport_files/sport_files/sport_files/sport_files/sport_files/sport_files/sport_files/sidebanners/1786954681257.png:0
[   71088ms] [ERROR] Failed to load resource: net::ERR_CONNECTION_REFUSED @ http://localhost:5050/sport_files/sport_files/sport_files/sport_files/sport_files/sport_files/sport_files/sport_files/sport_files/sport_files/sidebanners/1786956817268.png:0
[   71088ms] [ERROR] Failed to load resource: net::ERR_CONNECTION_REFUSED @ http://localhost:5050/sport_files/sport_files/sport_files/sport_files/sport_files/sport_files/sport_files/sport_files/sport_files/sport_files/sidebanners/1786956834836.png:0
[   71104ms] [ERROR] Failed to load resource: net::ERR_CONNECTION_REFUSED @ http://localhost:5050/sport_files/sport_files/sport_files/sport_files/sport_files/sport_files/sport_files/sport_files/sport_files/sport_files/sidebanners/1786956880596.png:0
[   71120ms] [ERROR] Failed to load resource: net::ERR_CONNECTION_REFUSED @ http://localhost:5050/sport_files/sport_files/sport_files/sport_files/sport_files/sport_files/sport_files/sport_files/sport_files/sport_files/sidebanners/1785664485511.webp:0
[   71120ms] [ERROR] Failed to load resource: net::ERR_CONNECTION_REFUSED @ http://localhost:5050/sport_files/sport_files/sport_files/sport_files/sport_files/sport_files/sport_files/sport_files/sport_files/sport_files/sidebanners/1786955062370.png:0
[   71120ms] [ERROR] Failed to load resource: net::ERR_CONNECTION_REFUSED @ http://localhost:5050/sport_files/sport_files/sport_files/sport_files/sport_files/sport_files/sport_files/sport_files/sport_files/sport_files/sport_files/sport_files/sport_files/sport_files/sport_files/arrow-down.svg:0
[   73455ms] [ERROR] Failed to load resource: net::ERR_CONNECTION_REFUSED @ http://localhost:5050/sport_files/sport_files/sport_files/sport_files/sport_files/sport_files/sport_files/sport_files/sport_files/sport_files/sport_files/sport_files/sport_files/sport_files/sport_files/telegram.png:0
[   73455ms] [ERROR] Failed to load resource: net::ERR_CONNECTION_REFUSED @ http://localhost:5050/sport_files/sport_files/sport_files/sport_files/sport_files/sport_files/sport_files/sport_files/sport_files/sport_files/sport_files/sport_files/sport_files/sport_files/sport_files/twitter.png:0
[   73455ms] [ERROR] Failed to load resource: net::ERR_CONNECTION_REFUSED @ http://localhost:5050/sport_files/sport_files/sport_files/sport_files/sport_files/sport_files/sport_files/sport_files/sport_files/sport_files/sport_files/sport_files/sport_files/sport_files/sport_files/ssl.png:0
[   73473ms] [ERROR] Failed to load resource: net::ERR_CONNECTION_REFUSED @ http://localhost:5050/cdn-cgi/challenge-platform/scripts/jsd/main.js:0
[   73486ms] [ERROR] Failed to load resource: net::ERR_CONNECTION_REFUSED @ http://localhost:5050/sport_files/sport_files/sport_files/sport_files/sport_files/sport_files/sport_files/sport_files/sport_files/sport_files/sport_files/sport_files/sport_files/sport_files/sport_files/18plus.png:0
[   73486ms] [ERROR] Failed to load resource: net::ERR_CONNECTION_REFUSED @ http://localhost:5050/sport_files/sport_files/sport_files/sport_files/sport_files/sport_files/sport_files/sport_files/sport_files/1784278232340.png:0
[   75815ms] [ERROR] Failed to load resource: net::ERR_CONNECTION_REFUSED @ http://localhost:5050/sport_files/sport_files/sport_files/sport_files/sport_files/sport_files/sport_files/sport_files/sport_files/1786955295865.png:0
[   75825ms] [ERROR] Failed to load resource: net::ERR_CONNECTION_REFUSED @ http://localhost:5050/sport_files/sport_files/sport_files/sport_files/sport_files/sport_files/sport_files/sport_files/sport_files/1778281651447.jpg:0
[   75825ms] [ERROR] Failed to load resource: net::ERR_CONNECTION_REFUSED @ http://localhost:5050/sport_files/sport_files/sport_files/sport_files/sport_files/sport_files/sport_files/sport_files/sport_files/1778281818727.jpg:0
[   75825ms] [ERROR] Failed to load resource: net::ERR_CONNECTION_REFUSED @ http://localhost:5050/sport_files/sport_files/sport_files/sport_files/sport_files/sport_files/sport_files/sport_files/sport_files/1786954620167.png:0
[   75845ms] [ERROR] Failed to load resource: net::ERR_CONNECTION_REFUSED @ http://localhost:5050/sport_files/sport_files/sport_files/sport_files/sport_files/sport_files/sport_files/sport_files/sport_files/1785664485511.webp:0
[   75846ms] [ERROR] Failed to load resource: net::ERR_CONNECTION_REFUSED @ http://localhost:5050/sport_files/sport_files/sport_files/sport_files/sport_files/sport_files/sport_files/sport_files/sport_files/1786954661225.png:0
[   78159ms] [ERROR] Failed to load resource: net::ERR_CONNECTION_REFUSED @ http://localhost:5050/sport_files/sport_files/sport_files/sport_files/sport_files/sport_files/sport_files/sport_files/sport_files/1786954681257.png:0
[   78160ms] [ERROR] Failed to load resource: net::ERR_CONNECTION_REFUSED @ http://localhost:5050/sport_files/sport_files/sport_files/sport_files/sport_files/sport_files/sport_files/sport_files/sport_files/1786955062370.png:0
[   78160ms] [ERROR] Failed to load resource: net::ERR_CONNECTION_REFUSED @ http://localhost:5050/sport_files/sport_files/sport_files/sport_files/sport_files/sport_files/sport_files/sport_files/sport_files/1786956817268.png:0
[   78160ms] [ERROR] Failed to load resource: net::ERR_CONNECTION_REFUSED @ http://localhost:5050/sport_files/sport_files/sport_files/sport_files/sport_files/sport_files/sport_files/sport_files/sport_files/1786956834836.png:0
[   78191ms] [ERROR] Failed to load resource: net::ERR_CONNECTION_REFUSED @ http://localhost:5050/sport_files/sport_files/sport_files/sport_files/sport_files/sport_files/sport_files/sport_files/sport_files/1786956880596.png:0
[   78191ms] [ERROR] Failed to load resource: net::ERR_CONNECTION_REFUSED @ http://localhost:5050/sport_files/sport_files/sport_files/sport_files/sport_files/sport_files/sport_files/sport_files/sport_files/logo.png:0
[   80527ms] [ERROR] Failed to load resource: net::ERR_CONNECTION_REFUSED @ http://localhost:5050/sport_files/sport_files/sport_files/sport_files/sport_files/sport_files/sport_files/sport_files/sport_files/banners/1787598384490.webp:0
[   80527ms] [ERROR] Failed to load resource: net::ERR_CONNECTION_REFUSED @ http://localhost:5050/sport_files/sport_files/sport_files/sport_files/sport_files/sport_files/sport_files/sport_files/sport_files/banners/1787628463829.webp:0
[   80527ms] [ERROR] Failed to load resource: net::ERR_CONNECTION_REFUSED @ http://localhost:5050/sport_files/sport_files/sport_files/sport_files/sport_files/sport_files/sport_files/sport_files/sport_files/banners/1787598250897.webp:0
[   80527ms] [ERROR] Failed to load resource: net::ERR_CONNECTION_REFUSED @ http://localhost:5050/sport_files/sport_files/sport_files/sport_files/sport_files/sport_files/sport_files/sport_files/sport_files/banners/1787428510867.webp:0
[   80542ms] [ERROR] Failed to load resource: net::ERR_CONNECTION_REFUSED @ http://localhost:5050/sport_files/sport_files/sport_files/sport_files/sport_files/sport_files/sport_files/sport_files/sport_files/banners/1787513921448.webp:0
[   80542ms] [ERROR] Failed to load resource: net::ERR_CONNECTION_REFUSED @ http://localhost:5050/sport_files/sport_files/sport_files/sport_files/sport_files/sport_files/sport_files/sport_files/sport_files/banners/1787553144555.webp:0
[   82874ms] [ERROR] Failed to load resource: net::ERR_CONNECTION_REFUSED @ http://localhost:5050/sport_files/sport_files/sport_files/sport_files/sport_files/sport_files/sport_files/sport_files/sport_files/banners/1787599619974.webp:0
[   82874ms] [ERROR] Failed to load resource: net::ERR_CONNECTION_REFUSED @ http://localhost:5050/sport_files/sport_files/sport_files/sport_files/sport_files/sport_files/sport_files/sport_files/sport_files/banners/1787599192985.webp:0
[   82874ms] [ERROR] Failed to load resource: net::ERR_CONNECTION_REFUSED @ http://localhost:5050/sport_files/sport_files/sport_files/sport_files/sport_files/sport_files/sport_files/sport_files/sport_files/banners/1787635044676.webp:0
[   82874ms] [ERROR] Failed to load resource: net::ERR_CONNECTION_REFUSED @ http://localhost:5050/sport_files/sport_files/sport_files/sport_files/sport_files/sport_files/sport_files/sport_files/sport_files/sidebanners/1786268892004.png:0
[   82889ms] [ERROR] Failed to load resource: net::ERR_CONNECTION_REFUSED @ http://localhost:5050/sport_files/sport_files/sport_files/sport_files/sport_files/sport_files/sport_files/sport_files/sport_files/sidebanners/1786956798302.png:0
[   82889ms] [ERROR] Failed to load resource: net::ERR_CONNECTION_REFUSED @ http://localhost:5050/sport_files/sport_files/sport_files/sport_files/sport_files/sport_files/sport_files/sport_files/sport_files/sidebanners/1786268932607.png:0
[   85222ms] [ERROR] Failed to load resource: net::ERR_CONNECTION_REFUSED @ http://localhost:5050/sport_files/sport_files/sport_files/sport_files/sport_files/sport_files/sport_files/sport_files/sport_files/sidebanners/1778281410174.jpg:0
[   85222ms] [ERROR] Failed to load resource: net::ERR_CONNECTION_REFUSED @ http://localhost:5050/sport_files/sport_files/sport_files/sport_files/sport_files/sport_files/sport_files/sport_files/sport_files/sidebanners/1786895079723.png:0
[   85222ms] [ERROR] Failed to load resource: net::ERR_CONNECTION_REFUSED @ http://localhost:5050/sport_files/sport_files/sport_files/sport_files/sport_files/sport_files/sport_files/sport_files/sport_files/sidebanners/1786956861063.png:0
[   85222ms] [ERROR] Failed to load resource: net::ERR_CONNECTION_REFUSED @ http://localhost:5050/sport_files/sport_files/sport_files/sport_files/sport_files/sport_files/sport_files/sport_files/sport_files/sidebanners/1786895164801.png:0
[   85237ms] [ERROR] Failed to load resource: net::ERR_CONNECTION_REFUSED @ http://localhost:5050/sport_files/sport_files/sport_files/sport_files/sport_files/sport_files/sport_files/sport_files/sport_files/sidebanners/1786955165631.png:0
[   85237ms] [ERROR] Failed to load resource: net::ERR_CONNECTION_REFUSED @ http://localhost:5050/sport_files/sport_files/sport_files/sport_files/sport_files/sport_files/sport_files/sport_files/sport_files/sidebanners/1784278232340.png:0
[   87579ms] [ERROR] Failed to load resource: net::ERR_CONNECTION_REFUSED @ http://localhost:5050/sport_files/sport_files/sport_files/sport_files/sport_files/sport_files/sport_files/sport_files/sport_files/sidebanners/1786955295865.png:0
[   87579ms] [ERROR] Failed to load resource: net::ERR_CONNECTION_REFUSED @ http://localhost:5050/sport_files/sport_files/sport_files/sport_files/sport_files/sport_files/sport_files/sport_files/sport_files/sidebanners/1778281651447.jpg:0
[   87579ms] [ERROR] Failed to load resource: net::ERR_CONNECTION_REFUSED @ http://localhost:5050/sport_files/sport_files/sport_files/sport_files/sport_files/sport_files/sport_files/sport_files/sport_files/sidebanners/1778281818727.jpg:0
[   87579ms] [ERROR] Failed to load resource: net::ERR_CONNECTION_REFUSED @ http://localhost:5050/sport_files/sport_files/sport_files/sport_files/sport_files/sport_files/sport_files/sport_files/sport_files/sidebanners/1786954620167.png:0
[   87593ms] [ERROR] Failed to load resource: net::ERR_CONNECTION_REFUSED @ http://localhost:5050/sport_files/sport_files/sport_files/sport_files/sport_files/sport_files/sport_files/sport_files/sport_files/sidebanners/1786954661225.png:0
[   87593ms] [ERROR] Failed to load resource: net::ERR_CONNECTION_REFUSED @ http://localhost:5050/sport_files/sport_files/sport_files/sport_files/sport_files/sport_files/sport_files/sport_files/sport_files/sidebanners/1786954681257.png:0
[   89927ms] [ERROR] Failed to load resource: net::ERR_CONNECTION_REFUSED @ http://localhost:5050/sport_files/sport_files/sport_files/sport_files/sport_files/sport_files/sport_files/sport_files/sport_files/sidebanners/1786956817268.png:0
[   89927ms] [ERROR] Failed to load resource: net::ERR_CONNECTION_REFUSED @ http://localhost:5050/sport_files/sport_files/sport_files/sport_files/sport_files/sport_files/sport_files/sport_files/sport_files/sidebanners/1786956834836.png:0
[   89928ms] [ERROR] Failed to load resource: net::ERR_CONNECTION_REFUSED @ http://localhost:5050/sport_files/sport_files/sport_files/sport_files/sport_files/sport_files/sport_files/sport_files/sport_files/sidebanners/1786956880596.png:0
[   89928ms] [ERROR] Failed to load resource: net::ERR_CONNECTION_REFUSED @ http://localhost:5050/sport_files/sport_files/sport_files/sport_files/sport_files/sport_files/sport_files/sport_files/sport_files/sidebanners/1785664485511.webp:0
[   89943ms] [ERROR] Failed to load resource: net::ERR_CONNECTION_REFUSED @ http://localhost:5050/sport_files/sport_files/sport_files/sport_files/sport_files/sport_files/sport_files/sport_files/sport_files/sidebanners/1786955062370.png:0
[   89959ms] [ERROR] Failed to load resource: net::ERR_CONNECTION_REFUSED @ http://localhost:5050/sport_files/sport_files/sport_files/sport_files/sport_files/sport_files/sport_files/sport_files/sport_files/sport_files/sport_files/sport_files/sport_files/sport_files/sport_files/sport_files/speaker.svg:0
[   92305ms] [ERROR] Failed to load resource: net::ERR_CONNECTION_REFUSED @ http://localhost:5050/sport_files/sport_files/sport_files/sport_files/sport_files/sport_files/sport_files/sport_files/sport_files/sport_files/sport_files/sport_files/sport_files/sport_files/sport_files/sport_files/arrow-down.svg:0
[   92305ms] [ERROR] Failed to load resource: net::ERR_CONNECTION_REFUSED @ http://localhost:5050/sport_files/sport_files/sport_files/sport_files/sport_files/sport_files/sport_files/sport_files/sport_files/sport_files/sport_files/sport_files/sport_files/sport_files/sport_files/sport_files/telegram.png:0
[   92305ms] [ERROR] Failed to load resource: net::ERR_CONNECTION_REFUSED @ http://localhost:5050/sport_files/sport_files/sport_files/sport_files/sport_files/sport_files/sport_files/sport_files/sport_files/sport_files/sport_files/sport_files/sport_files/sport_files/sport_files/sport_files/twitter.png:0
[   92305ms] [ERROR] Failed to load resource: net::ERR_CONNECTION_REFUSED @ http://localhost:5050/sport_files/sport_files/sport_files/sport_files/sport_files/sport_files/sport_files/sport_files/sport_files/sport_files/sport_files/sport_files/sport_files/sport_files/sport_files/sport_files/ssl.png:0
[   92305ms] [ERROR] Failed to load resource: net::ERR_CONNECTION_REFUSED @ http://localhost:5050/sport_files/sport_files/sport_files/sport_files/sport_files/sport_files/sport_files/sport_files/sport_files/sport_files/sport_files/sport_files/sport_files/sport_files/sport_files/sport_files/18plus.png:0
[   92325ms] [ERROR] Failed to load resource: net::ERR_CONNECTION_REFUSED @ http://localhost:5050/sport_files/sport_files/sport_files/sport_files/sport_files/sport_files/sport_files/sport_files/sport_files/sport_files/sport_files/sport_files/sport_files/sport_files/sport_files/sport_files/sport_files/speaker.svg:0
[   94672ms] [ERROR] Failed to load resource: net::ERR_CONNECTION_REFUSED @ http://localhost:5050/sport_files/sport_files/sport_files/sport_files/sport_files/sport_files/sport_files/sport_files/sport_files/sport_files/sport_files/sport_files/sport_files/sport_files/sport_files/sport_files/sport_files/arrow-down.svg:0
[   94672ms] [ERROR] Failed to load resource: net::ERR_CONNECTION_REFUSED @ http://localhost:5050/sport_files/sport_files/sport_files/sport_files/sport_files/sport_files/sport_files/sport_files/sport_files/sport_files/sport_files/sport_files/sport_files/sport_files/sport_files/sport_files/sport_files/telegram.png:0
[   94672ms] [ERROR] Failed to load resource: net::ERR_CONNECTION_REFUSED @ http://localhost:5050/sport_files/sport_files/sport_files/sport_files/sport_files/sport_files/sport_files/sport_files/sport_files/sport_files/sport_files/sport_files/sport_files/sport_files/sport_files/sport_files/sport_files/twitter.png:0
[   94672ms] [ERROR] Failed to load resource: net::ERR_CONNECTION_REFUSED @ http://localhost:5050/sport_files/sport_files/sport_files/sport_files/sport_files/sport_files/sport_files/sport_files/sport_files/sport_files/sport_files/sport_files/sport_files/sport_files/sport_files/sport_files/sport_files/ssl.png:0
[   94672ms] [ERROR] Failed to load resource: net::ERR_CONNECTION_REFUSED @ http://localhost:5050/sport_files/sport_files/sport_files/sport_files/sport_files/sport_files/sport_files/sport_files/sport_files/sport_files/sport_files/sport_files/sport_files/sport_files/sport_files/sport_files/sport_files/18plus.png:0
[   94681ms] [ERROR] Failed to load resource: net::ERR_CONNECTION_REFUSED @ http://localhost:5050/sport_files/sport_files/sport_files/sport_files/sport_files/sport_files/sport_files/sport_files/sport_files/sport_files/logo.png:0
[   97028ms] [ERROR] Failed to load resource: net::ERR_CONNECTION_REFUSED @ http://localhost:5050/sport_files/sport_files/sport_files/sport_files/sport_files/sport_files/sport_files/sport_files/sport_files/sport_files/sport_files/1786268932607.png:0
[   97028ms] [ERROR] Failed to load resource: net::ERR_CONNECTION_REFUSED @ http://localhost:5050/sport_files/sport_files/sport_files/sport_files/sport_files/sport_files/sport_files/sport_files/sport_files/sport_files/sport_files/1778281410174.jpg:0
[   97028ms] [ERROR] Failed to load resource: net::ERR_CONNECTION_REFUSED @ http://localhost:5050/sport_files/sport_files/sport_files/sport_files/sport_files/sport_files/sport_files/sport_files/sport_files/sport_files/sport_files/1786895079723.png:0
[   97028ms] [ERROR] Failed to load resource: net::ERR_CONNECTION_REFUSED @ http://localhost:5050/sport_files/sport_files/sport_files/sport_files/sport_files/sport_files/sport_files/sport_files/sport_files/sport_files/sport_files/1786956861063.png:0
[   97028ms] [ERROR] Failed to load resource: net::ERR_CONNECTION_REFUSED @ http://localhost:5050/sport_files/sport_files/sport_files/sport_files/sport_files/sport_files/sport_files/sport_files/sport_files/sport_files/sport_files/1786895164801.png:0
[   97042ms] [ERROR] Failed to load resource: net::ERR_CONNECTION_REFUSED @ http://localhost:5050/sport_files/sport_files/sport_files/sport_files/sport_files/sport_files/sport_files/sport_files/sport_files/sport_files/sport_files/1786955165631.png:0
[   99388ms] [ERROR] Failed to load resource: net::ERR_CONNECTION_REFUSED @ http://localhost:5050/sport_files/sport_files/sport_files/sport_files/sport_files/sport_files/sport_files/sport_files/sport_files/sport_files/sport_files/1784278232340.png:0
[   99388ms] [ERROR] Failed to load resource: net::ERR_CONNECTION_REFUSED @ http://localhost:5050/sport_files/sport_files/sport_files/sport_files/sport_files/sport_files/sport_files/sport_files/sport_files/sport_files/sport_files/1786955295865.png:0
[   99388ms] [ERROR] Failed to load resource: net::ERR_CONNECTION_REFUSED @ http://localhost:5050/sport_files/sport_files/sport_files/sport_files/sport_files/sport_files/sport_files/sport_files/sport_files/sport_files/sport_files/1778281651447.jpg:0
[   99388ms] [ERROR] Failed to load resource: net::ERR_CONNECTION_REFUSED @ http://localhost:5050/sport_files/sport_files/sport_files/sport_files/sport_files/sport_files/sport_files/sport_files/sport_files/sport_files/sport_files/1778281818727.jpg:0
[   99388ms] [ERROR] Failed to load resource: net::ERR_CONNECTION_REFUSED @ http://localhost:5050/sport_files/sport_files/sport_files/sport_files/sport_files/sport_files/sport_files/sport_files/sport_files/sport_files/sport_files/1786954620167.png:0
[   99407ms] [ERROR] Failed to load resource: net::ERR_CONNECTION_REFUSED @ http://localhost:5050/sport_files/sport_files/sport_files/sport_files/sport_files/sport_files/sport_files/sport_files/sport_files/sport_files/sport_files/1785664485511.webp:0
[  101754ms] [ERROR] Failed to load resource: net::ERR_CONNECTION_REFUSED @ http://localhost:5050/sport_files/sport_files/sport_files/sport_files/sport_files/sport_files/sport_files/sport_files/sport_files/sport_files/sport_files/1786954661225.png:0
[  101754ms] [ERROR] Failed to load resource: net::ERR_CONNECTION_REFUSED @ http://localhost:5050/sport_files/sport_files/sport_files/sport_files/sport_files/sport_files/sport_files/sport_files/sport_files/sport_files/sport_files/1786954681257.png:0
[  101754ms] [ERROR] Failed to load resource: net::ERR_CONNECTION_REFUSED @ http://localhost:5050/sport_files/sport_files/sport_files/sport_files/sport_files/sport_files/sport_files/sport_files/sport_files/sport_files/sport_files/1786955062370.png:0
[  101754ms] [ERROR] Failed to load resource: net::ERR_CONNECTION_REFUSED @ http://localhost:5050/sport_files/sport_files/sport_files/sport_files/sport_files/sport_files/sport_files/sport_files/sport_files/sport_files/sport_files/1786956817268.png:0
[  101754ms] [ERROR] Failed to load resource: net::ERR_CONNECTION_REFUSED @ http://localhost:5050/sport_files/sport_files/sport_files/sport_files/sport_files/sport_files/sport_files/sport_files/sport_files/sport_files/sport_files/1786956834836.png:0
[  101754ms] [ERROR] Failed to load resource: net::ERR_CONNECTION_REFUSED @ http://localhost:5050/sport_files/sport_files/sport_files/sport_files/sport_files/sport_files/sport_files/sport_files/sport_files/sport_files/sport_files/1786956880596.png:0
[  104104ms] [ERROR] Failed to load resource: net::ERR_CONNECTION_REFUSED @ http://localhost:5050/sport_files/sport_files/sport_files/sport_files/sport_files/sport_files/sport_files/sport_files/sport_files/sport_files/sport_files/logo.png:0
[  104104ms] [ERROR] Failed to load resource: net::ERR_CONNECTION_REFUSED @ http://localhost:5050/sport_files/sport_files/sport_files/sport_files/sport_files/sport_files/sport_files/sport_files/sport_files/sport_files/sport_files/banners/1787598384490.webp:0
[  104125ms] [ERROR] Failed to load resource: net::ERR_CONNECTION_REFUSED @ http://localhost:5050/sport_files/sport_files/sport_files/sport_files/sport_files/sport_files/sport_files/sport_files/sport_files/sport_files/sport_files/banners/1787628463829.webp:0
[  104126ms] [ERROR] Failed to load resource: net::ERR_CONNECTION_REFUSED @ http://localhost:5050/sport_files/sport_files/sport_files/sport_files/sport_files/sport_files/sport_files/sport_files/sport_files/sport_files/sport_files/banners/1787598250897.webp:0
[  104126ms] [ERROR] Failed to load resource: net::ERR_CONNECTION_REFUSED @ http://localhost:5050/sport_files/sport_files/sport_files/sport_files/sport_files/sport_files/sport_files/sport_files/sport_files/sport_files/sport_files/banners/1787428510867.webp:0
[  104126ms] [ERROR] Failed to load resource: net::ERR_CONNECTION_REFUSED @ http://localhost:5050/sport_files/sport_files/sport_files/sport_files/sport_files/sport_files/sport_files/sport_files/sport_files/sport_files/sport_files/banners/1787513921448.webp:0
[  106453ms] [ERROR] Failed to load resource: net::ERR_CONNECTION_REFUSED @ http://localhost:5050/sport_files/sport_files/sport_files/sport_files/sport_files/sport_files/sport_files/sport_files/sport_files/sport_files/sport_files/banners/1787553144555.webp:0
[  106454ms] [ERROR] Failed to load resource: net::ERR_CONNECTION_REFUSED @ http://localhost:5050/sport_files/sport_files/sport_files/sport_files/sport_files/sport_files/sport_files/sport_files/sport_files/sport_files/sport_files/banners/1787599619974.webp:0
[  106471ms] [ERROR] Failed to load resource: net::ERR_CONNECTION_REFUSED @ http://localhost:5050/sport_files/sport_files/sport_files/sport_files/sport_files/sport_files/sport_files/sport_files/sport_files/sport_files/sport_files/banners/1787599192985.webp:0
[  106471ms] [ERROR] Failed to load resource: net::ERR_CONNECTION_REFUSED @ http://localhost:5050/sport_files/sport_files/sport_files/sport_files/sport_files/sport_files/sport_files/sport_files/sport_files/sport_files/sport_files/banners/1787635044676.webp:0
[  106471ms] [ERROR] Failed to load resource: net::ERR_CONNECTION_REFUSED @ http://localhost:5050/sport_files/sport_files/sport_files/sport_files/sport_files/sport_files/sport_files/sport_files/sport_files/sport_files/sport_files/sidebanners/1786268892004.png:0
[  106471ms] [ERROR] Failed to load resource: net::ERR_CONNECTION_REFUSED @ http://localhost:5050/sport_files/sport_files/sport_files/sport_files/sport_files/sport_files/sport_files/sport_files/sport_files/sport_files/sport_files/sidebanners/1786956798302.png:0
[  108793ms] [ERROR] Failed to load resource: net::ERR_CONNECTION_REFUSED @ http://localhost:5050/sport_files/sport_files/sport_files/sport_files/sport_files/sport_files/sport_files/sport_files/sport_files/sport_files/sport_files/sidebanners/1786268932607.png:0
[  108808ms] [ERROR] Failed to load resource: net::ERR_CONNECTION_REFUSED @ http://localhost:5050/sport_files/sport_files/sport_files/sport_files/sport_files/sport_files/sport_files/sport_files/sport_files/sport_files/sport_files/sidebanners/1778281410174.jpg:0
[  108809ms] [ERROR] Failed to load resource: net::ERR_CONNECTION_REFUSED @ http://localhost:5050/sport_files/sport_files/sport_files/sport_files/sport_files/sport_files/sport_files/sport_files/sport_files/sport_files/sport_files/sidebanners/1786895079723.png:0
[  108809ms] [ERROR] Failed to load resource: net::ERR_CONNECTION_REFUSED @ http://localhost:5050/sport_files/sport_files/sport_files/sport_files/sport_files/sport_files/sport_files/sport_files/sport_files/sport_files/sport_files/sidebanners/1786956861063.png:0
[  108824ms] [ERROR] Failed to load resource: net::ERR_CONNECTION_REFUSED @ http://localhost:5050/sport_files/sport_files/sport_files/sport_files/sport_files/sport_files/sport_files/sport_files/sport_files/sport_files/sport_files/sidebanners/1786895164801.png:0
[  108824ms] [ERROR] Failed to load resource: net::ERR_CONNECTION_REFUSED @ http://localhost:5050/sport_files/sport_files/sport_files/sport_files/sport_files/sport_files/sport_files/sport_files/sport_files/sport_files/sport_files/sidebanners/1786955165631.png:0
[  111165ms] [ERROR] Failed to load resource: net::ERR_CONNECTION_REFUSED @ http://localhost:5050/sport_files/sport_files/sport_files/sport_files/sport_files/sport_files/sport_files/sport_files/sport_files/sport_files/sport_files/sidebanners/1784278232340.png:0
[  111170ms] [ERROR] Failed to load resource: net::ERR_CONNECTION_REFUSED @ http://localhost:5050/sport_files/sport_files/sport_files/sport_files/sport_files/sport_files/sport_files/sport_files/sport_files/sport_files/sport_files/sidebanners/1786955295865.png:0
[  111170ms] [ERROR] Failed to load resource: net::ERR_CONNECTION_REFUSED @ http://localhost:5050/sport_files/sport_files/sport_files/sport_files/sport_files/sport_files/sport_files/sport_files/sport_files/sport_files/sport_files/sidebanners/1778281651447.jpg:0
[  111170ms] [ERROR] Failed to load resource: net::ERR_CONNECTION_REFUSED @ http://localhost:5050/sport_files/sport_files/sport_files/sport_files/sport_files/sport_files/sport_files/sport_files/sport_files/sport_files/sport_files/sidebanners/1778281818727.jpg:0
[  111179ms] [ERROR] Failed to load resource: net::ERR_CONNECTION_REFUSED @ http://localhost:5050/sport_files/sport_files/sport_files/sport_files/sport_files/sport_files/sport_files/sport_files/sport_files/sport_files/sport_files/sidebanners/1786954620167.png:0
[  111180ms] [ERROR] Failed to load resource: net::ERR_CONNECTION_REFUSED @ http://localhost:5050/sport_files/sport_files/sport_files/sport_files/sport_files/sport_files/sport_files/sport_files/sport_files/sport_files/sport_files/sidebanners/1786954661225.png:0
[  113525ms] [ERROR] Failed to load resource: net::ERR_CONNECTION_REFUSED @ http://localhost:5050/sport_files/sport_files/sport_files/sport_files/sport_files/sport_files/sport_files/sport_files/sport_files/sport_files/sport_files/sidebanners/1786954681257.png:0
[  113526ms] [ERROR] Failed to load resource: net::ERR_CONNECTION_REFUSED @ http://localhost:5050/sport_files/sport_files/sport_files/sport_files/sport_files/sport_files/sport_files/sport_files/sport_files/sport_files/sport_files/sidebanners/1786956817268.png:0
[  113526ms] [ERROR] Failed to load resource: net::ERR_CONNECTION_REFUSED @ http://localhost:5050/sport_files/sport_files/sport_files/sport_files/sport_files/sport_files/sport_files/sport_files/sport_files/sport_files/sport_files/sidebanners/1786956834836.png:0
[  113526ms] [ERROR] Failed to load resource: net::ERR_CONNECTION_REFUSED @ http://localhost:5050/sport_files/sport_files/sport_files/sport_files/sport_files/sport_files/sport_files/sport_files/sport_files/sport_files/sport_files/sidebanners/1786956880596.png:0
[  113526ms] [ERROR] Failed to load resource: net::ERR_CONNECTION_REFUSED @ http://localhost:5050/sport_files/sport_files/sport_files/sport_files/sport_files/sport_files/sport_files/sport_files/sport_files/sport_files/sport_files/sidebanners/1785664485511.webp:0
[  113526ms] [ERROR] Failed to load resource: net::ERR_CONNECTION_REFUSED @ http://localhost:5050/sport_files/sport_files/sport_files/sport_files/sport_files/sport_files/sport_files/sport_files/sport_files/sport_files/sport_files/sidebanners/1786955062370.png:0
[  115893ms] [ERROR] Failed to load resource: net::ERR_CONNECTION_REFUSED @ http://localhost:5050/sport_files/sport_files/sport_files/sport_files/sport_files/sport_files/sport_files/sport_files/sport_files/sport_files/sport_files/sport_files/sport_files/gamecare.png:0
[  115894ms] [ERROR] Failed to load resource: net::ERR_CONNECTION_REFUSED @ http://localhost:5050/sport_files/sport_files/sport_files/sport_files/sport_files/sport_files/sport_files/sport_files/sport_files/sport_files/sport_files/sport_files/sport_files/gt.png:0
[  115894ms] [ERROR] Failed to load resource: net::ERR_CONNECTION_REFUSED @ http://localhost:5050/sport_files/sport_files/sport_files/sport_files/sport_files/sport_files/sport_files/sport_files/sport_files/sport_files/sport_files/sport_files/sport_files/gamble-aware.svg:0
[  115894ms] [ERROR] Failed to load resource: net::ERR_CONNECTION_REFUSED @ http://localhost:5050/sport_files/sport_files/sport_files/sport_files/sport_files/sport_files/sport_files/sport_files/sport_files/sport_files/sport_files/sport_files/sport_files/game-stop.png:0
[  115894ms] [ERROR] Failed to load resource: net::ERR_CONNECTION_REFUSED @ http://localhost:5050/sport_files/sport_files/sport_files/sport_files/sport_files/sport_files/sport_files/sport_files/sport_files/sport_files/sport_files/sport_files/sport_files/1786268892004.png:0
[  115894ms] [ERROR] Failed to load resource: net::ERR_CONNECTION_REFUSED @ http://localhost:5050/sport_files/sport_files/sport_files/sport_files/sport_files/sport_files/sport_files/sport_files/sport_files/sport_files/sport_files/sport_files/sport_files/1786956798302.png:0
[  118238ms] [ERROR] Failed to load resource: net::ERR_CONNECTION_REFUSED @ http://localhost:5050/sport_files/sport_files/sport_files/sport_files/sport_files/sport_files/sport_files/sport_files/sport_files/sport_files/sport_files/sport_files/sport_files/sport_files/sport_files/sport_files/sport_files/sport_files/speaker.svg:0
[  118239ms] [ERROR] Failed to load resource: net::ERR_CONNECTION_REFUSED @ http://localhost:5050/sport_files/sport_files/sport_files/sport_files/sport_files/sport_files/sport_files/sport_files/sport_files/sport_files/sport_files/sport_files/sport_files/sport_files/sport_files/sport_files/sport_files/sport_files/arrow-down.svg:0
[  118260ms] [ERROR] Failed to load resource: net::ERR_CONNECTION_REFUSED @ http://localhost:5050/sport_files/sport_files/sport_files/sport_files/sport_files/sport_files/sport_files/sport_files/sport_files/sport_files/sport_files/sport_files/sport_files/sport_files/sport_files/sport_files/sport_files/sport_files/telegram.png:0
[  118260ms] [ERROR] Failed to load resource: net::ERR_CONNECTION_REFUSED @ http://localhost:5050/sport_files/sport_files/sport_files/sport_files/sport_files/sport_files/sport_files/sport_files/sport_files/sport_files/sport_files/sport_files/sport_files/sport_files/sport_files/sport_files/sport_files/sport_files/twitter.png:0
[  118260ms] [ERROR] Failed to load resource: net::ERR_CONNECTION_REFUSED @ http://localhost:5050/sport_files/sport_files/sport_files/sport_files/sport_files/sport_files/sport_files/sport_files/sport_files/sport_files/sport_files/sport_files/sport_files/sport_files/sport_files/sport_files/sport_files/sport_files/ssl.png:0
[  118260ms] [ERROR] Failed to load resource: net::ERR_CONNECTION_REFUSED @ http://localhost:5050/sport_files/sport_files/sport_files/sport_files/sport_files/sport_files/sport_files/sport_files/sport_files/sport_files/sport_files/sport_files/sport_files/sport_files/sport_files/sport_files/sport_files/sport_files/18plus.png:0
[  120589ms] [ERROR] Failed to load resource: net::ERR_CONNECTION_REFUSED @ http://localhost:5050/sport_files/sport_files/sport_files/sport_files/sport_files/sport_files/sport_files/sport_files/sport_files/sport_files/sport_files/sport_files/sport_files/sport_files/gamecare.png:0
[  120590ms] [ERROR] Failed to load resource: net::ERR_CONNECTION_REFUSED @ http://localhost:5050/sport_files/sport_files/sport_files/sport_files/sport_files/sport_files/sport_files/sport_files/sport_files/sport_files/sport_files/sport_files/sport_files/sport_files/gt.png:0
[  120608ms] [ERROR] Failed to load resource: net::ERR_CONNECTION_REFUSED @ http://localhost:5050/sport_files/sport_files/sport_files/sport_files/sport_files/sport_files/sport_files/sport_files/sport_files/sport_files/sport_files/sport_files/sport_files/sport_files/gamble-aware.svg:0
[  120608ms] [ERROR] Failed to load resource: net::ERR_CONNECTION_REFUSED @ http://localhost:5050/sport_files/sport_files/sport_files/sport_files/sport_files/sport_files/sport_files/sport_files/sport_files/sport_files/sport_files/sport_files/sport_files/sport_files/game-stop.png:0
[  120608ms] [ERROR] Failed to load resource: net::ERR_CONNECTION_REFUSED @ http://localhost:5050/sport_files/sport_files/sport_files/sport_files/sport_files/sport_files/sport_files/sport_files/sport_files/sport_files/sport_files/sport_files/sport_files/sport_files/1786268892004.png:0
[  120608ms] [ERROR] Failed to load resource: net::ERR_CONNECTION_REFUSED @ http://localhost:5050/sport_files/sport_files/sport_files/sport_files/sport_files/sport_files/sport_files/sport_files/sport_files/sport_files/sport_files/sport_files/1786268932607.png:0
[  122959ms] [ERROR] Failed to load resource: net::ERR_CONNECTION_REFUSED @ http://localhost:5050/sport_files/sport_files/sport_files/sport_files/sport_files/sport_files/sport_files/sport_files/sport_files/sport_files/sport_files/sport_files/1778281410174.jpg:0
[  122960ms] [ERROR] Failed to load resource: net::ERR_CONNECTION_REFUSED @ http://localhost:5050/sport_files/sport_files/sport_files/sport_files/sport_files/sport_files/sport_files/sport_files/sport_files/sport_files/sport_files/sport_files/1786895079723.png:0
[  122976ms] [ERROR] Failed to load resource: net::ERR_CONNECTION_REFUSED @ http://localhost:5050/sport_files/sport_files/sport_files/sport_files/sport_files/sport_files/sport_files/sport_files/sport_files/sport_files/sport_files/sport_files/1786956861063.png:0
[  122976ms] [ERROR] Failed to load resource: net::ERR_CONNECTION_REFUSED @ http://localhost:5050/sport_files/sport_files/sport_files/sport_files/sport_files/sport_files/sport_files/sport_files/sport_files/sport_files/sport_files/sport_files/1786895164801.png:0
[  122976ms] [ERROR] Failed to load resource: net::ERR_CONNECTION_REFUSED @ http://localhost:5050/sport_files/sport_files/sport_files/sport_files/sport_files/sport_files/sport_files/sport_files/sport_files/sport_files/sport_files/sport_files/1786955165631.png:0
[  122977ms] [ERROR] Failed to load resource: net::ERR_CONNECTION_REFUSED @ http://localhost:5050/sport_files/sport_files/sport_files/sport_files/sport_files/sport_files/sport_files/sport_files/sport_files/sport_files/sport_files/sport_files/1784278232340.png:0
[  125305ms] [ERROR] Failed to load resource: net::ERR_CONNECTION_REFUSED @ http://localhost:5050/sport_files/sport_files/sport_files/sport_files/sport_files/sport_files/sport_files/sport_files/sport_files/sport_files/sport_files/sport_files/1786955295865.png:0
[  125305ms] [ERROR] Failed to load resource: net::ERR_CONNECTION_REFUSED @ http://localhost:5050/sport_files/sport_files/sport_files/sport_files/sport_files/sport_files/sport_files/sport_files/sport_files/sport_files/sport_files/sport_files/1778281651447.jpg:0
[  125323ms] [ERROR] Failed to load resource: net::ERR_CONNECTION_REFUSED @ http://localhost:5050/sport_files/sport_files/sport_files/sport_files/sport_files/sport_files/sport_files/sport_files/sport_files/sport_files/sport_files/sport_files/1778281818727.jpg:0
[  125323ms] [ERROR] Failed to load resource: net::ERR_CONNECTION_REFUSED @ http://localhost:5050/sport_files/sport_files/sport_files/sport_files/sport_files/sport_files/sport_files/sport_files/sport_files/sport_files/sport_files/sport_files/1786954620167.png:0
[  125323ms] [ERROR] Failed to load resource: net::ERR_CONNECTION_REFUSED @ http://localhost:5050/sport_files/sport_files/sport_files/sport_files/sport_files/sport_files/sport_files/sport_files/sport_files/sport_files/sport_files/sport_files/1785664485511.webp:0
[  125323ms] [ERROR] Failed to load resource: net::ERR_CONNECTION_REFUSED @ http://localhost:5050/sport_files/sport_files/sport_files/sport_files/sport_files/sport_files/sport_files/sport_files/sport_files/sport_files/sport_files/sport_files/1786954661225.png:0
[  127658ms] [ERROR] Failed to load resource: net::ERR_CONNECTION_REFUSED @ http://localhost:5050/sport_files/sport_files/sport_files/sport_files/sport_files/sport_files/sport_files/sport_files/sport_files/sport_files/sport_files/sport_files/1786954681257.png:0
[  127675ms] [ERROR] Failed to load resource: net::ERR_CONNECTION_REFUSED @ http://localhost:5050/sport_files/sport_files/sport_files/sport_files/sport_files/sport_files/sport_files/sport_files/sport_files/sport_files/sport_files/sport_files/1786955062370.png:0
[  127691ms] [ERROR] Failed to load resource: net::ERR_CONNECTION_REFUSED @ http://localhost:5050/sport_files/sport_files/sport_files/sport_files/sport_files/sport_files/sport_files/sport_files/sport_files/sport_files/sport_files/sport_files/1786956817268.png:0
[  127691ms] [ERROR] Failed to load resource: net::ERR_CONNECTION_REFUSED @ http://localhost:5050/sport_files/sport_files/sport_files/sport_files/sport_files/sport_files/sport_files/sport_files/sport_files/sport_files/sport_files/sport_files/1786956834836.png:0
[  127691ms] [ERROR] Failed to load resource: net::ERR_CONNECTION_REFUSED @ http://localhost:5050/sport_files/sport_files/sport_files/sport_files/sport_files/sport_files/sport_files/sport_files/sport_files/sport_files/sport_files/sport_files/1786956880596.png:0
[  127691ms] [ERROR] Failed to load resource: net::ERR_CONNECTION_REFUSED @ http://localhost:5050/sport_files/sport_files/sport_files/sport_files/sport_files/sport_files/sport_files/sport_files/sport_files/sport_files/sport_files/sport_files/banners/1787598384490.webp:0
[  130005ms] [ERROR] Failed to load resource: net::ERR_CONNECTION_REFUSED @ http://localhost:5050/sport_files/sport_files/sport_files/sport_files/sport_files/sport_files/sport_files/sport_files/sport_files/sport_files/sport_files/sport_files/banners/1787628463829.webp:0
[  130020ms] [ERROR] Failed to load resource: net::ERR_CONNECTION_REFUSED @ http://localhost:5050/sport_files/sport_files/sport_files/sport_files/sport_files/sport_files/sport_files/sport_files/sport_files/sport_files/sport_files/sport_files/banners/1787598250897.webp:0
[  130039ms] [ERROR] Failed to load resource: net::ERR_CONNECTION_REFUSED @ http://localhost:5050/sport_files/sport_files/sport_files/sport_files/sport_files/sport_files/sport_files/sport_files/sport_files/sport_files/sport_files/sport_files/banners/1787428510867.webp:0
[  130039ms] [ERROR] Failed to load resource: net::ERR_CONNECTION_REFUSED @ http://localhost:5050/sport_files/sport_files/sport_files/sport_files/sport_files/sport_files/sport_files/sport_files/sport_files/sport_files/sport_files/sport_files/banners/1787513921448.webp:0
[  130039ms] [ERROR] Failed to load resource: net::ERR_CONNECTION_REFUSED @ http://localhost:5050/sport_files/sport_files/sport_files/sport_files/sport_files/sport_files/sport_files/sport_files/sport_files/sport_files/sport_files/sport_files/banners/1787553144555.webp:0
[  130039ms] [ERROR] Failed to load resource: net::ERR_CONNECTION_REFUSED @ http://localhost:5050/sport_files/sport_files/sport_files/sport_files/sport_files/sport_files/sport_files/sport_files/sport_files/sport_files/sport_files/sport_files/banners/1787599619974.webp:0
[  132365ms] [ERROR] Failed to load resource: net::ERR_CONNECTION_REFUSED @ http://localhost:5050/sport_files/sport_files/sport_files/sport_files/sport_files/sport_files/sport_files/sport_files/sport_files/sport_files/sport_files/sport_files/banners/1787599192985.webp:0
[  132381ms] [ERROR] Failed to load resource: net::ERR_CONNECTION_REFUSED @ http://localhost:5050/sport_files/sport_files/sport_files/sport_files/sport_files/sport_files/sport_files/sport_files/sport_files/sport_files/sport_files/sport_files/banners/1787635044676.webp:0
[  132397ms] [ERROR] Failed to load resource: net::ERR_CONNECTION_REFUSED @ http://localhost:5050/sport_files/sport_files/sport_files/sport_files/sport_files/sport_files/sport_files/sport_files/sport_files/sport_files/sport_files/sport_files/sidebanners/1786268892004.png:0
[  132398ms] [ERROR] Failed to load resource: net::ERR_CONNECTION_REFUSED @ http://localhost:5050/sport_files/sport_files/sport_files/sport_files/sport_files/sport_files/sport_files/sport_files/sport_files/sport_files/sport_files/sport_files/sidebanners/1786956798302.png:0
[  132398ms] [ERROR] Failed to load resource: net::ERR_CONNECTION_REFUSED @ http://localhost:5050/sport_files/sport_files/sport_files/sport_files/sport_files/sport_files/sport_files/sport_files/sport_files/sport_files/sport_files/sport_files/sidebanners/1786268932607.png:0
[  132398ms] [ERROR] Failed to load resource: net::ERR_CONNECTION_REFUSED @ http://localhost:5050/sport_files/sport_files/sport_files/sport_files/sport_files/sport_files/sport_files/sport_files/sport_files/sport_files/sport_files/sport_files/sidebanners/1778281410174.jpg:0
[  134721ms] [ERROR] Failed to load resource: net::ERR_CONNECTION_REFUSED @ http://localhost:5050/sport_files/sport_files/sport_files/sport_files/sport_files/sport_files/sport_files/sport_files/sport_files/sport_files/sport_files/sport_files/sidebanners/1786895079723.png:0
[  134756ms] [ERROR] Failed to load resource: net::ERR_CONNECTION_REFUSED @ http://localhost:5050/sport_files/sport_files/sport_files/sport_files/sport_files/sport_files/sport_files/sport_files/sport_files/sport_files/sport_files/sport_files/sidebanners/1786956861063.png:0
[  134756ms] [ERROR] Failed to load resource: net::ERR_CONNECTION_REFUSED @ http://localhost:5050/sport_files/sport_files/sport_files/sport_files/sport_files/sport_files/sport_files/sport_files/sport_files/sport_files/sport_files/sport_files/sidebanners/1786895164801.png:0
[  134757ms] [ERROR] Failed to load resource: net::ERR_CONNECTION_REFUSED @ http://localhost:5050/sport_files/sport_files/sport_files/sport_files/sport_files/sport_files/sport_files/sport_files/sport_files/sport_files/sport_files/sport_files/sidebanners/1786955165631.png:0
[  134757ms] [ERROR] Failed to load resource: net::ERR_CONNECTION_REFUSED @ http://localhost:5050/sport_files/sport_files/sport_files/sport_files/sport_files/sport_files/sport_files/sport_files/sport_files/sport_files/sport_files/sport_files/sidebanners/1784278232340.png:0
[  134757ms] [ERROR] Failed to load resource: net::ERR_CONNECTION_REFUSED @ http://localhost:5050/sport_files/sport_files/sport_files/sport_files/sport_files/sport_files/sport_files/sport_files/sport_files/sport_files/sport_files/sport_files/sidebanners/1786955295865.png:0
[  137089ms] [ERROR] Failed to load resource: net::ERR_CONNECTION_REFUSED @ http://localhost:5050/sport_files/sport_files/sport_files/sport_files/sport_files/sport_files/sport_files/sport_files/sport_files/sport_files/sport_files/sport_files/sidebanners/1778281651447.jpg:0
[  137104ms] [ERROR] Failed to load resource: net::ERR_CONNECTION_REFUSED @ http://localhost:5050/sport_files/sport_files/sport_files/sport_files/sport_files/sport_files/sport_files/sport_files/sport_files/sport_files/sport_files/sport_files/sidebanners/1778281818727.jpg:0
[  137104ms] [ERROR] Failed to load resource: net::ERR_CONNECTION_REFUSED @ http://localhost:5050/sport_files/sport_files/sport_files/sport_files/sport_files/sport_files/sport_files/sport_files/sport_files/sport_files/sport_files/sport_files/sidebanners/1786954620167.png:0
[  137105ms] [ERROR] Failed to load resource: net::ERR_CONNECTION_REFUSED @ http://localhost:5050/sport_files/sport_files/sport_files/sport_files/sport_files/sport_files/sport_files/sport_files/sport_files/sport_files/sport_files/sport_files/sidebanners/1786954661225.png:0
[  137105ms] [ERROR] Failed to load resource: net::ERR_CONNECTION_REFUSED @ http://localhost:5050/sport_files/sport_files/sport_files/sport_files/sport_files/sport_files/sport_files/sport_files/sport_files/sport_files/sport_files/sport_files/sidebanners/1786954681257.png:0
[  137105ms] [ERROR] Failed to load resource: net::ERR_CONNECTION_REFUSED @ http://localhost:5050/sport_files/sport_files/sport_files/sport_files/sport_files/sport_files/sport_files/sport_files/sport_files/sport_files/sport_files/sport_files/sidebanners/1786956817268.png:0
[  139442ms] [ERROR] Failed to load resource: net::ERR_CONNECTION_REFUSED @ http://localhost:5050/sport_files/sport_files/sport_files/sport_files/sport_files/sport_files/sport_files/sport_files/sport_files/sport_files/sport_files/sport_files/sidebanners/1786956834836.png:0
[  139457ms] [ERROR] Failed to load resource: net::ERR_CONNECTION_REFUSED @ http://localhost:5050/sport_files/sport_files/sport_files/sport_files/sport_files/sport_files/sport_files/sport_files/sport_files/sport_files/sport_files/sport_files/sidebanners/1786956880596.png:0
[  139458ms] [ERROR] Failed to load resource: net::ERR_CONNECTION_REFUSED @ http://localhost:5050/sport_files/sport_files/sport_files/sport_files/sport_files/sport_files/sport_files/sport_files/sport_files/sport_files/sport_files/sport_files/sidebanners/1785664485511.webp:0
[  139458ms] [ERROR] Failed to load resource: net::ERR_CONNECTION_REFUSED @ http://localhost:5050/sport_files/sport_files/sport_files/sport_files/sport_files/sport_files/sport_files/sport_files/sport_files/sport_files/sport_files/sport_files/sidebanners/1786955062370.png:0
[  139458ms] [ERROR] Failed to load resource: net::ERR_CONNECTION_REFUSED @ http://localhost:5050/sport_files/sport_files/sport_files/sport_files/sport_files/sport_files/sport_files/sport_files/sport_files/sport_files/sport_files/sport_files/logo.png:0
[  139465ms] [ERROR] Failed to load resource: net::ERR_CONNECTION_REFUSED @ http://localhost:5050/sport_files/sport_files/sport_files/sport_files/sport_files/sport_files/sport_files/sport_files/sport_files/sport_files/sport_files/sport_files/sport_files/sport_files/1786956798302.png:0
[  141805ms] [ERROR] Failed to load resource: net::ERR_CONNECTION_REFUSED @ http://localhost:5050/sport_files/sport_files/sport_files/sport_files/sport_files/sport_files/sport_files/sport_files/sport_files/sport_files/sport_files/sport_files/sport_files/sport_files/sport_files/gamecare.png:0
[  141825ms] [ERROR] Failed to load resource: net::ERR_CONNECTION_REFUSED @ http://localhost:5050/sport_files/sport_files/sport_files/sport_files/sport_files/sport_files/sport_files/sport_files/sport_files/sport_files/1778281410174.jpg:0
[  141825ms] [ERROR] Failed to load resource: net::ERR_CONNECTION_REFUSED @ http://localhost:5050/sport_files/sport_files/sport_files/sport_files/sport_files/sport_files/sport_files/sport_files/sport_files/sport_files/sport_files/sport_files/sport_files/1786268932607.png:0
[  141825ms] [ERROR] Failed to load resource: net::ERR_CONNECTION_REFUSED @ http://localhost:5050/sport_files/sport_files/sport_files/sport_files/sport_files/sport_files/sport_files/sport_files/sport_files/sport_files/sport_files/sport_files/sport_files/1778281410174.jpg:0
[  141825ms] [ERROR] Failed to load resource: net::ERR_CONNECTION_REFUSED @ http://localhost:5050/sport_files/sport_files/sport_files/sport_files/sport_files/sport_files/sport_files/sport_files/sport_files/sport_files/sport_files/sport_files/sport_files/1786895079723.png:0
[  141825ms] [ERROR] Failed to load resource: net::ERR_CONNECTION_REFUSED @ http://localhost:5050/sport_files/sport_files/sport_files/sport_files/sport_files/sport_files/sport_files/sport_files/sport_files/sport_files/sport_files/sport_files/sport_files/1786956861063.png:0
[  144162ms] [ERROR] Failed to load resource: net::ERR_CONNECTION_REFUSED @ http://localhost:5050/sport_files/sport_files/sport_files/sport_files/sport_files/sport_files/sport_files/sport_files/sport_files/sport_files/sport_files/sport_files/sport_files/1786895164801.png:0
[  144178ms] [ERROR] Failed to load resource: net::ERR_CONNECTION_REFUSED @ http://localhost:5050/sport_files/sport_files/sport_files/sport_files/sport_files/sport_files/sport_files/sport_files/sport_files/sport_files/sport_files/sport_files/sport_files/1786955165631.png:0
[  144179ms] [ERROR] Failed to load resource: net::ERR_CONNECTION_REFUSED @ http://localhost:5050/sport_files/sport_files/sport_files/sport_files/sport_files/sport_files/sport_files/sport_files/sport_files/sport_files/sport_files/sport_files/sport_files/1784278232340.png:0
[  144179ms] [ERROR] Failed to load resource: net::ERR_CONNECTION_REFUSED @ http://localhost:5050/sport_files/sport_files/sport_files/sport_files/sport_files/sport_files/sport_files/sport_files/sport_files/sport_files/sport_files/sport_files/sport_files/1786955295865.png:0
[  144179ms] [ERROR] Failed to load resource: net::ERR_CONNECTION_REFUSED @ http://localhost:5050/sport_files/sport_files/sport_files/sport_files/sport_files/sport_files/sport_files/sport_files/sport_files/sport_files/sport_files/sport_files/sport_files/1778281651447.jpg:0
[  144179ms] [ERROR] Failed to load resource: net::ERR_CONNECTION_REFUSED @ http://localhost:5050/sport_files/sport_files/sport_files/sport_files/sport_files/sport_files/sport_files/sport_files/sport_files/sport_files/sport_files/sport_files/sport_files/1778281818727.jpg:0
[  146514ms] [ERROR] Failed to load resource: net::ERR_CONNECTION_REFUSED @ http://localhost:5050/sport_files/sport_files/sport_files/sport_files/sport_files/sport_files/sport_files/sport_files/sport_files/sport_files/sport_files/sport_files/sport_files/1786954620167.png:0
[  146546ms] [ERROR] Failed to load resource: net::ERR_CONNECTION_REFUSED @ http://localhost:5050/sport_files/sport_files/sport_files/sport_files/sport_files/sport_files/sport_files/sport_files/sport_files/sport_files/sport_files/sport_files/sport_files/1785664485511.webp:0
[  146546ms] [ERROR] Failed to load resource: net::ERR_CONNECTION_REFUSED @ http://localhost:5050/sport_files/sport_files/sport_files/sport_files/sport_files/sport_files/sport_files/sport_files/sport_files/sport_files/sport_files/sport_files/sport_files/1786954661225.png:0
[  146546ms] [ERROR] Failed to load resource: net::ERR_CONNECTION_REFUSED @ http://localhost:5050/sport_files/sport_files/sport_files/sport_files/sport_files/sport_files/sport_files/sport_files/sport_files/sport_files/sport_files/sport_files/sport_files/1786954681257.png:0
[  146546ms] [ERROR] Failed to load resource: net::ERR_CONNECTION_REFUSED @ http://localhost:5050/sport_files/sport_files/sport_files/sport_files/sport_files/sport_files/sport_files/sport_files/sport_files/sport_files/sport_files/sport_files/sport_files/1786955062370.png:0
[  146547ms] [ERROR] Failed to load resource: net::ERR_CONNECTION_REFUSED @ http://localhost:5050/sport_files/sport_files/sport_files/sport_files/sport_files/sport_files/sport_files/sport_files/sport_files/sport_files/sport_files/sport_files/sport_files/1786956817268.png:0
[  148872ms] [ERROR] Failed to load resource: net::ERR_CONNECTION_REFUSED @ http://localhost:5050/sport_files/sport_files/sport_files/sport_files/sport_files/sport_files/sport_files/sport_files/sport_files/sport_files/sport_files/sport_files/sport_files/1786956834836.png:0
[  148904ms] [ERROR] Failed to load resource: net::ERR_CONNECTION_REFUSED @ http://localhost:5050/sport_files/sport_files/sport_files/sport_files/sport_files/sport_files/sport_files/sport_files/sport_files/sport_files/sport_files/sport_files/sport_files/1786956880596.png:0
[  148904ms] [ERROR] Failed to load resource: net::ERR_CONNECTION_REFUSED @ http://localhost:5050/sport_files/sport_files/sport_files/sport_files/sport_files/sport_files/sport_files/sport_files/sport_files/sport_files/sport_files/sport_files/sport_files/banners/1787598384490.webp:0
[  148904ms] [ERROR] Failed to load resource: net::ERR_CONNECTION_REFUSED @ http://localhost:5050/sport_files/sport_files/sport_files/sport_files/sport_files/sport_files/sport_files/sport_files/sport_files/sport_files/sport_files/sport_files/sport_files/banners/1787628463829.webp:0
[  148905ms] [ERROR] Failed to load resource: net::ERR_CONNECTION_REFUSED @ http://localhost:5050/sport_files/sport_files/sport_files/sport_files/sport_files/sport_files/sport_files/sport_files/sport_files/sport_files/sport_files/sport_files/sport_files/banners/1787598250897.webp:0
[  148905ms] [ERROR] Failed to load resource: net::ERR_CONNECTION_REFUSED @ http://localhost:5050/sport_files/sport_files/sport_files/sport_files/sport_files/sport_files/sport_files/sport_files/sport_files/sport_files/sport_files/sport_files/sport_files/banners/1787428510867.webp:0
[  151222ms] [ERROR] Failed to load resource: net::ERR_CONNECTION_REFUSED @ http://localhost:5050/sport_files/sport_files/sport_files/sport_files/sport_files/sport_files/sport_files/sport_files/sport_files/sport_files/sport_files/sport_files/sport_files/banners/1787513921448.webp:0
[  151254ms] [ERROR] Failed to load resource: net::ERR_CONNECTION_REFUSED @ http://localhost:5050/sport_files/sport_files/sport_files/sport_files/sport_files/sport_files/sport_files/sport_files/sport_files/sport_files/sport_files/sport_files/sport_files/banners/1787553144555.webp:0
[  151254ms] [ERROR] Failed to load resource: net::ERR_CONNECTION_REFUSED @ http://localhost:5050/sport_files/sport_files/sport_files/sport_files/sport_files/sport_files/sport_files/sport_files/sport_files/sport_files/sport_files/sport_files/sport_files/banners/1787599619974.webp:0
[  151254ms] [ERROR] Failed to load resource: net::ERR_CONNECTION_REFUSED @ http://localhost:5050/sport_files/sport_files/sport_files/sport_files/sport_files/sport_files/sport_files/sport_files/sport_files/sport_files/sport_files/sport_files/sport_files/banners/1787599192985.webp:0
[  151254ms] [ERROR] Failed to load resource: net::ERR_CONNECTION_REFUSED @ http://localhost:5050/sport_files/sport_files/sport_files/sport_files/sport_files/sport_files/sport_files/sport_files/sport_files/sport_files/sport_files/sport_files/sport_files/banners/1787635044676.webp:0
[  151254ms] [ERROR] Failed to load resource: net::ERR_CONNECTION_REFUSED @ http://localhost:5050/sport_files/sport_files/sport_files/sport_files/sport_files/sport_files/sport_files/sport_files/sport_files/sport_files/sport_files/sport_files/sport_files/sidebanners/1786268892004.png:0
[  153754ms] [ERROR] Failed to load resource: net::ERR_CONNECTION_REFUSED @ http://localhost:5050/sport_files/sport_files/sport_files/sport_files/sport_files/sport_files/sport_files/sport_files/sport_files/sport_files/sport_files/sport_files/sport_files/sidebanners/1786956798302.png:0
[  153754ms] [ERROR] Failed to load resource: net::ERR_CONNECTION_REFUSED @ http://localhost:5050/sport_files/sport_files/sport_files/sport_files/sport_files/sport_files/sport_files/sport_files/sport_files/sport_files/sport_files/sport_files/sport_files/sidebanners/1786268932607.png:0
[  153754ms] [ERROR] Failed to load resource: net::ERR_CONNECTION_REFUSED @ http://localhost:5050/sport_files/sport_files/sport_files/sport_files/sport_files/sport_files/sport_files/sport_files/sport_files/sport_files/sport_files/sport_files/sport_files/sidebanners/1778281410174.jpg:0
[  153754ms] [ERROR] Failed to load resource: net::ERR_CONNECTION_REFUSED @ http://localhost:5050/sport_files/sport_files/sport_files/sport_files/sport_files/sport_files/sport_files/sport_files/sport_files/sport_files/sport_files/sport_files/sport_files/sidebanners/1786895079723.png:0
[  153754ms] [ERROR] Failed to load resource: net::ERR_CONNECTION_REFUSED @ http://localhost:5050/sport_files/sport_files/sport_files/sport_files/sport_files/sport_files/sport_files/sport_files/sport_files/sport_files/sport_files/sport_files/sport_files/sidebanners/1786956861063.png:0
[  153754ms] [ERROR] Failed to load resource: net::ERR_CONNECTION_REFUSED @ http://localhost:5050/sport_files/sport_files/sport_files/sport_files/sport_files/sport_files/sport_files/sport_files/sport_files/sport_files/sport_files/sport_files/sport_files/sidebanners/1786895164801.png:0
[  155911ms] [ERROR] Failed to load resource: net::ERR_CONNECTION_REFUSED @ http://localhost:5050/sport_files/sport_files/sport_files/sport_files/sport_files/sport_files/sport_files/sport_files/sport_files/sport_files/sport_files/sport_files/sport_files/sidebanners/1786955165631.png:0
[  155956ms] [ERROR] Failed to load resource: net::ERR_CONNECTION_REFUSED @ http://localhost:5050/sport_files/sport_files/sport_files/sport_files/sport_files/sport_files/sport_files/sport_files/sport_files/sport_files/sport_files/sport_files/sport_files/sidebanners/1784278232340.png:0
[  155972ms] [ERROR] Failed to load resource: net::ERR_CONNECTION_REFUSED @ http://localhost:5050/sport_files/sport_files/sport_files/sport_files/sport_files/sport_files/sport_files/sport_files/sport_files/sport_files/sport_files/sport_files/sport_files/sidebanners/1786955295865.png:0
[  155972ms] [ERROR] Failed to load resource: net::ERR_CONNECTION_REFUSED @ http://localhost:5050/sport_files/sport_files/sport_files/sport_files/sport_files/sport_files/sport_files/sport_files/sport_files/sport_files/sport_files/sport_files/sport_files/sidebanners/1778281651447.jpg:0
[  155972ms] [ERROR] Failed to load resource: net::ERR_CONNECTION_REFUSED @ http://localhost:5050/sport_files/sport_files/sport_files/sport_files/sport_files/sport_files/sport_files/sport_files/sport_files/sport_files/sport_files/sport_files/sport_files/sidebanners/1778281818727.jpg:0
[  155972ms] [ERROR] Failed to load resource: net::ERR_CONNECTION_REFUSED @ http://localhost:5050/sport_files/sport_files/sport_files/sport_files/sport_files/sport_files/sport_files/sport_files/sport_files/sport_files/sport_files/sport_files/sport_files/sidebanners/1786954620167.png:0
[  158259ms] [ERROR] Failed to load resource: net::ERR_CONNECTION_REFUSED @ http://localhost:5050/sport_files/sport_files/sport_files/sport_files/sport_files/sport_files/sport_files/sport_files/sport_files/sport_files/sport_files/sport_files/sport_files/sidebanners/1786954661225.png:0
[  158323ms] [ERROR] Failed to load resource: net::ERR_CONNECTION_REFUSED @ http://localhost:5050/sport_files/sport_files/sport_files/sport_files/sport_files/sport_files/sport_files/sport_files/sport_files/sport_files/sport_files/sport_files/sport_files/sidebanners/1786954681257.png:0
[  158323ms] [ERROR] Failed to load resource: net::ERR_CONNECTION_REFUSED @ http://localhost:5050/sport_files/sport_files/sport_files/sport_files/sport_files/sport_files/sport_files/sport_files/sport_files/sport_files/sport_files/sport_files/sport_files/sidebanners/1786956817268.png:0
[  158339ms] [ERROR] Failed to load resource: net::ERR_CONNECTION_REFUSED @ http://localhost:5050/sport_files/sport_files/sport_files/sport_files/sport_files/sport_files/sport_files/sport_files/sport_files/sport_files/sport_files/sport_files/sport_files/sidebanners/1786956834836.png:0
[  158339ms] [ERROR] Failed to load resource: net::ERR_CONNECTION_REFUSED @ http://localhost:5050/sport_files/sport_files/sport_files/sport_files/sport_files/sport_files/sport_files/sport_files/sport_files/sport_files/sport_files/sport_files/sport_files/sidebanners/1786956880596.png:0
[  158339ms] [ERROR] Failed to load resource: net::ERR_CONNECTION_REFUSED @ http://localhost:5050/sport_files/sport_files/sport_files/sport_files/sport_files/sport_files/sport_files/sport_files/sport_files/sport_files/sport_files/sport_files/sport_files/sidebanners/1785664485511.webp:0
[  160599ms] [ERROR] Failed to load resource: net::ERR_CONNECTION_REFUSED @ http://localhost:5050/sport_files/sport_files/sport_files/sport_files/sport_files/sport_files/sport_files/sport_files/sport_files/sport_files/sport_files/sport_files/sport_files/sidebanners/1786955062370.png:0
[  160661ms] [ERROR] Failed to load resource: net::ERR_CONNECTION_REFUSED @ http://localhost:5050/sport_files/sport_files/sport_files/sport_files/sport_files/sport_files/sport_files/sport_files/sport_files/sport_files/sport_files/sport_files/sport_files/logo.png:0
[  160662ms] [ERROR] Failed to load resource: net::ERR_CONNECTION_REFUSED @ http://localhost:5050/sport_files/sport_files/sport_files/sport_files/sport_files/sport_files/sport_files/sport_files/sport_files/sport_files/sport_files/sport_files/sport_files/sport_files/sport_files/sport_files/sport_files/sport_files/sport_files/speaker.svg:0
[  160677ms] [ERROR] Failed to load resource: net::ERR_CONNECTION_REFUSED @ http://localhost:5050/sport_files/sport_files/sport_files/sport_files/sport_files/sport_files/sport_files/sport_files/sport_files/sport_files/sport_files/sport_files/sport_files/sport_files/sport_files/sport_files/sport_files/sport_files/sport_files/arrow-down.svg:0
[  160677ms] [ERROR] Failed to load resource: net::ERR_CONNECTION_REFUSED @ http://localhost:5050/sport_files/sport_files/sport_files/sport_files/sport_files/sport_files/sport_files/sport_files/sport_files/sport_files/sport_files/sport_files/sport_files/sport_files/sport_files/sport_files/sport_files/sport_files/sport_files/telegram.png:0
[  160692ms] [ERROR] Failed to load resource: net::ERR_CONNECTION_REFUSED @ http://localhost:5050/sport_files/sport_files/sport_files/sport_files/sport_files/sport_files/sport_files/sport_files/sport_files/sport_files/sport_files/sport_files/sport_files/sport_files/sport_files/sport_files/sport_files/sport_files/sport_files/twitter.png:0
[  162955ms] [ERROR] Failed to load resource: net::ERR_CONNECTION_REFUSED @ http://localhost:5050/sport_files/sport_files/sport_files/sport_files/sport_files/sport_files/sport_files/sport_files/sport_files/sport_files/sport_files/sport_files/sport_files/sport_files/sport_files/sport_files/sport_files/sport_files/sport_files/ssl.png:0
[  163017ms] [ERROR] Failed to load resource: net::ERR_CONNECTION_REFUSED @ http://localhost:5050/cdn-cgi/challenge-platform/scripts/jsd/main.js:0
[  163021ms] [ERROR] Failed to load resource: net::ERR_CONNECTION_REFUSED @ http://localhost:5050/sport_files/sport_files/sport_files/sport_files/sport_files/sport_files/sport_files/sport_files/sport_files/sport_files/sport_files/sport_files/sport_files/sport_files/sport_files/sport_files/sport_files/sport_files/sport_files/18plus.png:0
[  163021ms] [ERROR] Failed to load resource: net::ERR_CONNECTION_REFUSED @ http://localhost:5050/sport_files/sport_files/sport_files/sport_files/sport_files/sport_files/sport_files/sport_files/sport_files/sport_files/sport_files/sport_files/sport_files/sport_files/1786268932607.png:0
[  163031ms] [ERROR] Failed to load resource: net::ERR_CONNECTION_REFUSED @ http://localhost:5050/sport_files/sport_files/sport_files/sport_files/sport_files/sport_files/sport_files/sport_files/sport_files/sport_files/sport_files/sport_files/sport_files/sport_files/1778281410174.jpg:0
[  163047ms] [ERROR] Failed to load resource: net::ERR_CONNECTION_REFUSED @ http://localhost:5050/sport_files/sport_files/sport_files/sport_files/sport_files/sport_files/sport_files/sport_files/sport_files/sport_files/sport_files/sport_files/sport_files/sport_files/1786895079723.png:0
[  165305ms] [ERROR] Failed to load resource: net::ERR_CONNECTION_REFUSED @ http://localhost:5050/sport_files/sport_files/sport_files/sport_files/sport_files/sport_files/sport_files/sport_files/sport_files/sport_files/sport_files/sport_files/sport_files/sport_files/1786956861063.png:0
[  165364ms] [ERROR] Failed to load resource: net::ERR_CONNECTION_REFUSED @ http://localhost:5050/sport_files/sport_files/sport_files/sport_files/sport_files/sport_files/sport_files/sport_files/sport_files/sport_files/sport_files/sport_files/sport_files/sport_files/1786895164801.png:0
[  165364ms] [ERROR] Failed to load resource: net::ERR_CONNECTION_REFUSED @ http://localhost:5050/sport_files/sport_files/sport_files/sport_files/sport_files/sport_files/sport_files/sport_files/sport_files/sport_files/sport_files/sport_files/sport_files/sport_files/1786955165631.png:0
[  165365ms] [ERROR] Failed to load resource: net::ERR_CONNECTION_REFUSED @ http://localhost:5050/sport_files/sport_files/sport_files/sport_files/sport_files/sport_files/sport_files/sport_files/sport_files/sport_files/sport_files/sport_files/sport_files/sport_files/1784278232340.png:0
[  165379ms] [ERROR] Failed to load resource: net::ERR_CONNECTION_REFUSED @ http://localhost:5050/sport_files/sport_files/sport_files/sport_files/sport_files/sport_files/sport_files/sport_files/sport_files/sport_files/sport_files/sport_files/sport_files/sport_files/1786955295865.png:0
[  165410ms] [ERROR] Failed to load resource: net::ERR_CONNECTION_REFUSED @ http://localhost:5050/sport_files/sport_files/sport_files/sport_files/sport_files/sport_files/sport_files/sport_files/sport_files/sport_files/sport_files/sport_files/sport_files/sport_files/1778281651447.jpg:0
[  167672ms] [ERROR] Failed to load resource: net::ERR_CONNECTION_REFUSED @ http://localhost:5050/sport_files/sport_files/sport_files/sport_files/sport_files/sport_files/sport_files/sport_files/sport_files/sport_files/sport_files/sport_files/sport_files/sport_files/1778281818727.jpg:0
[  167716ms] [ERROR] Failed to load resource: net::ERR_CONNECTION_REFUSED @ http://localhost:5050/sport_files/sport_files/sport_files/sport_files/sport_files/sport_files/sport_files/sport_files/sport_files/sport_files/sport_files/sport_files/sport_files/sport_files/1786954620167.png:0
[  167732ms] [ERROR] Failed to load resource: net::ERR_CONNECTION_REFUSED @ http://localhost:5050/sport_files/sport_files/sport_files/sport_files/sport_files/sport_files/sport_files/sport_files/sport_files/sport_files/sport_files/sport_files/sport_files/sport_files/1785664485511.webp:0
[  167732ms] [ERROR] Failed to load resource: net::ERR_CONNECTION_REFUSED @ http://localhost:5050/sport_files/sport_files/sport_files/sport_files/sport_files/sport_files/sport_files/sport_files/sport_files/sport_files/sport_files/sport_files/sport_files/sport_files/1786954661225.png:0
[  167732ms] [ERROR] Failed to load resource: net::ERR_CONNECTION_REFUSED @ http://localhost:5050/sport_files/sport_files/sport_files/sport_files/sport_files/sport_files/sport_files/sport_files/sport_files/sport_files/sport_files/sport_files/sport_files/sport_files/1786954681257.png:0
[  167779ms] [ERROR] Failed to load resource: net::ERR_CONNECTION_REFUSED @ http://localhost:5050/sport_files/sport_files/sport_files/sport_files/sport_files/sport_files/sport_files/sport_files/sport_files/sport_files/sport_files/sport_files/sport_files/sport_files/1786955062370.png:0
[  170023ms] [ERROR] Failed to load resource: net::ERR_CONNECTION_REFUSED @ http://localhost:5050/sport_files/sport_files/sport_files/sport_files/sport_files/sport_files/sport_files/sport_files/sport_files/sport_files/sport_files/sport_files/sport_files/sport_files/1786956817268.png:0
[  170067ms] [ERROR] Failed to load resource: net::ERR_CONNECTION_REFUSED @ http://localhost:5050/sport_files/sport_files/sport_files/sport_files/sport_files/sport_files/sport_files/sport_files/sport_files/sport_files/sport_files/sport_files/sport_files/sport_files/1786956834836.png:0
[  170067ms] [ERROR] Failed to load resource: net::ERR_CONNECTION_REFUSED @ http://localhost:5050/sport_files/sport_files/sport_files/sport_files/sport_files/sport_files/sport_files/sport_files/sport_files/sport_files/sport_files/sport_files/sport_files/sport_files/1786956880596.png:0
[  170082ms] [ERROR] Failed to load resource: net::ERR_CONNECTION_REFUSED @ http://localhost:5050/sport_files/sport_files/sport_files/sport_files/sport_files/sport_files/sport_files/sport_files/sport_files/sport_files/sport_files/sport_files/sport_files/sport_files/banners/1787598384490.webp:0
[  170082ms] [ERROR] Failed to load resource: net::ERR_CONNECTION_REFUSED @ http://localhost:5050/sport_files/sport_files/sport_files/sport_files/sport_files/sport_files/sport_files/sport_files/sport_files/sport_files/sport_files/sport_files/sport_files/sport_files/banners/1787628463829.webp:0
[  170113ms] [ERROR] Failed to load resource: net::ERR_CONNECTION_REFUSED @ http://localhost:5050/sport_files/sport_files/sport_files/sport_files/sport_files/sport_files/sport_files/sport_files/sport_files/sport_files/sport_files/sport_files/sport_files/sport_files/banners/1787598250897.webp:0
[  172376ms] [ERROR] Failed to load resource: net::ERR_CONNECTION_REFUSED @ http://localhost:5050/sport_files/sport_files/sport_files/sport_files/sport_files/sport_files/sport_files/sport_files/sport_files/sport_files/sport_files/sport_files/sport_files/sport_files/banners/1787428510867.webp:0
[  172423ms] [ERROR] Failed to load resource: net::ERR_CONNECTION_REFUSED @ http://localhost:5050/sport_files/sport_files/sport_files/sport_files/sport_files/sport_files/sport_files/sport_files/sport_files/sport_files/sport_files/sport_files/sport_files/sport_files/banners/1787513921448.webp:0
[  172423ms] [ERROR] Failed to load resource: net::ERR_CONNECTION_REFUSED @ http://localhost:5050/sport_files/sport_files/sport_files/sport_files/sport_files/sport_files/sport_files/sport_files/sport_files/sport_files/sport_files/sport_files/sport_files/sport_files/banners/1787553144555.webp:0
[  172440ms] [ERROR] Failed to load resource: net::ERR_CONNECTION_REFUSED @ http://localhost:5050/sport_files/sport_files/sport_files/sport_files/sport_files/sport_files/sport_files/sport_files/sport_files/sport_files/sport_files/sport_files/sport_files/sport_files/banners/1787599619974.webp:0
[  172440ms] [ERROR] Failed to load resource: net::ERR_CONNECTION_REFUSED @ http://localhost:5050/sport_files/sport_files/sport_files/sport_files/sport_files/sport_files/sport_files/sport_files/sport_files/sport_files/sport_files/sport_files/sport_files/sport_files/banners/1787599192985.webp:0
[  172473ms] [ERROR] Failed to load resource: net::ERR_CONNECTION_REFUSED @ http://localhost:5050/sport_files/sport_files/sport_files/sport_files/sport_files/sport_files/sport_files/sport_files/sport_files/sport_files/sport_files/sport_files/sport_files/sport_files/banners/1787635044676.webp:0
[  174743ms] [ERROR] Failed to load resource: net::ERR_CONNECTION_REFUSED @ http://localhost:5050/sport_files/sport_files/sport_files/sport_files/sport_files/sport_files/sport_files/sport_files/sport_files/sport_files/sport_files/sport_files/sport_files/sport_files/sidebanners/1786268892004.png:0
[  174789ms] [ERROR] Failed to load resource: net::ERR_CONNECTION_REFUSED @ http://localhost:5050/sport_files/sport_files/sport_files/sport_files/sport_files/sport_files/sport_files/sport_files/sport_files/sport_files/sport_files/sport_files/sport_files/sport_files/sidebanners/1786956798302.png:0
[  174789ms] [ERROR] Failed to load resource: net::ERR_CONNECTION_REFUSED @ http://localhost:5050/sport_files/sport_files/sport_files/sport_files/sport_files/sport_files/sport_files/sport_files/sport_files/sport_files/sport_files/sport_files/sport_files/sport_files/sidebanners/1786268932607.png:0
[  174805ms] [ERROR] Failed to load resource: net::ERR_CONNECTION_REFUSED @ http://localhost:5050/sport_files/sport_files/sport_files/sport_files/sport_files/sport_files/sport_files/sport_files/sport_files/sport_files/sport_files/sport_files/sport_files/sport_files/sidebanners/1778281410174.jpg:0
[  174805ms] [ERROR] Failed to load resource: net::ERR_CONNECTION_REFUSED @ http://localhost:5050/sport_files/sport_files/sport_files/sport_files/sport_files/sport_files/sport_files/sport_files/sport_files/sport_files/sport_files/sport_files/sport_files/sport_files/sidebanners/1786895079723.png:0
[  174838ms] [ERROR] Failed to load resource: net::ERR_CONNECTION_REFUSED @ http://localhost:5050/sport_files/sport_files/sport_files/sport_files/sport_files/sport_files/sport_files/sport_files/sport_files/sport_files/sport_files/sport_files/sport_files/sport_files/sidebanners/1786956861063.png:0
[  177111ms] [ERROR] Failed to load resource: net::ERR_CONNECTION_REFUSED @ http://localhost:5050/sport_files/sport_files/sport_files/sport_files/sport_files/sport_files/sport_files/sport_files/sport_files/sport_files/sport_files/sport_files/sport_files/sport_files/sidebanners/1786895164801.png:0
[  177159ms] [ERROR] Failed to load resource: net::ERR_CONNECTION_REFUSED @ http://localhost:5050/sport_files/sport_files/sport_files/sport_files/sport_files/sport_files/sport_files/sport_files/sport_files/sport_files/sport_files/sport_files/sport_files/sport_files/sidebanners/1786955165631.png:0
[  177160ms] [ERROR] Failed to load resource: net::ERR_CONNECTION_REFUSED @ http://localhost:5050/sport_files/sport_files/sport_files/sport_files/sport_files/sport_files/sport_files/sport_files/sport_files/sport_files/sport_files/sport_files/sport_files/sport_files/sidebanners/1784278232340.png:0
[  177160ms] [ERROR] Failed to load resource: net::ERR_CONNECTION_REFUSED @ http://localhost:5050/sport_files/sport_files/sport_files/sport_files/sport_files/sport_files/sport_files/sport_files/sport_files/sport_files/sport_files/sport_files/sport_files/sport_files/sidebanners/1786955295865.png:0
[  177160ms] [ERROR] Failed to load resource: net::ERR_CONNECTION_REFUSED @ http://localhost:5050/sport_files/sport_files/sport_files/sport_files/sport_files/sport_files/sport_files/sport_files/sport_files/sport_files/sport_files/sport_files/sport_files/sport_files/sidebanners/1778281651447.jpg:0
[  177190ms] [ERROR] Failed to load resource: net::ERR_CONNECTION_REFUSED @ http://localhost:5050/sport_files/sport_files/sport_files/sport_files/sport_files/sport_files/sport_files/sport_files/sport_files/sport_files/sport_files/sport_files/sport_files/sport_files/sidebanners/1778281818727.jpg:0
[  179481ms] [ERROR] Failed to load resource: net::ERR_CONNECTION_REFUSED @ http://localhost:5050/sport_files/sport_files/sport_files/sport_files/sport_files/sport_files/sport_files/sport_files/sport_files/sport_files/sport_files/sport_files/sport_files/sport_files/sidebanners/1786954620167.png:0
[  179527ms] [ERROR] Failed to load resource: net::ERR_CONNECTION_REFUSED @ http://localhost:5050/sport_files/sport_files/sport_files/sport_files/sport_files/sport_files/sport_files/sport_files/sport_files/sport_files/sport_files/sport_files/sport_files/sport_files/sidebanners/1786954661225.png:0
[  179527ms] [ERROR] Failed to load resource: net::ERR_CONNECTION_REFUSED @ http://localhost:5050/sport_files/sport_files/sport_files/sport_files/sport_files/sport_files/sport_files/sport_files/sport_files/sport_files/sport_files/sport_files/sport_files/sport_files/sidebanners/1786954681257.png:0
[  179527ms] [ERROR] Failed to load resource: net::ERR_CONNECTION_REFUSED @ http://localhost:5050/sport_files/sport_files/sport_files/sport_files/sport_files/sport_files/sport_files/sport_files/sport_files/sport_files/sport_files/sport_files/sport_files/sport_files/sidebanners/1786956817268.png:0
[  179527ms] [ERROR] Failed to load resource: net::ERR_CONNECTION_REFUSED @ http://localhost:5050/sport_files/sport_files/sport_files/sport_files/sport_files/sport_files/sport_files/sport_files/sport_files/sport_files/sport_files/sport_files/sport_files/sport_files/sidebanners/1786956834836.png:0
[  179558ms] [ERROR] Failed to load resource: net::ERR_CONNECTION_REFUSED @ http://localhost:5050/sport_files/sport_files/sport_files/sport_files/sport_files/sport_files/sport_files/sport_files/sport_files/sport_files/sport_files/sport_files/sport_files/sport_files/sidebanners/1786956880596.png:0
[  181842ms] [ERROR] Failed to load resource: net::ERR_CONNECTION_REFUSED @ http://localhost:5050/sport_files/sport_files/sport_files/sport_files/sport_files/sport_files/sport_files/sport_files/sport_files/sport_files/sport_files/sport_files/sport_files/sport_files/sidebanners/1785664485511.webp:0
[  181889ms] [ERROR] Failed to load resource: net::ERR_CONNECTION_REFUSED @ http://localhost:5050/sport_files/sport_files/sport_files/sport_files/sport_files/sport_files/sport_files/sport_files/sport_files/sport_files/sport_files/sport_files/sport_files/sport_files/sidebanners/1786955062370.png:0
[  181889ms] [ERROR] Failed to load resource: net::ERR_CONNECTION_REFUSED @ http://localhost:5050/sport_files/sport_files/sport_files/sport_files/sport_files/sport_files/sport_files/sport_files/sport_files/sport_files/sport_files/sport_files/sport_files/sport_files/logo.png:0
[  181889ms] [ERROR] Failed to load resource: net::ERR_CONNECTION_REFUSED @ http://localhost:5050/sport_files/sport_files/sport_files/sport_files/sport_files/sport_files/sport_files/sport_files/sport_files/sport_files/sport_files/sport_files/sport_files/sport_files/sport_files/gt.png:0
[  181889ms] [ERROR] Failed to load resource: net::ERR_CONNECTION_REFUSED @ http://localhost:5050/sport_files/sport_files/sport_files/sport_files/sport_files/sport_files/sport_files/sport_files/sport_files/sport_files/sport_files/sport_files/sport_files/sport_files/sport_files/gamble-aware.svg:0
[  181923ms] [ERROR] Failed to load resource: net::ERR_CONNECTION_REFUSED @ http://localhost:5050/sport_files/sport_files/sport_files/sport_files/sport_files/sport_files/sport_files/sport_files/sport_files/sport_files/sport_files/sport_files/sport_files/sport_files/sport_files/game-stop.png:0
[  184197ms] [ERROR] Failed to load resource: net::ERR_CONNECTION_REFUSED @ http://localhost:5050/sport_files/sport_files/sport_files/sport_files/sport_files/sport_files/sport_files/sport_files/sport_files/sport_files/sport_files/sport_files/sport_files/sport_files/sport_files/1786268892004.png:0
[  184243ms] [ERROR] Failed to load resource: net::ERR_CONNECTION_REFUSED @ http://localhost:5050/sport_files/sport_files/sport_files/sport_files/sport_files/sport_files/sport_files/sport_files/sport_files/sport_files/sport_files/sport_files/sport_files/sport_files/sport_files/1786956798302.png:0
[  184244ms] [ERROR] Failed to load resource: net::ERR_CONNECTION_REFUSED @ http://localhost:5050/sport_files/sport_files/sport_files/sport_files/sport_files/sport_files/sport_files/sport_files/sport_files/sport_files/sport_files/sport_files/sport_files/sport_files/sport_files/1786268932607.png:0
[  184244ms] [ERROR] Failed to load resource: net::ERR_CONNECTION_REFUSED @ http://localhost:5050/sport_files/sport_files/sport_files/sport_files/sport_files/sport_files/sport_files/sport_files/sport_files/sport_files/sport_files/sport_files/sport_files/sport_files/sport_files/1778281410174.jpg:0
[  184244ms] [ERROR] Failed to load resource: net::ERR_CONNECTION_REFUSED @ http://localhost:5050/sport_files/sport_files/sport_files/sport_files/sport_files/sport_files/sport_files/sport_files/sport_files/sport_files/sport_files/sport_files/sport_files/sport_files/sport_files/1786895079723.png:0
[  184274ms] [ERROR] Failed to load resource: net::ERR_CONNECTION_REFUSED @ http://localhost:5050/sport_files/sport_files/sport_files/sport_files/sport_files/sport_files/sport_files/sport_files/sport_files/sport_files/sport_files/sport_files/sport_files/sport_files/sport_files/1786956861063.png:0
[  186556ms] [ERROR] Failed to load resource: net::ERR_CONNECTION_REFUSED @ http://localhost:5050/sport_files/sport_files/sport_files/sport_files/sport_files/sport_files/sport_files/sport_files/sport_files/sport_files/sport_files/sport_files/sport_files/sport_files/sport_files/1786895164801.png:0
[  186606ms] [ERROR] Failed to load resource: net::ERR_CONNECTION_REFUSED @ http://localhost:5050/sport_files/sport_files/sport_files/sport_files/sport_files/sport_files/sport_files/sport_files/sport_files/sport_files/sport_files/sport_files/sport_files/sport_files/sport_files/1786955165631.png:0
[  186606ms] [ERROR] Failed to load resource: net::ERR_CONNECTION_REFUSED @ http://localhost:5050/sport_files/sport_files/sport_files/sport_files/sport_files/sport_files/sport_files/sport_files/sport_files/sport_files/sport_files/sport_files/sport_files/sport_files/sport_files/1784278232340.png:0
[  186606ms] [ERROR] Failed to load resource: net::ERR_CONNECTION_REFUSED @ http://localhost:5050/sport_files/sport_files/sport_files/sport_files/sport_files/sport_files/sport_files/sport_files/sport_files/sport_files/sport_files/sport_files/sport_files/sport_files/sport_files/1786955295865.png:0
[  186606ms] [ERROR] Failed to load resource: net::ERR_CONNECTION_REFUSED @ http://localhost:5050/sport_files/sport_files/sport_files/sport_files/sport_files/sport_files/sport_files/sport_files/sport_files/sport_files/sport_files/sport_files/sport_files/sport_files/sport_files/1778281651447.jpg:0
[  186632ms] [ERROR] Failed to load resource: net::ERR_CONNECTION_REFUSED @ http://localhost:5050/sport_files/sport_files/sport_files/sport_files/sport_files/sport_files/sport_files/sport_files/sport_files/sport_files/sport_files/sport_files/sport_files/sport_files/sport_files/1778281818727.jpg:0
[  188914ms] [ERROR] Failed to load resource: net::ERR_CONNECTION_REFUSED @ http://localhost:5050/sport_files/sport_files/sport_files/sport_files/sport_files/sport_files/sport_files/sport_files/sport_files/sport_files/sport_files/sport_files/sport_files/sport_files/sport_files/1786954620167.png:0
[  188962ms] [ERROR] Failed to load resource: net::ERR_CONNECTION_REFUSED @ http://localhost:5050/sport_files/sport_files/sport_files/sport_files/sport_files/sport_files/sport_files/sport_files/sport_files/sport_files/sport_files/sport_files/sport_files/sport_files/sport_files/1785664485511.webp:0
[  188962ms] [ERROR] Failed to load resource: net::ERR_CONNECTION_REFUSED @ http://localhost:5050/sport_files/sport_files/sport_files/sport_files/sport_files/sport_files/sport_files/sport_files/sport_files/sport_files/sport_files/sport_files/sport_files/sport_files/sport_files/1786954661225.png:0
[  188962ms] [ERROR] Failed to load resource: net::ERR_CONNECTION_REFUSED @ http://localhost:5050/sport_files/sport_files/sport_files/sport_files/sport_files/sport_files/sport_files/sport_files/sport_files/sport_files/sport_files/sport_files/sport_files/sport_files/sport_files/1786954681257.png:0
[  188962ms] [ERROR] Failed to load resource: net::ERR_CONNECTION_REFUSED @ http://localhost:5050/sport_files/sport_files/sport_files/sport_files/sport_files/sport_files/sport_files/sport_files/sport_files/sport_files/sport_files/sport_files/sport_files/sport_files/sport_files/1786955062370.png:0
[  188992ms] [ERROR] Failed to load resource: net::ERR_CONNECTION_REFUSED @ http://localhost:5050/sport_files/sport_files/sport_files/sport_files/sport_files/sport_files/sport_files/sport_files/sport_files/sport_files/sport_files/sport_files/sport_files/sport_files/sport_files/1786956817268.png:0
[  191263ms] [ERROR] Failed to load resource: net::ERR_CONNECTION_REFUSED @ http://localhost:5050/sport_files/sport_files/sport_files/sport_files/sport_files/sport_files/sport_files/sport_files/sport_files/sport_files/sport_files/sport_files/sport_files/sport_files/sport_files/1786956834836.png:0
[  191311ms] [ERROR] Failed to load resource: net::ERR_CONNECTION_REFUSED @ http://localhost:5050/sport_files/sport_files/sport_files/sport_files/sport_files/sport_files/sport_files/sport_files/sport_files/sport_files/sport_files/sport_files/sport_files/sport_files/sport_files/1786956880596.png:0
[  191312ms] [ERROR] Failed to load resource: net::ERR_CONNECTION_REFUSED @ http://localhost:5050/sport_files/sport_files/sport_files/sport_files/sport_files/sport_files/sport_files/sport_files/sport_files/sport_files/sport_files/sport_files/sport_files/sport_files/sport_files/banners/1787598384490.webp:0
[  191312ms] [ERROR] Failed to load resource: net::ERR_CONNECTION_REFUSED @ http://localhost:5050/sport_files/sport_files/sport_files/sport_files/sport_files/sport_files/sport_files/sport_files/sport_files/sport_files/sport_files/sport_files/sport_files/sport_files/sport_files/banners/1787628463829.webp:0
[  191312ms] [ERROR] Failed to load resource: net::ERR_CONNECTION_REFUSED @ http://localhost:5050/sport_files/sport_files/sport_files/sport_files/sport_files/sport_files/sport_files/sport_files/sport_files/sport_files/sport_files/sport_files/sport_files/sport_files/sport_files/banners/1787598250897.webp:0
[  191342ms] [ERROR] Failed to load resource: net::ERR_CONNECTION_REFUSED @ http://localhost:5050/sport_files/sport_files/sport_files/sport_files/sport_files/sport_files/sport_files/sport_files/sport_files/sport_files/sport_files/sport_files/sport_files/sport_files/sport_files/banners/1787428510867.webp:0
[  193611ms] [ERROR] Failed to load resource: net::ERR_CONNECTION_REFUSED @ http://localhost:5050/sport_files/sport_files/sport_files/sport_files/sport_files/sport_files/sport_files/sport_files/sport_files/sport_files/sport_files/sport_files/sport_files/sport_files/sport_files/banners/1787513921448.webp:0
[  193658ms] [ERROR] Failed to load resource: net::ERR_CONNECTION_REFUSED @ http://localhost:5050/sport_files/sport_files/sport_files/sport_files/sport_files/sport_files/sport_files/sport_files/sport_files/sport_files/sport_files/sport_files/sport_files/sport_files/sport_files/banners/1787553144555.webp:0
[  193658ms] [ERROR] Failed to load resource: net::ERR_CONNECTION_REFUSED @ http://localhost:5050/sport_files/sport_files/sport_files/sport_files/sport_files/sport_files/sport_files/sport_files/sport_files/sport_files/sport_files/sport_files/sport_files/sport_files/sport_files/banners/1787599619974.webp:0
[  193658ms] [ERROR] Failed to load resource: net::ERR_CONNECTION_REFUSED @ http://localhost:5050/sport_files/sport_files/sport_files/sport_files/sport_files/sport_files/sport_files/sport_files/sport_files/sport_files/sport_files/sport_files/sport_files/sport_files/sport_files/banners/1787599192985.webp:0
[  193658ms] [ERROR] Failed to load resource: net::ERR_CONNECTION_REFUSED @ http://localhost:5050/sport_files/sport_files/sport_files/sport_files/sport_files/sport_files/sport_files/sport_files/sport_files/sport_files/sport_files/sport_files/sport_files/sport_files/sport_files/banners/1787635044676.webp:0
[  193689ms] [ERROR] Failed to load resource: net::ERR_CONNECTION_REFUSED @ http://localhost:5050/sport_files/sport_files/sport_files/sport_files/sport_files/sport_files/sport_files/sport_files/sport_files/sport_files/sport_files/sport_files/sport_files/sport_files/sport_files/sidebanners/1786268892004.png:0
[  195951ms] [ERROR] Failed to load resource: net::ERR_CONNECTION_REFUSED @ http://localhost:5050/sport_files/sport_files/sport_files/sport_files/sport_files/sport_files/sport_files/sport_files/sport_files/sport_files/sport_files/sport_files/sport_files/sport_files/sport_files/sidebanners/1786956798302.png:0
[  195997ms] [ERROR] Failed to load resource: net::ERR_CONNECTION_REFUSED @ http://localhost:5050/sport_files/sport_files/sport_files/sport_files/sport_files/sport_files/sport_files/sport_files/sport_files/sport_files/sport_files/sport_files/sport_files/sport_files/sport_files/sidebanners/1786268932607.png:0
[  195998ms] [ERROR] Failed to load resource: net::ERR_CONNECTION_REFUSED @ http://localhost:5050/sport_files/sport_files/sport_files/sport_files/sport_files/sport_files/sport_files/sport_files/sport_files/sport_files/sport_files/sport_files/sport_files/sport_files/sport_files/sidebanners/1778281410174.jpg:0
[  195998ms] [ERROR] Failed to load resource: net::ERR_CONNECTION_REFUSED @ http://localhost:5050/sport_files/sport_files/sport_files/sport_files/sport_files/sport_files/sport_files/sport_files/sport_files/sport_files/sport_files/sport_files/sport_files/sport_files/sport_files/sidebanners/1786895079723.png:0
[  195998ms] [ERROR] Failed to load resource: net::ERR_CONNECTION_REFUSED @ http://localhost:5050/sport_files/sport_files/sport_files/sport_files/sport_files/sport_files/sport_files/sport_files/sport_files/sport_files/sport_files/sport_files/sport_files/sport_files/sport_files/sidebanners/1786956861063.png:0
[  196028ms] [ERROR] Failed to load resource: net::ERR_CONNECTION_REFUSED @ http://localhost:5050/sport_files/sport_files/sport_files/sport_files/sport_files/sport_files/sport_files/sport_files/sport_files/sport_files/sport_files/sport_files/sport_files/sport_files/sport_files/sidebanners/1786895164801.png:0
[  198299ms] [ERROR] Failed to load resource: net::ERR_CONNECTION_REFUSED @ http://localhost:5050/sport_files/sport_files/sport_files/sport_files/sport_files/sport_files/sport_files/sport_files/sport_files/sport_files/sport_files/sport_files/sport_files/sport_files/sport_files/sidebanners/1786955165631.png:0
[  198346ms] [ERROR] Failed to load resource: net::ERR_CONNECTION_REFUSED @ http://localhost:5050/sport_files/sport_files/sport_files/sport_files/sport_files/sport_files/sport_files/sport_files/sport_files/sport_files/sport_files/sport_files/sport_files/sport_files/sport_files/sidebanners/1784278232340.png:0
[  198346ms] [ERROR] Failed to load resource: net::ERR_CONNECTION_REFUSED @ http://localhost:5050/sport_files/sport_files/sport_files/sport_files/sport_files/sport_files/sport_files/sport_files/sport_files/sport_files/sport_files/sport_files/sport_files/sport_files/sport_files/sidebanners/1786955295865.png:0
[  198346ms] [ERROR] Failed to load resource: net::ERR_CONNECTION_REFUSED @ http://localhost:5050/sport_files/sport_files/sport_files/sport_files/sport_files/sport_files/sport_files/sport_files/sport_files/sport_files/sport_files/sport_files/sport_files/sport_files/sport_files/sidebanners/1778281651447.jpg:0
[  198346ms] [ERROR] Failed to load resource: net::ERR_CONNECTION_REFUSED @ http://localhost:5050/sport_files/sport_files/sport_files/sport_files/sport_files/sport_files/sport_files/sport_files/sport_files/sport_files/sport_files/sport_files/sport_files/sport_files/sport_files/sidebanners/1778281818727.jpg:0
[  198377ms] [ERROR] Failed to load resource: net::ERR_CONNECTION_REFUSED @ http://localhost:5050/sport_files/sport_files/sport_files/sport_files/sport_files/sport_files/sport_files/sport_files/sport_files/sport_files/sport_files/sport_files/sport_files/sport_files/sport_files/sidebanners/1786954620167.png:0
[  200656ms] [ERROR] Failed to load resource: net::ERR_CONNECTION_REFUSED @ http://localhost:5050/sport_files/sport_files/sport_files/sport_files/sport_files/sport_files/sport_files/sport_files/sport_files/sport_files/sport_files/sport_files/sport_files/sport_files/sport_files/sidebanners/1786954661225.png:0
[  200689ms] [ERROR] Failed to load resource: net::ERR_CONNECTION_REFUSED @ http://localhost:5050/sport_files/sport_files/sport_files/sport_files/sport_files/sport_files/sport_files/sport_files/sport_files/sport_files/sport_files/sport_files/sport_files/sport_files/sport_files/sidebanners/1786954681257.png:0
[  200689ms] [ERROR] Failed to load resource: net::ERR_CONNECTION_REFUSED @ http://localhost:5050/sport_files/sport_files/sport_files/sport_files/sport_files/sport_files/sport_files/sport_files/sport_files/sport_files/sport_files/sport_files/sport_files/sport_files/sport_files/sidebanners/1786956817268.png:0
[  200706ms] [ERROR] Failed to load resource: net::ERR_CONNECTION_REFUSED @ http://localhost:5050/sport_files/sport_files/sport_files/sport_files/sport_files/sport_files/sport_files/sport_files/sport_files/sport_files/sport_files/sport_files/sport_files/sport_files/sport_files/sidebanners/1786956834836.png:0
[  200706ms] [ERROR] Failed to load resource: net::ERR_CONNECTION_REFUSED @ http://localhost:5050/sport_files/sport_files/sport_files/sport_files/sport_files/sport_files/sport_files/sport_files/sport_files/sport_files/sport_files/sport_files/sport_files/sport_files/sport_files/sidebanners/1786956880596.png:0
[  200734ms] [ERROR] Failed to load resource: net::ERR_CONNECTION_REFUSED @ http://localhost:5050/sport_files/sport_files/sport_files/sport_files/sport_files/sport_files/sport_files/sport_files/sport_files/sport_files/sport_files/sport_files/sport_files/sport_files/sport_files/sidebanners/1785664485511.webp:0
[  203008ms] [ERROR] Failed to load resource: net::ERR_CONNECTION_REFUSED @ http://localhost:5050/sport_files/sport_files/sport_files/sport_files/sport_files/sport_files/sport_files/sport_files/sport_files/sport_files/sport_files/sport_files/sport_files/sport_files/sport_files/sidebanners/1786955062370.png:0
[  203040ms] [ERROR] Failed to load resource: net::ERR_CONNECTION_REFUSED @ http://localhost:5050/cdn-cgi/challenge-platform/scripts/jsd/main.js:0
[  203049ms] [ERROR] Failed to load resource: net::ERR_CONNECTION_REFUSED @ http://localhost:5050/cdn-cgi/challenge-platform/scripts/jsd/main.js:0
[  203065ms] [ERROR] Failed to load resource: net::ERR_CONNECTION_REFUSED @ http://localhost:5050/sport_files/sport_files/sport_files/sport_files/sport_files/sport_files/sport_files/sport_files/sport_files/sport_files/sport_files/sport_files/sport_files/sport_files/sport_files/logo.png:0
[  203065ms] [ERROR] Failed to load resource: net::ERR_CONNECTION_REFUSED @ http://localhost:5050/sport_files/sport_files/sport_files/sport_files/sport_files/sport_files/sport_files/sport_files/sport_files/sport_files/sport_files/sport_files/sport_files/sport_files/sport_files/sport_files/gamecare.png:0
[  203095ms] [ERROR] Failed to load resource: net::ERR_CONNECTION_REFUSED @ http://localhost:5050/sport_files/sport_files/sport_files/sport_files/sport_files/sport_files/sport_files/sport_files/sport_files/sport_files/sport_files/sport_files/sport_files/sport_files/sport_files/sport_files/gt.png:0
[  205361ms] [ERROR] Failed to load resource: net::ERR_CONNECTION_REFUSED @ http://localhost:5050/sport_files/sport_files/sport_files/sport_files/sport_files/sport_files/sport_files/sport_files/sport_files/sport_files/sport_files/sport_files/sport_files/sport_files/sport_files/sport_files/gamble-aware.svg:0
[  205392ms] [ERROR] Failed to load resource: net::ERR_CONNECTION_REFUSED @ http://localhost:5050/sport_files/sport_files/sport_files/sport_files/sport_files/sport_files/sport_files/sport_files/sport_files/sport_files/sport_files/sport_files/sport_files/sport_files/sport_files/sport_files/game-stop.png:0
[  205410ms] [ERROR] Failed to load resource: net::ERR_CONNECTION_REFUSED @ http://localhost:5050/sport_files/sport_files/sport_files/sport_files/sport_files/sport_files/sport_files/sport_files/sport_files/sport_files/sport_files/sport_files/sport_files/sport_files/sport_files/sport_files/1786268892004.png:0
[  205410ms] [ERROR] Failed to load resource: net::ERR_CONNECTION_REFUSED @ http://localhost:5050/sport_files/sport_files/sport_files/sport_files/sport_files/sport_files/sport_files/sport_files/sport_files/sport_files/sport_files/sport_files/sport_files/sport_files/sport_files/sport_files/1786956798302.png:0
[  205427ms] [ERROR] Failed to load resource: net::ERR_CONNECTION_REFUSED @ http://localhost:5050/sport_files/sport_files/sport_files/sport_files/sport_files/sport_files/sport_files/sport_files/sport_files/sport_files/sport_files/sport_files/sport_files/sport_files/sport_files/sport_files/1786268932607.png:0
[  205455ms] [ERROR] Failed to load resource: net::ERR_CONNECTION_REFUSED @ http://localhost:5050/sport_files/sport_files/sport_files/sport_files/sport_files/sport_files/sport_files/sport_files/sport_files/sport_files/sport_files/sport_files/sport_files/sport_files/sport_files/sport_files/1778281410174.jpg:0
[  207740ms] [ERROR] Failed to load resource: net::ERR_CONNECTION_REFUSED @ http://localhost:5050/sport_files/sport_files/sport_files/sport_files/sport_files/sport_files/sport_files/sport_files/sport_files/sport_files/sport_files/sport_files/sport_files/sport_files/sport_files/sport_files/1786895079723.png:0
[  207761ms] [ERROR] Failed to load resource: net::ERR_CONNECTION_REFUSED @ http://localhost:5050/sport_files/sport_files/sport_files/sport_files/sport_files/sport_files/sport_files/sport_files/sport_files/sport_files/sport_files/sport_files/sport_files/sport_files/sport_files/sport_files/1786956861063.png:0
[  207777ms] [ERROR] Failed to load resource: net::ERR_CONNECTION_REFUSED @ http://localhost:5050/sport_files/sport_files/sport_files/sport_files/sport_files/sport_files/sport_files/sport_files/sport_files/sport_files/sport_files/sport_files/sport_files/sport_files/sport_files/sport_files/1786895164801.png:0
[  207777ms] [ERROR] Failed to load resource: net::ERR_CONNECTION_REFUSED @ http://localhost:5050/sport_files/sport_files/sport_files/sport_files/sport_files/sport_files/sport_files/sport_files/sport_files/sport_files/sport_files/sport_files/sport_files/sport_files/sport_files/sport_files/1786955165631.png:0
[  207777ms] [ERROR] Failed to load resource: net::ERR_CONNECTION_REFUSED @ http://localhost:5050/sport_files/sport_files/sport_files/sport_files/sport_files/sport_files/sport_files/sport_files/sport_files/sport_files/sport_files/sport_files/sport_files/sport_files/sport_files/sport_files/1784278232340.png:0
[  207822ms] [ERROR] Failed to load resource: net::ERR_CONNECTION_REFUSED @ http://localhost:5050/sport_files/sport_files/sport_files/sport_files/sport_files/sport_files/sport_files/sport_files/sport_files/sport_files/sport_files/sport_files/sport_files/sport_files/sport_files/sport_files/1786955295865.png:0
[  210093ms] [ERROR] Failed to load resource: net::ERR_CONNECTION_REFUSED @ http://localhost:5050/sport_files/sport_files/sport_files/sport_files/sport_files/sport_files/sport_files/sport_files/sport_files/sport_files/sport_files/sport_files/sport_files/sport_files/sport_files/sport_files/1778281651447.jpg:0
[  210125ms] [ERROR] Failed to load resource: net::ERR_CONNECTION_REFUSED @ http://localhost:5050/sport_files/sport_files/sport_files/sport_files/sport_files/sport_files/sport_files/sport_files/sport_files/sport_files/sport_files/sport_files/sport_files/sport_files/sport_files/sport_files/1778281818727.jpg:0
[  210148ms] [ERROR] Failed to load resource: net::ERR_CONNECTION_REFUSED @ http://localhost:5050/sport_files/sport_files/sport_files/sport_files/sport_files/sport_files/sport_files/sport_files/sport_files/sport_files/sport_files/sport_files/sport_files/sport_files/sport_files/sport_files/1786954620167.png:0
[  210148ms] [ERROR] Failed to load resource: net::ERR_CONNECTION_REFUSED @ http://localhost:5050/sport_files/sport_files/sport_files/sport_files/sport_files/sport_files/sport_files/sport_files/sport_files/sport_files/sport_files/sport_files/sport_files/sport_files/sport_files/sport_files/1785664485511.webp:0
[  210148ms] [ERROR] Failed to load resource: net::ERR_CONNECTION_REFUSED @ http://localhost:5050/sport_files/sport_files/sport_files/sport_files/sport_files/sport_files/sport_files/sport_files/sport_files/sport_files/sport_files/sport_files/sport_files/sport_files/sport_files/sport_files/1786954661225.png:0
[  210191ms] [ERROR] Failed to load resource: net::ERR_CONNECTION_REFUSED @ http://localhost:5050/sport_files/sport_files/sport_files/sport_files/sport_files/sport_files/sport_files/sport_files/sport_files/sport_files/sport_files/sport_files/sport_files/sport_files/sport_files/sport_files/1786954681257.png:0
[  212442ms] [ERROR] Failed to load resource: net::ERR_CONNECTION_REFUSED @ http://localhost:5050/sport_files/sport_files/sport_files/sport_files/sport_files/sport_files/sport_files/sport_files/sport_files/sport_files/sport_files/sport_files/sport_files/sport_files/sport_files/sport_files/1786955062370.png:0
[  212477ms] [ERROR] Failed to load resource: net::ERR_CONNECTION_REFUSED @ http://localhost:5050/sport_files/sport_files/sport_files/sport_files/sport_files/sport_files/sport_files/sport_files/sport_files/sport_files/sport_files/sport_files/sport_files/sport_files/sport_files/sport_files/1786956817268.png:0
[  212497ms] [ERROR] Failed to load resource: net::ERR_CONNECTION_REFUSED @ http://localhost:5050/sport_files/sport_files/sport_files/sport_files/sport_files/sport_files/sport_files/sport_files/sport_files/sport_files/sport_files/sport_files/sport_files/sport_files/sport_files/sport_files/1786956834836.png:0
[  212514ms] [ERROR] Failed to load resource: net::ERR_CONNECTION_REFUSED @ http://localhost:5050/sport_files/sport_files/sport_files/sport_files/sport_files/sport_files/sport_files/sport_files/sport_files/sport_files/sport_files/sport_files/sport_files/sport_files/sport_files/sport_files/1786956880596.png:0
[  212514ms] [ERROR] Failed to load resource: net::ERR_CONNECTION_REFUSED @ http://localhost:5050/sport_files/sport_files/sport_files/sport_files/sport_files/sport_files/sport_files/sport_files/sport_files/sport_files/sport_files/sport_files/sport_files/sport_files/sport_files/sport_files/logo.png:0
[  212551ms] [ERROR] Failed to load resource: net::ERR_CONNECTION_REFUSED @ http://localhost:5050/sport_files/sport_files/sport_files/sport_files/sport_files/sport_files/sport_files/sport_files/sport_files/sport_files/sport_files/sport_files/sport_files/sport_files/sport_files/sport_files/banners/1787598384490.webp:0
[  214808ms] [ERROR] Failed to load resource: net::ERR_CONNECTION_REFUSED @ http://localhost:5050/sport_files/sport_files/sport_files/sport_files/sport_files/sport_files/sport_files/sport_files/sport_files/sport_files/sport_files/sport_files/sport_files/sport_files/sport_files/sport_files/banners/1787628463829.webp:0
[  214842ms] [ERROR] Failed to load resource: net::ERR_CONNECTION_REFUSED @ http://localhost:5050/sport_files/sport_files/sport_files/sport_files/sport_files/sport_files/sport_files/sport_files/sport_files/sport_files/sport_files/sport_files/sport_files/sport_files/sport_files/sport_files/banners/1787598250897.webp:0
[  214851ms] [ERROR] Failed to load resource: net::ERR_CONNECTION_REFUSED @ http://localhost:5050/sport_files/sport_files/sport_files/sport_files/sport_files/sport_files/sport_files/sport_files/sport_files/sport_files/sport_files/sport_files/sport_files/sport_files/sport_files/sport_files/banners/1787428510867.webp:0
[  214866ms] [ERROR] Failed to load resource: net::ERR_CONNECTION_REFUSED @ http://localhost:5050/sport_files/sport_files/sport_files/sport_files/sport_files/sport_files/sport_files/sport_files/sport_files/sport_files/sport_files/sport_files/sport_files/sport_files/sport_files/sport_files/banners/1787513921448.webp:0
[  214866ms] [ERROR] Failed to load resource: net::ERR_CONNECTION_REFUSED @ http://localhost:5050/sport_files/sport_files/sport_files/sport_files/sport_files/sport_files/sport_files/sport_files/sport_files/sport_files/sport_files/sport_files/sport_files/sport_files/sport_files/sport_files/banners/1787553144555.webp:0
[  214912ms] [ERROR] Failed to load resource: net::ERR_CONNECTION_REFUSED @ http://localhost:5050/sport_files/sport_files/sport_files/sport_files/sport_files/sport_files/sport_files/sport_files/sport_files/sport_files/sport_files/sport_files/sport_files/sport_files/sport_files/sport_files/banners/1787599619974.webp:0
[  217166ms] [ERROR] Failed to load resource: net::ERR_CONNECTION_REFUSED @ http://localhost:5050/sport_files/sport_files/sport_files/sport_files/sport_files/sport_files/sport_files/sport_files/sport_files/sport_files/sport_files/sport_files/sport_files/sport_files/sport_files/sport_files/banners/1787599192985.webp:0
[  217199ms] [ERROR] Failed to load resource: net::ERR_CONNECTION_REFUSED @ http://localhost:5050/sport_files/sport_files/sport_files/sport_files/sport_files/sport_files/sport_files/sport_files/sport_files/sport_files/sport_files/sport_files/sport_files/sport_files/sport_files/sport_files/banners/1787635044676.webp:0
[  217212ms] [ERROR] Failed to load resource: net::ERR_CONNECTION_REFUSED @ http://localhost:5050/sport_files/sport_files/sport_files/sport_files/sport_files/sport_files/sport_files/sport_files/sport_files/sport_files/sport_files/sport_files/sport_files/sport_files/sport_files/sport_files/sidebanners/1786268892004.png:0
[  217228ms] [ERROR] Failed to load resource: net::ERR_CONNECTION_REFUSED @ http://localhost:5050/sport_files/sport_files/sport_files/sport_files/sport_files/sport_files/sport_files/sport_files/sport_files/sport_files/sport_files/sport_files/sport_files/sport_files/sport_files/sport_files/sidebanners/1786956798302.png:0
[  217228ms] [ERROR] Failed to load resource: net::ERR_CONNECTION_REFUSED @ http://localhost:5050/sport_files/sport_files/sport_files/sport_files/sport_files/sport_files/sport_files/sport_files/sport_files/sport_files/sport_files/sport_files/sport_files/sport_files/sport_files/sport_files/sidebanners/1786268932607.png:0
[  217275ms] [ERROR] Failed to load resource: net::ERR_CONNECTION_REFUSED @ http://localhost:5050/sport_files/sport_files/sport_files/sport_files/sport_files/sport_files/sport_files/sport_files/sport_files/sport_files/sport_files/sport_files/sport_files/sport_files/sport_files/sport_files/sidebanners/1778281410174.jpg:0
[  219522ms] [ERROR] Failed to load resource: net::ERR_CONNECTION_REFUSED @ http://localhost:5050/sport_files/sport_files/sport_files/sport_files/sport_files/sport_files/sport_files/sport_files/sport_files/sport_files/sport_files/sport_files/sport_files/sport_files/sport_files/sport_files/sidebanners/1786895079723.png:0
[  219557ms] [ERROR] Failed to load resource: net::ERR_CONNECTION_REFUSED @ http://localhost:5050/sport_files/sport_files/sport_files/sport_files/sport_files/sport_files/sport_files/sport_files/sport_files/sport_files/sport_files/sport_files/sport_files/sport_files/sport_files/sport_files/sidebanners/1786956861063.png:0
[  219572ms] [ERROR] Failed to load resource: net::ERR_CONNECTION_REFUSED @ http://localhost:5050/sport_files/sport_files/sport_files/sport_files/sport_files/sport_files/sport_files/sport_files/sport_files/sport_files/sport_files/sport_files/sport_files/sport_files/sport_files/sport_files/sidebanners/1786895164801.png:0
[  219590ms] [ERROR] Failed to load resource: net::ERR_CONNECTION_REFUSED @ http://localhost:5050/sport_files/sport_files/sport_files/sport_files/sport_files/sport_files/sport_files/sport_files/sport_files/sport_files/sport_files/sport_files/sport_files/sport_files/sport_files/sport_files/sidebanners/1786955165631.png:0
[  219590ms] [ERROR] Failed to load resource: net::ERR_CONNECTION_REFUSED @ http://localhost:5050/sport_files/sport_files/sport_files/sport_files/sport_files/sport_files/sport_files/sport_files/sport_files/sport_files/sport_files/sport_files/sport_files/sport_files/sport_files/sport_files/sidebanners/1784278232340.png:0
[  219630ms] [ERROR] Failed to load resource: net::ERR_CONNECTION_REFUSED @ http://localhost:5050/sport_files/sport_files/sport_files/sport_files/sport_files/sport_files/sport_files/sport_files/sport_files/sport_files/sport_files/sport_files/sport_files/sport_files/sport_files/sport_files/sidebanners/1786955295865.png:0
[  221874ms] [ERROR] Failed to load resource: net::ERR_CONNECTION_REFUSED @ http://localhost:5050/sport_files/sport_files/sport_files/sport_files/sport_files/sport_files/sport_files/sport_files/sport_files/sport_files/sport_files/sport_files/sport_files/sport_files/sport_files/sport_files/sidebanners/1778281651447.jpg:0
[  221905ms] [ERROR] Failed to load resource: net::ERR_CONNECTION_REFUSED @ http://localhost:5050/sport_files/sport_files/sport_files/sport_files/sport_files/sport_files/sport_files/sport_files/sport_files/sport_files/sport_files/sport_files/sport_files/sport_files/sport_files/sport_files/sidebanners/1778281818727.jpg:0
[  221922ms] [ERROR] Failed to load resource: net::ERR_CONNECTION_REFUSED @ http://localhost:5050/sport_files/sport_files/sport_files/sport_files/sport_files/sport_files/sport_files/sport_files/sport_files/sport_files/sport_files/sport_files/sport_files/sport_files/sport_files/sport_files/sidebanners/1786954620167.png:0
[  221940ms] [ERROR] Failed to load resource: net::ERR_CONNECTION_REFUSED @ http://localhost:5050/sport_files/sport_files/sport_files/sport_files/sport_files/sport_files/sport_files/sport_files/sport_files/sport_files/sport_files/sport_files/sport_files/sport_files/sport_files/sport_files/sidebanners/1786954661225.png:0
[  221940ms] [ERROR] Failed to load resource: net::ERR_CONNECTION_REFUSED @ http://localhost:5050/sport_files/sport_files/sport_files/sport_files/sport_files/sport_files/sport_files/sport_files/sport_files/sport_files/sport_files/sport_files/sport_files/sport_files/sport_files/sport_files/sidebanners/1786954681257.png:0
[  221983ms] [ERROR] Failed to load resource: net::ERR_CONNECTION_REFUSED @ http://localhost:5050/sport_files/sport_files/sport_files/sport_files/sport_files/sport_files/sport_files/sport_files/sport_files/sport_files/sport_files/sport_files/sport_files/sport_files/sport_files/sport_files/sidebanners/1786956817268.png:0
[  224232ms] [ERROR] Failed to load resource: net::ERR_CONNECTION_REFUSED @ http://localhost:5050/sport_files/sport_files/sport_files/sport_files/sport_files/sport_files/sport_files/sport_files/sport_files/sport_files/sport_files/sport_files/sport_files/sport_files/sport_files/sport_files/sidebanners/1786956834836.png:0
[  224263ms] [ERROR] Failed to load resource: net::ERR_CONNECTION_REFUSED @ http://localhost:5050/sport_files/sport_files/sport_files/sport_files/sport_files/sport_files/sport_files/sport_files/sport_files/sport_files/sport_files/sport_files/sport_files/sport_files/sport_files/sport_files/sidebanners/1786956880596.png:0
[  224279ms] [ERROR] Failed to load resource: net::ERR_CONNECTION_REFUSED @ http://localhost:5050/sport_files/sport_files/sport_files/sport_files/sport_files/sport_files/sport_files/sport_files/sport_files/sport_files/sport_files/sport_files/sport_files/sport_files/sport_files/sport_files/sidebanners/1785664485511.webp:0
[  224295ms] [ERROR] Failed to load resource: net::ERR_CONNECTION_REFUSED @ http://localhost:5050/sport_files/sport_files/sport_files/sport_files/sport_files/sport_files/sport_files/sport_files/sport_files/sport_files/sport_files/sport_files/sport_files/sport_files/sport_files/sport_files/sidebanners/1786955062370.png:0
[  224295ms] [ERROR] Failed to load resource: net::ERR_CONNECTION_REFUSED @ http://localhost:5050/sport_files/sport_files/sport_files/sport_files/sport_files/sport_files/sport_files/sport_files/sport_files/sport_files/sport_files/sport_files/sport_files/sport_files/sport_files/sport_files/sport_files/gamecare.png:0
[  224342ms] [ERROR] Failed to load resource: net::ERR_CONNECTION_REFUSED @ http://localhost:5050/sport_files/sport_files/sport_files/sport_files/sport_files/sport_files/sport_files/sport_files/sport_files/sport_files/sport_files/sport_files/sport_files/sport_files/sport_files/sport_files/sport_files/gt.png:0
[  226596ms] [ERROR] Failed to load resource: net::ERR_CONNECTION_REFUSED @ http://localhost:5050/sport_files/sport_files/sport_files/sport_files/sport_files/sport_files/sport_files/sport_files/sport_files/sport_files/sport_files/sport_files/sport_files/sport_files/sport_files/sport_files/sport_files/gamble-aware.svg:0
[  226627ms] [ERROR] Failed to load resource: net::ERR_CONNECTION_REFUSED @ http://localhost:5050/sport_files/sport_files/sport_files/sport_files/sport_files/sport_files/sport_files/sport_files/sport_files/sport_files/sport_files/sport_files/sport_files/sport_files/sport_files/sport_files/sport_files/game-stop.png:0
[  226627ms] [ERROR] Failed to load resource: net::ERR_CONNECTION_REFUSED @ http://localhost:5050/sport_files/sport_files/sport_files/sport_files/sport_files/sport_files/sport_files/sport_files/sport_files/sport_files/sport_files/sport_files/sport_files/sport_files/sport_files/sport_files/sport_files/1786268892004.png:0
[  226658ms] [ERROR] Failed to load resource: net::ERR_CONNECTION_REFUSED @ http://localhost:5050/sport_files/sport_files/sport_files/sport_files/sport_files/sport_files/sport_files/sport_files/sport_files/sport_files/sport_files/sport_files/sport_files/sport_files/sport_files/sport_files/sport_files/1786956798302.png:0
[  226658ms] [ERROR] Failed to load resource: net::ERR_CONNECTION_REFUSED @ http://localhost:5050/sport_files/sport_files/sport_files/sport_files/sport_files/sport_files/sport_files/sport_files/sport_files/sport_files/sport_files/sport_files/sport_files/sport_files/sport_files/sport_files/sport_files/1786268932607.png:0
[  226690ms] [ERROR] Failed to load resource: net::ERR_CONNECTION_REFUSED @ http://localhost:5050/sport_files/sport_files/sport_files/sport_files/sport_files/sport_files/sport_files/sport_files/sport_files/sport_files/sport_files/sport_files/sport_files/sport_files/sport_files/sport_files/sport_files/1778281410174.jpg:0
[  228949ms] [ERROR] Failed to load resource: net::ERR_CONNECTION_REFUSED @ http://localhost:5050/sport_files/sport_files/sport_files/sport_files/sport_files/sport_files/sport_files/sport_files/sport_files/sport_files/sport_files/sport_files/sport_files/sport_files/sport_files/sport_files/sport_files/1786895079723.png:0
[  228991ms] [ERROR] Failed to load resource: net::ERR_CONNECTION_REFUSED @ http://localhost:5050/sport_files/sport_files/sport_files/sport_files/sport_files/sport_files/sport_files/sport_files/sport_files/sport_files/sport_files/sport_files/sport_files/sport_files/sport_files/sport_files/sport_files/1786956861063.png:0
[  228991ms] [ERROR] Failed to load resource: net::ERR_CONNECTION_REFUSED @ http://localhost:5050/sport_files/sport_files/sport_files/sport_files/sport_files/sport_files/sport_files/sport_files/sport_files/sport_files/sport_files/sport_files/sport_files/sport_files/sport_files/sport_files/sport_files/1786895164801.png:0
[  229013ms] [ERROR] Failed to load resource: net::ERR_CONNECTION_REFUSED @ http://localhost:5050/sport_files/sport_files/sport_files/sport_files/sport_files/sport_files/sport_files/sport_files/sport_files/sport_files/sport_files/sport_files/sport_files/sport_files/sport_files/sport_files/sport_files/1786955165631.png:0
[  229055ms] [ERROR] Failed to load resource: net::ERR_CONNECTION_REFUSED @ http://localhost:5050/sport_files/sport_files/sport_files/sport_files/sport_files/sport_files/sport_files/sport_files/sport_files/sport_files/sport_files/sport_files/sport_files/sport_files/sport_files/sport_files/sport_files/1784278232340.png:0
[  229055ms] [ERROR] Failed to load resource: net::ERR_CONNECTION_REFUSED @ http://localhost:5050/sport_files/sport_files/sport_files/sport_files/sport_files/sport_files/sport_files/sport_files/sport_files/sport_files/sport_files/sport_files/sport_files/sport_files/sport_files/sport_files/sport_files/1786955295865.png:0
[  231297ms] [ERROR] Failed to load resource: net::ERR_CONNECTION_REFUSED @ http://localhost:5050/sport_files/sport_files/sport_files/sport_files/sport_files/sport_files/sport_files/sport_files/sport_files/sport_files/sport_files/sport_files/sport_files/sport_files/sport_files/sport_files/sport_files/1778281651447.jpg:0
[  231327ms] [ERROR] Failed to load resource: net::ERR_CONNECTION_REFUSED @ http://localhost:5050/sport_files/sport_files/sport_files/sport_files/sport_files/sport_files/sport_files/sport_files/sport_files/sport_files/sport_files/sport_files/sport_files/sport_files/sport_files/sport_files/sport_files/1778281818727.jpg:0
[  231328ms] [ERROR] Failed to load resource: net::ERR_CONNECTION_REFUSED @ http://localhost:5050/sport_files/sport_files/sport_files/sport_files/sport_files/sport_files/sport_files/sport_files/sport_files/sport_files/sport_files/sport_files/sport_files/sport_files/sport_files/sport_files/sport_files/1786954620167.png:0
[  231374ms] [ERROR] Failed to load resource: net::ERR_CONNECTION_REFUSED @ http://localhost:5050/sport_files/sport_files/sport_files/sport_files/sport_files/sport_files/sport_files/sport_files/sport_files/sport_files/sport_files/sport_files/sport_files/sport_files/sport_files/sport_files/sport_files/1785664485511.webp:0
[  231374ms] [ERROR] Failed to load resource: net::ERR_CONNECTION_REFUSED @ http://localhost:5050/sport_files/sport_files/sport_files/sport_files/sport_files/sport_files/sport_files/sport_files/sport_files/sport_files/sport_files/sport_files/sport_files/sport_files/sport_files/sport_files/sport_files/1786954661225.png:0
[  231409ms] [ERROR] Failed to load resource: net::ERR_CONNECTION_REFUSED @ http://localhost:5050/sport_files/sport_files/sport_files/sport_files/sport_files/sport_files/sport_files/sport_files/sport_files/sport_files/sport_files/sport_files/sport_files/sport_files/sport_files/sport_files/sport_files/1786954681257.png:0
[  233651ms] [ERROR] Failed to load resource: net::ERR_CONNECTION_REFUSED @ http://localhost:5050/sport_files/sport_files/sport_files/sport_files/sport_files/sport_files/sport_files/sport_files/sport_files/sport_files/sport_files/sport_files/sport_files/sport_files/sport_files/sport_files/sport_files/1786955062370.png:0
[  233681ms] [ERROR] Failed to load resource: net::ERR_CONNECTION_REFUSED @ http://localhost:5050/sport_files/sport_files/sport_files/sport_files/sport_files/sport_files/sport_files/sport_files/sport_files/sport_files/sport_files/sport_files/sport_files/sport_files/sport_files/sport_files/sport_files/1786956817268.png:0
[  233682ms] [ERROR] Failed to load resource: net::ERR_CONNECTION_REFUSED @ http://localhost:5050/sport_files/sport_files/sport_files/sport_files/sport_files/sport_files/sport_files/sport_files/sport_files/sport_files/sport_files/sport_files/sport_files/sport_files/sport_files/sport_files/sport_files/1786956834836.png:0
[  233728ms] [ERROR] Failed to load resource: net::ERR_CONNECTION_REFUSED @ http://localhost:5050/sport_files/sport_files/sport_files/sport_files/sport_files/sport_files/sport_files/sport_files/sport_files/sport_files/sport_files/sport_files/sport_files/sport_files/sport_files/sport_files/sport_files/1786956880596.png:0
[  233728ms] [ERROR] Failed to load resource: net::ERR_CONNECTION_REFUSED @ http://localhost:5050/sport_files/sport_files/sport_files/sport_files/sport_files/sport_files/sport_files/sport_files/sport_files/sport_files/sport_files/sport_files/sport_files/sport_files/sport_files/sport_files/sport_files/logo.png:0
[  233759ms] [ERROR] Failed to load resource: net::ERR_CONNECTION_REFUSED @ http://localhost:5050/sport_files/sport_files/sport_files/sport_files/sport_files/sport_files/sport_files/sport_files/sport_files/sport_files/sport_files/sport_files/sport_files/sport_files/sport_files/sport_files/sport_files/banners/1787598384490.webp:0
[  235994ms] [ERROR] Failed to load resource: net::ERR_CONNECTION_REFUSED @ http://localhost:5050/sport_files/sport_files/sport_files/sport_files/sport_files/sport_files/sport_files/sport_files/sport_files/sport_files/sport_files/sport_files/sport_files/sport_files/sport_files/sport_files/sport_files/banners/1787628463829.webp:0
[  236025ms] [ERROR] Failed to load resource: net::ERR_CONNECTION_REFUSED @ http://localhost:5050/sport_files/sport_files/sport_files/sport_files/sport_files/sport_files/sport_files/sport_files/sport_files/sport_files/sport_files/sport_files/sport_files/sport_files/sport_files/sport_files/sport_files/banners/1787598250897.webp:0
[  236025ms] [ERROR] Failed to load resource: net::ERR_CONNECTION_REFUSED @ http://localhost:5050/sport_files/sport_files/sport_files/sport_files/sport_files/sport_files/sport_files/sport_files/sport_files/sport_files/sport_files/sport_files/sport_files/sport_files/sport_files/sport_files/sport_files/banners/1787428510867.webp:0
[  236075ms] [ERROR] Failed to load resource: net::ERR_CONNECTION_REFUSED @ http://localhost:5050/sport_files/sport_files/sport_files/sport_files/sport_files/sport_files/sport_files/sport_files/sport_files/sport_files/sport_files/sport_files/sport_files/sport_files/sport_files/sport_files/sport_files/banners/1787513921448.webp:0
[  236090ms] [ERROR] Failed to load resource: net::ERR_CONNECTION_REFUSED @ http://localhost:5050/sport_files/sport_files/sport_files/sport_files/sport_files/sport_files/sport_files/sport_files/sport_files/sport_files/sport_files/sport_files/sport_files/sport_files/sport_files/sport_files/sport_files/banners/1787553144555.webp:0
[  236125ms] [ERROR] Failed to load resource: net::ERR_CONNECTION_REFUSED @ http://localhost:5050/sport_files/sport_files/sport_files/sport_files/sport_files/sport_files/sport_files/sport_files/sport_files/sport_files/sport_files/sport_files/sport_files/sport_files/sport_files/sport_files/sport_files/banners/1787599619974.webp:0
[  238361ms] [ERROR] Failed to load resource: net::ERR_CONNECTION_REFUSED @ http://localhost:5050/sport_files/sport_files/sport_files/sport_files/sport_files/sport_files/sport_files/sport_files/sport_files/sport_files/sport_files/sport_files/sport_files/sport_files/sport_files/sport_files/sport_files/banners/1787599192985.webp:0
[  238392ms] [ERROR] Failed to load resource: net::ERR_CONNECTION_REFUSED @ http://localhost:5050/sport_files/sport_files/sport_files/sport_files/sport_files/sport_files/sport_files/sport_files/sport_files/sport_files/sport_files/sport_files/sport_files/sport_files/sport_files/sport_files/sport_files/banners/1787635044676.webp:0
[  238392ms] [ERROR] Failed to load resource: net::ERR_CONNECTION_REFUSED @ http://localhost:5050/sport_files/sport_files/sport_files/sport_files/sport_files/sport_files/sport_files/sport_files/sport_files/sport_files/sport_files/sport_files/sport_files/sport_files/sport_files/sport_files/sport_files/sidebanners/1786268892004.png:0
[  238441ms] [ERROR] Failed to load resource: net::ERR_CONNECTION_REFUSED @ http://localhost:5050/sport_files/sport_files/sport_files/sport_files/sport_files/sport_files/sport_files/sport_files/sport_files/sport_files/sport_files/sport_files/sport_files/sport_files/sport_files/sport_files/sport_files/sidebanners/1786956798302.png:0
[  238457ms] [ERROR] Failed to load resource: net::ERR_CONNECTION_REFUSED @ http://localhost:5050/sport_files/sport_files/sport_files/sport_files/sport_files/sport_files/sport_files/sport_files/sport_files/sport_files/sport_files/sport_files/sport_files/sport_files/sport_files/sport_files/sport_files/sidebanners/1786268932607.png:0
[  238485ms] [ERROR] Failed to load resource: net::ERR_CONNECTION_REFUSED @ http://localhost:5050/sport_files/sport_files/sport_files/sport_files/sport_files/sport_files/sport_files/sport_files/sport_files/sport_files/sport_files/sport_files/sport_files/sport_files/sport_files/sport_files/sport_files/sidebanners/1778281410174.jpg:0
[  240724ms] [ERROR] Failed to load resource: net::ERR_CONNECTION_REFUSED @ http://localhost:5050/sport_files/sport_files/sport_files/sport_files/sport_files/sport_files/sport_files/sport_files/sport_files/sport_files/sport_files/sport_files/sport_files/sport_files/sport_files/sport_files/sport_files/sidebanners/1786895079723.png:0
[  240758ms] [ERROR] Failed to load resource: net::ERR_CONNECTION_REFUSED @ http://localhost:5050/sport_files/sport_files/sport_files/sport_files/sport_files/sport_files/sport_files/sport_files/sport_files/sport_files/sport_files/sport_files/sport_files/sport_files/sport_files/sport_files/sport_files/sidebanners/1786956861063.png:0
[  240764ms] [ERROR] Failed to load resource: net::ERR_CONNECTION_REFUSED @ http://localhost:5050/sport_files/sport_files/sport_files/sport_files/sport_files/sport_files/sport_files/sport_files/sport_files/sport_files/sport_files/sport_files/sport_files/sport_files/sport_files/sport_files/sport_files/sidebanners/1786895164801.png:0
[  240803ms] [ERROR] Failed to load resource: net::ERR_CONNECTION_REFUSED @ http://localhost:5050/sport_files/sport_files/sport_files/sport_files/sport_files/sport_files/sport_files/sport_files/sport_files/sport_files/sport_files/sport_files/sport_files/sport_files/sport_files/sport_files/sport_files/sidebanners/1786955165631.png:0
[  240816ms] [ERROR] Failed to load resource: net::ERR_CONNECTION_REFUSED @ http://localhost:5050/sport_files/sport_files/sport_files/sport_files/sport_files/sport_files/sport_files/sport_files/sport_files/sport_files/sport_files/sport_files/sport_files/sport_files/sport_files/sport_files/sport_files/sidebanners/1784278232340.png:0
[  240856ms] [ERROR] Failed to load resource: net::ERR_CONNECTION_REFUSED @ http://localhost:5050/sport_files/sport_files/sport_files/sport_files/sport_files/sport_files/sport_files/sport_files/sport_files/sport_files/sport_files/sport_files/sport_files/sport_files/sport_files/sport_files/sport_files/sidebanners/1786955295865.png:0
[  243092ms] [ERROR] Failed to load resource: net::ERR_CONNECTION_REFUSED @ http://localhost:5050/sport_files/sport_files/sport_files/sport_files/sport_files/sport_files/sport_files/sport_files/sport_files/sport_files/sport_files/sport_files/sport_files/sport_files/sport_files/sport_files/sport_files/sidebanners/1778281651447.jpg:0
[  243126ms] [ERROR] Failed to load resource: net::ERR_CONNECTION_REFUSED @ http://localhost:5050/sport_files/sport_files/sport_files/sport_files/sport_files/sport_files/sport_files/sport_files/sport_files/sport_files/sport_files/sport_files/sport_files/sport_files/sport_files/sport_files/sport_files/sidebanners/1778281818727.jpg:0
[  243126ms] [ERROR] Failed to load resource: net::ERR_CONNECTION_REFUSED @ http://localhost:5050/sport_files/sport_files/sport_files/sport_files/sport_files/sport_files/sport_files/sport_files/sport_files/sport_files/sport_files/sport_files/sport_files/sport_files/sport_files/sport_files/sport_files/sidebanners/1786954620167.png:0
[  243159ms] [ERROR] Failed to load resource: net::ERR_CONNECTION_REFUSED @ http://localhost:5050/sport_files/sport_files/sport_files/sport_files/sport_files/sport_files/sport_files/sport_files/sport_files/sport_files/sport_files/sport_files/sport_files/sport_files/sport_files/sport_files/sport_files/sidebanners/1786954661225.png:0
[  243174ms] [ERROR] Failed to load resource: net::ERR_CONNECTION_REFUSED @ http://localhost:5050/sport_files/sport_files/sport_files/sport_files/sport_files/sport_files/sport_files/sport_files/sport_files/sport_files/sport_files/sport_files/sport_files/sport_files/sport_files/sport_files/sport_files/sidebanners/1786954681257.png:0
[  243203ms] [ERROR] Failed to load resource: net::ERR_CONNECTION_REFUSED @ http://localhost:5050/sport_files/sport_files/sport_files/sport_files/sport_files/sport_files/sport_files/sport_files/sport_files/sport_files/sport_files/sport_files/sport_files/sport_files/sport_files/sport_files/sport_files/sidebanners/1786956817268.png:0
[  245447ms] [ERROR] Failed to load resource: net::ERR_CONNECTION_REFUSED @ http://localhost:5050/sport_files/sport_files/sport_files/sport_files/sport_files/sport_files/sport_files/sport_files/sport_files/sport_files/sport_files/sport_files/sport_files/sport_files/sport_files/sport_files/sport_files/sidebanners/1786956834836.png:0
[  245478ms] [ERROR] Failed to load resource: net::ERR_CONNECTION_REFUSED @ http://localhost:5050/sport_files/sport_files/sport_files/sport_files/sport_files/sport_files/sport_files/sport_files/sport_files/sport_files/sport_files/sport_files/sport_files/sport_files/sport_files/sport_files/sport_files/sidebanners/1786956880596.png:0
[  245478ms] [ERROR] Failed to load resource: net::ERR_CONNECTION_REFUSED @ http://localhost:5050/sport_files/sport_files/sport_files/sport_files/sport_files/sport_files/sport_files/sport_files/sport_files/sport_files/sport_files/sport_files/sport_files/sport_files/sport_files/sport_files/sport_files/sidebanners/1785664485511.webp:0
[  245509ms] [ERROR] Failed to load resource: net::ERR_CONNECTION_REFUSED @ http://localhost:5050/sport_files/sport_files/sport_files/sport_files/sport_files/sport_files/sport_files/sport_files/sport_files/sport_files/sport_files/sport_files/sport_files/sport_files/sport_files/sport_files/sport_files/sidebanners/1786955062370.png:0
[  245525ms] [ERROR] Failed to load resource: net::ERR_CONNECTION_REFUSED @ http://localhost:5050/cdn-cgi/challenge-platform/scripts/jsd/main.js:0
[  245558ms] [ERROR] Failed to load resource: net::ERR_CONNECTION_REFUSED @ http://localhost:5050/cdn-cgi/challenge-platform/scripts/jsd/main.js:0
[  247807ms] [ERROR] Failed to load resource: net::ERR_CONNECTION_REFUSED @ http://localhost:5050/sport_files/sport_files/sport_files/sport_files/sport_files/sport_files/sport_files/sport_files/sport_files/sport_files/sport_files/sport_files/sport_files/sport_files/sport_files/sport_files/sport_files/sport_files/gamecare.png:0
[  247840ms] [ERROR] Failed to load resource: net::ERR_CONNECTION_REFUSED @ http://localhost:5050/sport_files/sport_files/sport_files/sport_files/sport_files/sport_files/sport_files/sport_files/sport_files/sport_files/sport_files/sport_files/sport_files/sport_files/sport_files/sport_files/sport_files/sport_files/gt.png:0
[  247840ms] [ERROR] Failed to load resource: net::ERR_CONNECTION_REFUSED @ http://localhost:5050/sport_files/sport_files/sport_files/sport_files/sport_files/sport_files/sport_files/sport_files/sport_files/sport_files/sport_files/sport_files/sport_files/sport_files/sport_files/sport_files/sport_files/sport_files/gamble-aware.svg:0
[  247869ms] [ERROR] Failed to load resource: net::ERR_CONNECTION_REFUSED @ http://localhost:5050/sport_files/sport_files/sport_files/sport_files/sport_files/sport_files/sport_files/sport_files/sport_files/sport_files/sport_files/sport_files/sport_files/sport_files/sport_files/sport_files/sport_files/sport_files/game-stop.png:0
[  247883ms] [ERROR] Failed to load resource: net::ERR_CONNECTION_REFUSED @ http://localhost:5050/sport_files/sport_files/sport_files/sport_files/sport_files/sport_files/sport_files/sport_files/sport_files/sport_files/sport_files/sport_files/sport_files/sport_files/sport_files/sport_files/sport_files/sport_files/1786268892004.png:0
[  247914ms] [ERROR] Failed to load resource: net::ERR_CONNECTION_REFUSED @ http://localhost:5050/sport_files/sport_files/sport_files/sport_files/sport_files/sport_files/sport_files/sport_files/sport_files/sport_files/sport_files/sport_files/sport_files/sport_files/sport_files/sport_files/sport_files/sport_files/1786956798302.png:0
[  250158ms] [ERROR] Failed to load resource: net::ERR_CONNECTION_REFUSED @ http://localhost:5050/sport_files/sport_files/sport_files/sport_files/sport_files/sport_files/sport_files/sport_files/sport_files/sport_files/sport_files/sport_files/sport_files/sport_files/sport_files/sport_files/sport_files/sport_files/1786268932607.png:0
[  250191ms] [ERROR] Failed to load resource: net::ERR_CONNECTION_REFUSED @ http://localhost:5050/sport_files/sport_files/sport_files/sport_files/sport_files/sport_files/sport_files/sport_files/sport_files/sport_files/sport_files/sport_files/sport_files/sport_files/sport_files/sport_files/sport_files/sport_files/1778281410174.jpg:0
[  250191ms] [ERROR] Failed to load resource: net::ERR_CONNECTION_REFUSED @ http://localhost:5050/sport_files/sport_files/sport_files/sport_files/sport_files/sport_files/sport_files/sport_files/sport_files/sport_files/sport_files/sport_files/sport_files/sport_files/sport_files/sport_files/sport_files/sport_files/1786895079723.png:0
[  250224ms] [ERROR] Failed to load resource: net::ERR_CONNECTION_REFUSED @ http://localhost:5050/sport_files/sport_files/sport_files/sport_files/sport_files/sport_files/sport_files/sport_files/sport_files/sport_files/sport_files/sport_files/sport_files/sport_files/sport_files/sport_files/sport_files/sport_files/1786956861063.png:0
[  250244ms] [ERROR] Failed to load resource: net::ERR_CONNECTION_REFUSED @ http://localhost:5050/sport_files/sport_files/sport_files/sport_files/sport_files/sport_files/sport_files/sport_files/sport_files/sport_files/sport_files/sport_files/sport_files/sport_files/sport_files/sport_files/sport_files/sport_files/1786895164801.png:0
[  250266ms] [ERROR] Failed to load resource: net::ERR_CONNECTION_REFUSED @ http://localhost:5050/sport_files/sport_files/sport_files/sport_files/sport_files/sport_files/sport_files/sport_files/sport_files/sport_files/sport_files/sport_files/sport_files/sport_files/sport_files/sport_files/sport_files/sport_files/1786955165631.png:0
[  252525ms] [ERROR] Failed to load resource: net::ERR_CONNECTION_REFUSED @ http://localhost:5050/sport_files/sport_files/sport_files/sport_files/sport_files/sport_files/sport_files/sport_files/sport_files/sport_files/sport_files/sport_files/sport_files/sport_files/sport_files/sport_files/sport_files/sport_files/1784278232340.png:0
[  252558ms] [ERROR] Failed to load resource: net::ERR_CONNECTION_REFUSED @ http://localhost:5050/sport_files/sport_files/sport_files/sport_files/sport_files/sport_files/sport_files/sport_files/sport_files/sport_files/sport_files/sport_files/sport_files/sport_files/sport_files/sport_files/sport_files/sport_files/1786955295865.png:0
[  252558ms] [ERROR] Failed to load resource: net::ERR_CONNECTION_REFUSED @ http://localhost:5050/sport_files/sport_files/sport_files/sport_files/sport_files/sport_files/sport_files/sport_files/sport_files/sport_files/sport_files/sport_files/sport_files/sport_files/sport_files/sport_files/sport_files/sport_files/1778281651447.jpg:0
[  252584ms] [ERROR] Failed to load resource: net::ERR_CONNECTION_REFUSED @ http://localhost:5050/sport_files/sport_files/sport_files/sport_files/sport_files/sport_files/sport_files/sport_files/sport_files/sport_files/sport_files/sport_files/sport_files/sport_files/sport_files/sport_files/sport_files/sport_files/1778281818727.jpg:0
[  252601ms] [ERROR] Failed to load resource: net::ERR_CONNECTION_REFUSED @ http://localhost:5050/sport_files/sport_files/sport_files/sport_files/sport_files/sport_files/sport_files/sport_files/sport_files/sport_files/sport_files/sport_files/sport_files/sport_files/sport_files/sport_files/sport_files/sport_files/1786954620167.png:0
[  252631ms] [ERROR] Failed to load resource: net::ERR_CONNECTION_REFUSED @ http://localhost:5050/sport_files/sport_files/sport_files/sport_files/sport_files/sport_files/sport_files/sport_files/sport_files/sport_files/sport_files/sport_files/sport_files/sport_files/sport_files/sport_files/sport_files/sport_files/1785664485511.webp:0
[  254893ms] [ERROR] Failed to load resource: net::ERR_CONNECTION_REFUSED @ http://localhost:5050/sport_files/sport_files/sport_files/sport_files/sport_files/sport_files/sport_files/sport_files/sport_files/sport_files/sport_files/sport_files/sport_files/sport_files/sport_files/sport_files/sport_files/sport_files/1786954661225.png:0
[  254926ms] [ERROR] Failed to load resource: net::ERR_CONNECTION_REFUSED @ http://localhost:5050/sport_files/sport_files/sport_files/sport_files/sport_files/sport_files/sport_files/sport_files/sport_files/sport_files/sport_files/sport_files/sport_files/sport_files/sport_files/sport_files/sport_files/sport_files/1786954681257.png:0
[  254927ms] [ERROR] Failed to load resource: net::ERR_CONNECTION_REFUSED @ http://localhost:5050/sport_files/sport_files/sport_files/sport_files/sport_files/sport_files/sport_files/sport_files/sport_files/sport_files/sport_files/sport_files/sport_files/sport_files/sport_files/sport_files/sport_files/sport_files/1786955062370.png:0
[  254949ms] [ERROR] Failed to load resource: net::ERR_CONNECTION_REFUSED @ http://localhost:5050/sport_files/sport_files/sport_files/sport_files/sport_files/sport_files/sport_files/sport_files/sport_files/sport_files/sport_files/sport_files/sport_files/sport_files/sport_files/sport_files/sport_files/sport_files/1786956817268.png:0
[  254965ms] [ERROR] Failed to load resource: net::ERR_CONNECTION_REFUSED @ http://localhost:5050/sport_files/sport_files/sport_files/sport_files/sport_files/sport_files/sport_files/sport_files/sport_files/sport_files/sport_files/sport_files/sport_files/sport_files/sport_files/sport_files/sport_files/sport_files/1786956834836.png:0
[  254996ms] [ERROR] Failed to load resource: net::ERR_CONNECTION_REFUSED @ http://localhost:5050/sport_files/sport_files/sport_files/sport_files/sport_files/sport_files/sport_files/sport_files/sport_files/sport_files/sport_files/sport_files/sport_files/sport_files/sport_files/sport_files/sport_files/sport_files/1786956880596.png:0
[  257256ms] [ERROR] Failed to load resource: net::ERR_CONNECTION_REFUSED @ http://localhost:5050/sport_files/sport_files/sport_files/sport_files/sport_files/sport_files/sport_files/sport_files/sport_files/sport_files/sport_files/sport_files/sport_files/sport_files/sport_files/sport_files/sport_files/sport_files/logo.png:0
[  257284ms] [ERROR] Failed to load resource: net::ERR_CONNECTION_REFUSED @ http://localhost:5050/sport_files/sport_files/sport_files/sport_files/sport_files/sport_files/sport_files/sport_files/sport_files/sport_files/sport_files/sport_files/sport_files/sport_files/sport_files/sport_files/sport_files/sport_files/search.svg:0
[  257284ms] [ERROR] Failed to load resource: net::ERR_CONNECTION_REFUSED @ http://localhost:5050/sport_files/sport_files/sport_files/sport_files/sport_files/sport_files/sport_files/sport_files/sport_files/sport_files/sport_files/sport_files/sport_files/sport_files/sport_files/sport_files/sport_files/sport_files/banners/1787598384490.webp:0
[  257316ms] [ERROR] Failed to load resource: net::ERR_CONNECTION_REFUSED @ http://localhost:5050/sport_files/sport_files/sport_files/sport_files/sport_files/sport_files/sport_files/sport_files/sport_files/sport_files/sport_files/sport_files/sport_files/sport_files/sport_files/sport_files/sport_files/sport_files/banners/1787628463829.webp:0
[  257331ms] [ERROR] Failed to load resource: net::ERR_CONNECTION_REFUSED @ http://localhost:5050/sport_files/sport_files/sport_files/sport_files/sport_files/sport_files/sport_files/sport_files/sport_files/sport_files/sport_files/sport_files/sport_files/sport_files/sport_files/sport_files/sport_files/sport_files/banners/1787598250897.webp:0
[  257362ms] [ERROR] Failed to load resource: net::ERR_CONNECTION_REFUSED @ http://localhost:5050/sport_files/sport_files/sport_files/sport_files/sport_files/sport_files/sport_files/sport_files/sport_files/sport_files/sport_files/sport_files/sport_files/sport_files/sport_files/sport_files/sport_files/sport_files/banners/1787428510867.webp:0
[  259613ms] [ERROR] Failed to load resource: net::ERR_CONNECTION_REFUSED @ http://localhost:5050/sport_files/sport_files/sport_files/sport_files/sport_files/sport_files/sport_files/sport_files/sport_files/sport_files/sport_files/sport_files/sport_files/sport_files/sport_files/sport_files/sport_files/sport_files/banners/1787513921448.webp:0
[  259645ms] [ERROR] Failed to load resource: net::ERR_CONNECTION_REFUSED @ http://localhost:5050/sport_files/sport_files/sport_files/sport_files/sport_files/sport_files/sport_files/sport_files/sport_files/sport_files/sport_files/sport_files/sport_files/sport_files/sport_files/sport_files/sport_files/sport_files/banners/1787553144555.webp:0
[  259645ms] [ERROR] Failed to load resource: net::ERR_CONNECTION_REFUSED @ http://localhost:5050/sport_files/sport_files/sport_files/sport_files/sport_files/sport_files/sport_files/sport_files/sport_files/sport_files/sport_files/sport_files/sport_files/sport_files/sport_files/sport_files/sport_files/sport_files/banners/1787599619974.webp:0
[  259677ms] [ERROR] Failed to load resource: net::ERR_CONNECTION_REFUSED @ http://localhost:5050/sport_files/sport_files/sport_files/sport_files/sport_files/sport_files/sport_files/sport_files/sport_files/sport_files/sport_files/sport_files/sport_files/sport_files/sport_files/sport_files/sport_files/sport_files/banners/1787599192985.webp:0
[  259692ms] [ERROR] Failed to load resource: net::ERR_CONNECTION_REFUSED @ http://localhost:5050/sport_files/sport_files/sport_files/sport_files/sport_files/sport_files/sport_files/sport_files/sport_files/sport_files/sport_files/sport_files/sport_files/sport_files/sport_files/sport_files/sport_files/sport_files/banners/1787635044676.webp:0
[  259724ms] [ERROR] Failed to load resource: net::ERR_CONNECTION_REFUSED @ http://localhost:5050/sport_files/sport_files/sport_files/sport_files/sport_files/sport_files/sport_files/sport_files/sport_files/sport_files/sport_files/sport_files/sport_files/sport_files/sport_files/sport_files/sport_files/sport_files/sidebanners/1786268892004.png:0
[  261978ms] [ERROR] Failed to load resource: net::ERR_CONNECTION_REFUSED @ http://localhost:5050/sport_files/sport_files/sport_files/sport_files/sport_files/sport_files/sport_files/sport_files/sport_files/sport_files/sport_files/sport_files/sport_files/sport_files/sport_files/sport_files/sport_files/sport_files/sidebanners/1786956798302.png:0
[  262012ms] [ERROR] Failed to load resource: net::ERR_CONNECTION_REFUSED @ http://localhost:5050/sport_files/sport_files/sport_files/sport_files/sport_files/sport_files/sport_files/sport_files/sport_files/sport_files/sport_files/sport_files/sport_files/sport_files/sport_files/sport_files/sport_files/sport_files/sidebanners/1786268932607.png:0
[  262012ms] [ERROR] Failed to load resource: net::ERR_CONNECTION_REFUSED @ http://localhost:5050/sport_files/sport_files/sport_files/sport_files/sport_files/sport_files/sport_files/sport_files/sport_files/sport_files/sport_files/sport_files/sport_files/sport_files/sport_files/sport_files/sport_files/sport_files/sidebanners/1778281410174.jpg:0
[  262044ms] [ERROR] Failed to load resource: net::ERR_CONNECTION_REFUSED @ http://localhost:5050/sport_files/sport_files/sport_files/sport_files/sport_files/sport_files/sport_files/sport_files/sport_files/sport_files/sport_files/sport_files/sport_files/sport_files/sport_files/sport_files/sport_files/sport_files/sidebanners/1786895079723.png:0
[  262052ms] [ERROR] Failed to load resource: net::ERR_CONNECTION_REFUSED @ http://localhost:5050/sport_files/sport_files/sport_files/sport_files/sport_files/sport_files/sport_files/sport_files/sport_files/sport_files/sport_files/sport_files/sport_files/sport_files/sport_files/sport_files/sport_files/sport_files/sidebanners/1786956861063.png:0
[  262081ms] [ERROR] Failed to load resource: net::ERR_CONNECTION_REFUSED @ http://localhost:5050/sport_files/sport_files/sport_files/sport_files/sport_files/sport_files/sport_files/sport_files/sport_files/sport_files/sport_files/sport_files/sport_files/sport_files/sport_files/sport_files/sport_files/sport_files/sidebanners/1786895164801.png:0
[  264330ms] [ERROR] Failed to load resource: net::ERR_CONNECTION_REFUSED @ http://localhost:5050/sport_files/sport_files/sport_files/sport_files/sport_files/sport_files/sport_files/sport_files/sport_files/sport_files/sport_files/sport_files/sport_files/sport_files/sport_files/sport_files/sport_files/sport_files/sidebanners/1786955165631.png:0
[  264361ms] [ERROR] Failed to load resource: net::ERR_CONNECTION_REFUSED @ http://localhost:5050/sport_files/sport_files/sport_files/sport_files/sport_files/sport_files/sport_files/sport_files/sport_files/sport_files/sport_files/sport_files/sport_files/sport_files/sport_files/sport_files/sport_files/sport_files/sidebanners/1784278232340.png:0
[  264361ms] [ERROR] Failed to load resource: net::ERR_CONNECTION_REFUSED @ http://localhost:5050/sport_files/sport_files/sport_files/sport_files/sport_files/sport_files/sport_files/sport_files/sport_files/sport_files/sport_files/sport_files/sport_files/sport_files/sport_files/sport_files/sport_files/sport_files/sidebanners/1786955295865.png:0
[  264393ms] [ERROR] Failed to load resource: net::ERR_CONNECTION_REFUSED @ http://localhost:5050/sport_files/sport_files/sport_files/sport_files/sport_files/sport_files/sport_files/sport_files/sport_files/sport_files/sport_files/sport_files/sport_files/sport_files/sport_files/sport_files/sport_files/sport_files/sidebanners/1778281651447.jpg:0
[  264411ms] [ERROR] Failed to load resource: net::ERR_CONNECTION_REFUSED @ http://localhost:5050/sport_files/sport_files/sport_files/sport_files/sport_files/sport_files/sport_files/sport_files/sport_files/sport_files/sport_files/sport_files/sport_files/sport_files/sport_files/sport_files/sport_files/sport_files/sidebanners/1778281818727.jpg:0
[  264442ms] [ERROR] Failed to load resource: net::ERR_CONNECTION_REFUSED @ http://localhost:5050/sport_files/sport_files/sport_files/sport_files/sport_files/sport_files/sport_files/sport_files/sport_files/sport_files/sport_files/sport_files/sport_files/sport_files/sport_files/sport_files/sport_files/sport_files/sidebanners/1786954620167.png:0
[  266693ms] [ERROR] Failed to load resource: net::ERR_CONNECTION_REFUSED @ http://localhost:5050/sport_files/sport_files/sport_files/sport_files/sport_files/sport_files/sport_files/sport_files/sport_files/sport_files/sport_files/sport_files/sport_files/sport_files/sport_files/sport_files/sport_files/sport_files/sidebanners/1786954661225.png:0
[  266727ms] [ERROR] Failed to load resource: net::ERR_CONNECTION_REFUSED @ http://localhost:5050/sport_files/sport_files/sport_files/sport_files/sport_files/sport_files/sport_files/sport_files/sport_files/sport_files/sport_files/sport_files/sport_files/sport_files/sport_files/sport_files/sport_files/sport_files/sidebanners/1786954681257.png:0
[  266727ms] [ERROR] Failed to load resource: net::ERR_CONNECTION_REFUSED @ http://localhost:5050/sport_files/sport_files/sport_files/sport_files/sport_files/sport_files/sport_files/sport_files/sport_files/sport_files/sport_files/sport_files/sport_files/sport_files/sport_files/sport_files/sport_files/sport_files/sidebanners/1786956817268.png:0
[  266761ms] [ERROR] Failed to load resource: net::ERR_CONNECTION_REFUSED @ http://localhost:5050/sport_files/sport_files/sport_files/sport_files/sport_files/sport_files/sport_files/sport_files/sport_files/sport_files/sport_files/sport_files/sport_files/sport_files/sport_files/sport_files/sport_files/sport_files/sidebanners/1786956834836.png:0
[  266768ms] [ERROR] Failed to load resource: net::ERR_CONNECTION_REFUSED @ http://localhost:5050/sport_files/sport_files/sport_files/sport_files/sport_files/sport_files/sport_files/sport_files/sport_files/sport_files/sport_files/sport_files/sport_files/sport_files/sport_files/sport_files/sport_files/sport_files/sidebanners/1786956880596.png:0
[  266800ms] [ERROR] Failed to load resource: net::ERR_CONNECTION_REFUSED @ http://localhost:5050/sport_files/sport_files/sport_files/sport_files/sport_files/sport_files/sport_files/sport_files/sport_files/sport_files/sport_files/sport_files/sport_files/sport_files/sport_files/sport_files/sport_files/sport_files/sidebanners/1785664485511.webp:0
[  269043ms] [ERROR] Failed to load resource: net::ERR_CONNECTION_REFUSED @ http://localhost:5050/sport_files/sport_files/sport_files/sport_files/sport_files/sport_files/sport_files/sport_files/sport_files/sport_files/sport_files/sport_files/sport_files/sport_files/sport_files/sport_files/sport_files/sport_files/sidebanners/1786955062370.png:0
[  269084ms] [ERROR] Failed to load resource: net::ERR_CONNECTION_REFUSED @ http://localhost:5050/sport_files/sport_files/sport_files/sport_files/sport_files/sport_files/sport_files/sport_files/sport_files/sport_files/sport_files/sport_files/sport_files/sport_files/sport_files/sport_files/sport_files/sport_files/sport_files/gamecare.png:0
[  269084ms] [ERROR] Failed to load resource: net::ERR_CONNECTION_REFUSED @ http://localhost:5050/sport_files/sport_files/sport_files/sport_files/sport_files/sport_files/sport_files/sport_files/sport_files/sport_files/sport_files/sport_files/sport_files/sport_files/sport_files/sport_files/sport_files/sport_files/sport_files/gt.png:0
[  269099ms] [ERROR] Failed to load resource: net::ERR_CONNECTION_REFUSED @ http://localhost:5050/sport_files/sport_files/sport_files/sport_files/sport_files/sport_files/sport_files/sport_files/sport_files/sport_files/sport_files/sport_files/sport_files/sport_files/sport_files/sport_files/sport_files/sport_files/sport_files/gamble-aware.svg:0
[  269130ms] [ERROR] Failed to load resource: net::ERR_CONNECTION_REFUSED @ http://localhost:5050/sport_files/sport_files/sport_files/sport_files/sport_files/sport_files/sport_files/sport_files/sport_files/sport_files/sport_files/sport_files/sport_files/sport_files/sport_files/sport_files/sport_files/sport_files/sport_files/game-stop.png:0
[  269145ms] [ERROR] Failed to load resource: net::ERR_CONNECTION_REFUSED @ http://localhost:5050/sport_files/sport_files/sport_files/sport_files/sport_files/sport_files/sport_files/sport_files/sport_files/sport_files/sport_files/sport_files/sport_files/sport_files/sport_files/sport_files/sport_files/sport_files/sport_files/1786268892004.png:0
[  271400ms] [ERROR] Failed to load resource: net::ERR_CONNECTION_REFUSED @ http://localhost:5050/sport_files/sport_files/sport_files/sport_files/sport_files/sport_files/sport_files/sport_files/sport_files/sport_files/sport_files/sport_files/sport_files/sport_files/sport_files/sport_files/sport_files/sport_files/sport_files/1786956798302.png:0
[  271446ms] [ERROR] Failed to load resource: net::ERR_CONNECTION_REFUSED @ http://localhost:5050/sport_files/sport_files/sport_files/sport_files/sport_files/sport_files/sport_files/sport_files/sport_files/sport_files/sport_files/sport_files/sport_files/sport_files/sport_files/sport_files/sport_files/sport_files/sport_files/1786268932607.png:0
[  271446ms] [ERROR] Failed to load resource: net::ERR_CONNECTION_REFUSED @ http://localhost:5050/sport_files/sport_files/sport_files/sport_files/sport_files/sport_files/sport_files/sport_files/sport_files/sport_files/sport_files/sport_files/sport_files/sport_files/sport_files/sport_files/sport_files/sport_files/sport_files/1778281410174.jpg:0
[  271466ms] [ERROR] Failed to load resource: net::ERR_CONNECTION_REFUSED @ http://localhost:5050/sport_files/sport_files/sport_files/sport_files/sport_files/sport_files/sport_files/sport_files/sport_files/sport_files/sport_files/sport_files/sport_files/sport_files/sport_files/sport_files/sport_files/sport_files/sport_files/1786895079723.png:0
[  271493ms] [ERROR] Failed to load resource: net::ERR_CONNECTION_REFUSED @ http://localhost:5050/sport_files/sport_files/sport_files/sport_files/sport_files/sport_files/sport_files/sport_files/sport_files/sport_files/sport_files/sport_files/sport_files/sport_files/sport_files/sport_files/sport_files/sport_files/sport_files/1786956861063.png:0
[  271515ms] [ERROR] Failed to load resource: net::ERR_CONNECTION_REFUSED @ http://localhost:5050/sport_files/sport_files/sport_files/sport_files/sport_files/sport_files/sport_files/sport_files/sport_files/sport_files/sport_files/sport_files/sport_files/sport_files/sport_files/sport_files/sport_files/sport_files/sport_files/1786895164801.png:0
[  273761ms] [ERROR] Failed to load resource: net::ERR_CONNECTION_REFUSED @ http://localhost:5050/sport_files/sport_files/sport_files/sport_files/sport_files/sport_files/sport_files/sport_files/sport_files/sport_files/sport_files/sport_files/sport_files/sport_files/sport_files/sport_files/sport_files/sport_files/sport_files/1786955165631.png:0
[  273811ms] [ERROR] Failed to load resource: net::ERR_CONNECTION_REFUSED @ http://localhost:5050/sport_files/sport_files/sport_files/sport_files/sport_files/sport_files/sport_files/sport_files/sport_files/sport_files/sport_files/sport_files/sport_files/sport_files/sport_files/sport_files/sport_files/sport_files/sport_files/1784278232340.png:0
[  273811ms] [ERROR] Failed to load resource: net::ERR_CONNECTION_REFUSED @ http://localhost:5050/sport_files/sport_files/sport_files/sport_files/sport_files/sport_files/sport_files/sport_files/sport_files/sport_files/sport_files/sport_files/sport_files/sport_files/sport_files/sport_files/sport_files/sport_files/sport_files/1786955295865.png:0
[  273833ms] [ERROR] Failed to load resource: net::ERR_CONNECTION_REFUSED @ http://localhost:5050/sport_files/sport_files/sport_files/sport_files/sport_files/sport_files/sport_files/sport_files/sport_files/sport_files/sport_files/sport_files/sport_files/sport_files/sport_files/sport_files/sport_files/sport_files/sport_files/1778281651447.jpg:0
[  273860ms] [ERROR] Failed to load resource: net::ERR_CONNECTION_REFUSED @ http://localhost:5050/sport_files/sport_files/sport_files/sport_files/sport_files/sport_files/sport_files/sport_files/sport_files/sport_files/sport_files/sport_files/sport_files/sport_files/sport_files/sport_files/sport_files/sport_files/sport_files/1778281818727.jpg:0
[  273868ms] [ERROR] Failed to load resource: net::ERR_CONNECTION_REFUSED @ http://localhost:5050/sport_files/sport_files/sport_files/sport_files/sport_files/sport_files/sport_files/sport_files/sport_files/sport_files/sport_files/sport_files/sport_files/sport_files/sport_files/sport_files/sport_files/sport_files/sport_files/1786954620167.png:0
[  276127ms] [ERROR] Failed to load resource: net::ERR_CONNECTION_REFUSED @ http://localhost:5050/sport_files/sport_files/sport_files/sport_files/sport_files/sport_files/sport_files/sport_files/sport_files/sport_files/sport_files/sport_files/sport_files/sport_files/sport_files/sport_files/sport_files/sport_files/sport_files/1785664485511.webp:0
[  276167ms] [ERROR] Failed to load resource: net::ERR_CONNECTION_REFUSED @ http://localhost:5050/sport_files/sport_files/sport_files/sport_files/sport_files/sport_files/sport_files/sport_files/sport_files/sport_files/sport_files/sport_files/sport_files/sport_files/sport_files/sport_files/sport_files/sport_files/sport_files/1786954661225.png:0
[  276167ms] [ERROR] Failed to load resource: net::ERR_CONNECTION_REFUSED @ http://localhost:5050/sport_files/sport_files/sport_files/sport_files/sport_files/sport_files/sport_files/sport_files/sport_files/sport_files/sport_files/sport_files/sport_files/sport_files/sport_files/sport_files/sport_files/sport_files/sport_files/1786954681257.png:0
[  276183ms] [ERROR] Failed to load resource: net::ERR_CONNECTION_REFUSED @ http://localhost:5050/sport_files/sport_files/sport_files/sport_files/sport_files/sport_files/sport_files/sport_files/sport_files/sport_files/sport_files/sport_files/sport_files/sport_files/sport_files/sport_files/sport_files/sport_files/sport_files/1786955062370.png:0
[  276214ms] [ERROR] Failed to load resource: net::ERR_CONNECTION_REFUSED @ http://localhost:5050/sport_files/sport_files/sport_files/sport_files/sport_files/sport_files/sport_files/sport_files/sport_files/sport_files/sport_files/sport_files/sport_files/sport_files/sport_files/sport_files/sport_files/sport_files/sport_files/1786956817268.png:0
[  276231ms] [ERROR] Failed to load resource: net::ERR_CONNECTION_REFUSED @ http://localhost:5050/sport_files/sport_files/sport_files/sport_files/sport_files/sport_files/sport_files/sport_files/sport_files/sport_files/sport_files/sport_files/sport_files/sport_files/sport_files/sport_files/sport_files/sport_files/sport_files/1786956834836.png:0
[  278482ms] [ERROR] Failed to load resource: net::ERR_CONNECTION_REFUSED @ http://localhost:5050/sport_files/sport_files/sport_files/sport_files/sport_files/sport_files/sport_files/sport_files/sport_files/sport_files/sport_files/sport_files/sport_files/sport_files/sport_files/sport_files/sport_files/sport_files/sport_files/1786956880596.png:0
[  278529ms] [ERROR] Failed to load resource: net::ERR_CONNECTION_REFUSED @ http://localhost:5050/sport_files/sport_files/sport_files/sport_files/sport_files/sport_files/sport_files/sport_files/sport_files/sport_files/sport_files/sport_files/sport_files/sport_files/sport_files/sport_files/sport_files/sport_files/sport_files/logo.png:0
[  278529ms] [ERROR] Failed to load resource: net::ERR_CONNECTION_REFUSED @ http://localhost:5050/sport_files/sport_files/sport_files/sport_files/sport_files/sport_files/sport_files/sport_files/sport_files/sport_files/sport_files/sport_files/sport_files/sport_files/sport_files/sport_files/sport_files/sport_files/sport_files/search.svg:0
[  278563ms] [ERROR] Failed to load resource: net::ERR_CONNECTION_REFUSED @ http://localhost:5050/sport_files/sport_files/sport_files/sport_files/sport_files/sport_files/sport_files/sport_files/sport_files/sport_files/sport_files/sport_files/sport_files/sport_files/sport_files/sport_files/sport_files/sport_files/sport_files/banners/1787598384490.webp:0
[  278578ms] [ERROR] Failed to load resource: net::ERR_CONNECTION_REFUSED @ http://localhost:5050/sport_files/sport_files/sport_files/sport_files/sport_files/sport_files/sport_files/sport_files/sport_files/sport_files/sport_files/sport_files/sport_files/sport_files/sport_files/sport_files/sport_files/sport_files/sport_files/banners/1787628463829.webp:0
[  278596ms] [ERROR] Failed to load resource: net::ERR_CONNECTION_REFUSED @ http://localhost:5050/sport_files/sport_files/sport_files/sport_files/sport_files/sport_files/sport_files/sport_files/sport_files/sport_files/sport_files/sport_files/sport_files/sport_files/sport_files/sport_files/sport_files/sport_files/sport_files/banners/1787598250897.webp:0
[  280849ms] [ERROR] Failed to load resource: net::ERR_CONNECTION_REFUSED @ http://localhost:5050/sport_files/sport_files/sport_files/sport_files/sport_files/sport_files/sport_files/sport_files/sport_files/sport_files/sport_files/sport_files/sport_files/sport_files/sport_files/sport_files/sport_files/sport_files/sport_files/banners/1787428510867.webp:0
[  280879ms] [ERROR] Failed to load resource: net::ERR_CONNECTION_REFUSED @ http://localhost:5050/sport_files/sport_files/sport_files/sport_files/sport_files/sport_files/sport_files/sport_files/sport_files/sport_files/sport_files/sport_files/sport_files/sport_files/sport_files/sport_files/sport_files/sport_files/sport_files/banners/1787513921448.webp:0
[  280880ms] [ERROR] Failed to load resource: net::ERR_CONNECTION_REFUSED @ http://localhost:5050/sport_files/sport_files/sport_files/sport_files/sport_files/sport_files/sport_files/sport_files/sport_files/sport_files/sport_files/sport_files/sport_files/sport_files/sport_files/sport_files/sport_files/sport_files/sport_files/banners/1787553144555.webp:0
[  280880ms] [ERROR] Failed to load resource: net::ERR_CONNECTION_REFUSED @ http://localhost:5050/sport_files/sport_files/sport_files/sport_files/sport_files/sport_files/sport_files/sport_files/sport_files/sport_files/sport_files/sport_files/sport_files/sport_files/sport_files/sport_files/sport_files/sport_files/sport_files/banners/1787599619974.webp:0
[  280927ms] [ERROR] Failed to load resource: net::ERR_CONNECTION_REFUSED @ http://localhost:5050/sport_files/sport_files/sport_files/sport_files/sport_files/sport_files/sport_files/sport_files/sport_files/sport_files/sport_files/sport_files/sport_files/sport_files/sport_files/sport_files/sport_files/sport_files/sport_files/banners/1787599192985.webp:0
[  280942ms] [ERROR] Failed to load resource: net::ERR_CONNECTION_REFUSED @ http://localhost:5050/sport_files/sport_files/sport_files/sport_files/sport_files/sport_files/sport_files/sport_files/sport_files/sport_files/sport_files/sport_files/sport_files/sport_files/sport_files/sport_files/sport_files/sport_files/sport_files/banners/1787635044676.webp:0
[  283208ms] [ERROR] Failed to load resource: net::ERR_CONNECTION_REFUSED @ http://localhost:5050/sport_files/sport_files/sport_files/sport_files/sport_files/sport_files/sport_files/sport_files/sport_files/sport_files/sport_files/sport_files/sport_files/sport_files/sport_files/sport_files/sport_files/sport_files/sport_files/sidebanners/1786268892004.png:0
[  283242ms] [ERROR] Failed to load resource: net::ERR_CONNECTION_REFUSED @ http://localhost:5050/sport_files/sport_files/sport_files/sport_files/sport_files/sport_files/sport_files/sport_files/sport_files/sport_files/sport_files/sport_files/sport_files/sport_files/sport_files/sport_files/sport_files/sport_files/sport_files/sidebanners/1786956798302.png:0
[  283242ms] [ERROR] Failed to load resource: net::ERR_CONNECTION_REFUSED @ http://localhost:5050/sport_files/sport_files/sport_files/sport_files/sport_files/sport_files/sport_files/sport_files/sport_files/sport_files/sport_files/sport_files/sport_files/sport_files/sport_files/sport_files/sport_files/sport_files/sport_files/sidebanners/1786268932607.png:0
[  283242ms] [ERROR] Failed to load resource: net::ERR_CONNECTION_REFUSED @ http://localhost:5050/sport_files/sport_files/sport_files/sport_files/sport_files/sport_files/sport_files/sport_files/sport_files/sport_files/sport_files/sport_files/sport_files/sport_files/sport_files/sport_files/sport_files/sport_files/sport_files/sidebanners/1778281410174.jpg:0
[  283285ms] [ERROR] Failed to load resource: net::ERR_CONNECTION_REFUSED @ http://localhost:5050/sport_files/sport_files/sport_files/sport_files/sport_files/sport_files/sport_files/sport_files/sport_files/sport_files/sport_files/sport_files/sport_files/sport_files/sport_files/sport_files/sport_files/sport_files/sport_files/sidebanners/1786895079723.png:0
[  283300ms] [ERROR] Failed to load resource: net::ERR_CONNECTION_REFUSED @ http://localhost:5050/sport_files/sport_files/sport_files/sport_files/sport_files/sport_files/sport_files/sport_files/sport_files/sport_files/sport_files/sport_files/sport_files/sport_files/sport_files/sport_files/sport_files/sport_files/sport_files/sidebanners/1786956861063.png:0
[  285561ms] [ERROR] Failed to load resource: net::ERR_CONNECTION_REFUSED @ http://localhost:5050/sport_files/sport_files/sport_files/sport_files/sport_files/sport_files/sport_files/sport_files/sport_files/sport_files/sport_files/sport_files/sport_files/sport_files/sport_files/sport_files/sport_files/sport_files/sport_files/sidebanners/1786895164801.png:0
[  285593ms] [ERROR] Failed to load resource: net::ERR_CONNECTION_REFUSED @ http://localhost:5050/sport_files/sport_files/sport_files/sport_files/sport_files/sport_files/sport_files/sport_files/sport_files/sport_files/sport_files/sport_files/sport_files/sport_files/sport_files/sport_files/sport_files/sport_files/sport_files/sidebanners/1786955165631.png:0
[  285593ms] [ERROR] Failed to load resource: net::ERR_CONNECTION_REFUSED @ http://localhost:5050/sport_files/sport_files/sport_files/sport_files/sport_files/sport_files/sport_files/sport_files/sport_files/sport_files/sport_files/sport_files/sport_files/sport_files/sport_files/sport_files/sport_files/sport_files/sport_files/sidebanners/1784278232340.png:0
[  285593ms] [ERROR] Failed to load resource: net::ERR_CONNECTION_REFUSED @ http://localhost:5050/sport_files/sport_files/sport_files/sport_files/sport_files/sport_files/sport_files/sport_files/sport_files/sport_files/sport_files/sport_files/sport_files/sport_files/sport_files/sport_files/sport_files/sport_files/sport_files/sidebanners/1786955295865.png:0
[  285643ms] [ERROR] Failed to load resource: net::ERR_CONNECTION_REFUSED @ http://localhost:5050/sport_files/sport_files/sport_files/sport_files/sport_files/sport_files/sport_files/sport_files/sport_files/sport_files/sport_files/sport_files/sport_files/sport_files/sport_files/sport_files/sport_files/sport_files/sport_files/sidebanners/1778281651447.jpg:0
[  285660ms] [ERROR] Failed to load resource: net::ERR_CONNECTION_REFUSED @ http://localhost:5050/sport_files/sport_files/sport_files/sport_files/sport_files/sport_files/sport_files/sport_files/sport_files/sport_files/sport_files/sport_files/sport_files/sport_files/sport_files/sport_files/sport_files/sport_files/sport_files/sidebanners/1778281818727.jpg:0
[  287926ms] [ERROR] Failed to load resource: net::ERR_CONNECTION_REFUSED @ http://localhost:5050/sport_files/sport_files/sport_files/sport_files/sport_files/sport_files/sport_files/sport_files/sport_files/sport_files/sport_files/sport_files/sport_files/sport_files/sport_files/sport_files/sport_files/sport_files/sport_files/sidebanners/1786954620167.png:0
[  287959ms] [ERROR] Failed to load resource: net::ERR_CONNECTION_REFUSED @ http://localhost:5050/sport_files/sport_files/sport_files/sport_files/sport_files/sport_files/sport_files/sport_files/sport_files/sport_files/sport_files/sport_files/sport_files/sport_files/sport_files/sport_files/sport_files/sport_files/sport_files/sidebanners/1786954661225.png:0
[  287959ms] [ERROR] Failed to load resource: net::ERR_CONNECTION_REFUSED @ http://localhost:5050/sport_files/sport_files/sport_files/sport_files/sport_files/sport_files/sport_files/sport_files/sport_files/sport_files/sport_files/sport_files/sport_files/sport_files/sport_files/sport_files/sport_files/sport_files/sport_files/sidebanners/1786954681257.png:0
[  287959ms] [ERROR] Failed to load resource: net::ERR_CONNECTION_REFUSED @ http://localhost:5050/sport_files/sport_files/sport_files/sport_files/sport_files/sport_files/sport_files/sport_files/sport_files/sport_files/sport_files/sport_files/sport_files/sport_files/sport_files/sport_files/sport_files/sport_files/sport_files/sidebanners/1786956817268.png:0
[  288000ms] [ERROR] Failed to load resource: net::ERR_CONNECTION_REFUSED @ http://localhost:5050/sport_files/sport_files/sport_files/sport_files/sport_files/sport_files/sport_files/sport_files/sport_files/sport_files/sport_files/sport_files/sport_files/sport_files/sport_files/sport_files/sport_files/sport_files/sport_files/sidebanners/1786956834836.png:0
[  288016ms] [ERROR] Failed to load resource: net::ERR_CONNECTION_REFUSED @ http://localhost:5050/sport_files/sport_files/sport_files/sport_files/sport_files/sport_files/sport_files/sport_files/sport_files/sport_files/sport_files/sport_files/sport_files/sport_files/sport_files/sport_files/sport_files/sport_files/sport_files/sidebanners/1786956880596.png:0
[  290284ms] [ERROR] Failed to load resource: net::ERR_CONNECTION_REFUSED @ http://localhost:5050/sport_files/sport_files/sport_files/sport_files/sport_files/sport_files/sport_files/sport_files/sport_files/sport_files/sport_files/sport_files/sport_files/sport_files/sport_files/sport_files/sport_files/sport_files/sport_files/sidebanners/1785664485511.webp:0
[  290316ms] [ERROR] Failed to load resource: net::ERR_CONNECTION_REFUSED @ http://localhost:5050/sport_files/sport_files/sport_files/sport_files/sport_files/sport_files/sport_files/sport_files/sport_files/sport_files/sport_files/sport_files/sport_files/sport_files/sport_files/sport_files/sport_files/sport_files/sport_files/sidebanners/1786955062370.png:0
[  290356ms] [ERROR] Failed to load resource: net::ERR_CONNECTION_REFUSED @ http://localhost:5050/cdn-cgi/challenge-platform/scripts/jsd/main.js:0
[  290356ms] [ERROR] Failed to load resource: net::ERR_CONNECTION_REFUSED @ http://localhost:5050/cdn-cgi/challenge-platform/scripts/jsd/main.js:0
[  290374ms] [ERROR] Failed to load resource: net::ERR_CONNECTION_REFUSED @ http://localhost:5050/cdn-cgi/challenge-platform/scripts/jsd/main.js:0
[  290379ms] [ERROR] Failed to load resource: net::ERR_CONNECTION_REFUSED @ http://localhost:5050/cdn-cgi/challenge-platform/scripts/jsd/main.js:0
